list_name,list_url,film_title,letterboxd_url,date_scraped
Top 500,https://letterboxd.com/official/list/letterboxds-top-500-films/,Harakiri,https://letterboxd.com/film/harakiri/,2026-05-04
Top 500,https://letterboxd.com/official/list/letterboxds-top-500-films/,The Human Condition III: A Soldier's Prayer,https://letterboxd.com/film/the-human-condition-iii-a-soldiers-prayer/,2026-05-04
Top 500,https://letterboxd.com/official/list/letterboxds-top-500-films/,12 Angry Men,https://letterboxd.com/film/12-angry-men/,2026-05-04
Top 500,https://letterboxd.com/official/list/letterboxds-top-500-films/,Come and See,https://letterboxd.com/film/come-and-see/,2026-05-04
Top 500,https://letterboxd.com/official/list/letterboxds-top-500-films/,Seven Samurai,https://letterboxd.com/film/seven-samurai/,2026-05-04
Top 500,https://letterboxd.com/official/list/letterboxds-top-500-films/,High and Low,https://letterboxd.com/film/high-and-low/,2026-05-04
Top 500,https://letterboxd.com/official/list/letterboxds-top-500-films/,The Shawshank Redemption,https://letterboxd.com/film/the-shawshank-redemption/,2026-05-04
Top 500,https://letterboxd.com/official/list/letterboxds-top-500-films/,The Godfather Part II,https://letterboxd.com/film/the-godfather-part-ii/,2026-05-04
Top 500,https://letterboxd.com/official/list/letterboxds-top-500-films/,The Human Condition I: No Greater Love,https://letterboxd.com/film/the-human-condition-i-no-greater-love/,2026-05-04
Top 500,https://letterboxd.com/official/list/letterboxds-top-500-films/,City of God,https://letterboxd.com/film/city-of-god/,2026-05-04
Top 500,https://letterboxd.com/official/list/letterboxds-top-500-films/,The Lord of the Rings: The Return of the King,https://letterboxd.com/film/the-lord-of-the-rings-the-return-of-the-king/,2026-05-04
Top 500,https://letterboxd.com/official/list/letterboxds-top-500-films/,Schindler's List,https://letterboxd.com/film/schindlers-list/,2026-05-04
Top 500,https://letterboxd.com/official/list/letterboxds-top-500-films/,Yi Yi,https://letterboxd.com/film/yi-yi/,2026-05-04
Top 500,https://letterboxd.com/official/list/letterboxds-top-500-films/,Parasite,https://letterboxd.com/film/parasite-2019/,2026-05-04
Top 500,https://letterboxd.com/official/list/letterboxds-top-500-films/,The Godfather,https://letterboxd.com/film/the-godfather/,2026-05-04
Top 500,https://letterboxd.com/official/list/letterboxds-top-500-films/,Ikiru,https://letterboxd.com/film/ikiru/,2026-05-04
Top 500,https://letterboxd.com/official/list/letterboxds-top-500-films/,Ran,https://letterboxd.com/film/ran/,2026-05-04
Top 500,https://letterboxd.com/official/list/letterboxds-top-500-films/,Cinema Paradiso,https://letterboxd.com/film/cinema-paradiso/,2026-05-04
Top 500,https://letterboxd.com/official/list/letterboxds-top-500-films/,Le Trou,https://letterboxd.com/film/le-trou/,2026-05-04
Top 500,https://letterboxd.com/official/list/letterboxds-top-500-films/,"The Good, the Bad and the Ugly",https://letterboxd.com/film/the-good-the-bad-and-the-ugly/,2026-05-04
Top 500,https://letterboxd.com/official/list/letterboxds-top-500-films/,La Haine,https://letterboxd.com/film/la-haine/,2026-05-04
Top 500,https://letterboxd.com/official/list/letterboxds-top-500-films/,A Brighter Summer Day,https://letterboxd.com/film/a-brighter-summer-day/,2026-05-04
Top 500,https://letterboxd.com/official/list/letterboxds-top-500-films/,Autumn Sonata,https://letterboxd.com/film/autumn-sonata/,2026-05-04
Top 500,https://letterboxd.com/official/list/letterboxds-top-500-films/,The Dark Knight,https://letterboxd.com/film/the-dark-knight/,2026-05-04
Top 500,https://letterboxd.com/official/list/letterboxds-top-500-films/,The Human Condition II: Road to Eternity,https://letterboxd.com/film/the-human-condition-ii-road-to-eternity/,2026-05-04
Top 500,https://letterboxd.com/official/list/letterboxds-top-500-films/,Grave of the Fireflies,https://letterboxd.com/film/grave-of-the-fireflies/,2026-05-04
Top 500,https://letterboxd.com/official/list/letterboxds-top-500-films/,Neon Genesis Evangelion: The End of Evangelion,https://letterboxd.com/film/neon-genesis-evangelion-the-end-of-evangelion/,2026-05-04
Top 500,https://letterboxd.com/official/list/letterboxds-top-500-films/,Woman in the Dunes,https://letterboxd.com/film/woman-in-the-dunes/,2026-05-04
Top 500,https://letterboxd.com/official/list/letterboxds-top-500-films/,There Will Be Blood,https://letterboxd.com/film/there-will-be-blood/,2026-05-04
Top 500,https://letterboxd.com/official/list/letterboxds-top-500-films/,The Battle of Algiers,https://letterboxd.com/film/the-battle-of-algiers/,2026-05-04
Top 500,https://letterboxd.com/official/list/letterboxds-top-500-films/,GoodFellas,https://letterboxd.com/film/goodfellas/,2026-05-04
Top 500,https://letterboxd.com/official/list/letterboxds-top-500-films/,The Cranes Are Flying,https://letterboxd.com/film/the-cranes-are-flying/,2026-05-04
Top 500,https://letterboxd.com/official/list/letterboxds-top-500-films/,I Am Cuba,https://letterboxd.com/film/i-am-cuba/,2026-05-04
Top 500,https://letterboxd.com/official/list/letterboxds-top-500-films/,Paths of Glory,https://letterboxd.com/film/paths-of-glory/,2026-05-04
Top 500,https://letterboxd.com/official/list/letterboxds-top-500-films/,Interstellar,https://letterboxd.com/film/interstellar/,2026-05-04
Top 500,https://letterboxd.com/official/list/letterboxds-top-500-films/,Incendies,https://letterboxd.com/film/incendies/,2026-05-04
Top 500,https://letterboxd.com/official/list/letterboxds-top-500-films/,Spirited Away,https://letterboxd.com/film/spirited-away/,2026-05-04
Top 500,https://letterboxd.com/official/list/letterboxds-top-500-films/,Andrei Rublev,https://letterboxd.com/film/andrei-rublev/,2026-05-04
Top 500,https://letterboxd.com/official/list/letterboxds-top-500-films/,It's a Wonderful Life,https://letterboxd.com/film/its-a-wonderful-life/,2026-05-04
Top 500,https://letterboxd.com/official/list/letterboxds-top-500-films/,Apocalypse Now,https://letterboxd.com/film/apocalypse-now/,2026-05-04
Top 500,https://letterboxd.com/official/list/letterboxds-top-500-films/,The Ascent,https://letterboxd.com/film/the-ascent/,2026-05-04
Top 500,https://letterboxd.com/official/list/letterboxds-top-500-films/,The Apartment,https://letterboxd.com/film/the-apartment/,2026-05-04
Top 500,https://letterboxd.com/official/list/letterboxds-top-500-films/,Sunset Boulevard,https://letterboxd.com/film/sunset-boulevard/,2026-05-04
Top 500,https://letterboxd.com/official/list/letterboxds-top-500-films/,Tokyo Story,https://letterboxd.com/film/tokyo-story/,2026-05-04
Top 500,https://letterboxd.com/official/list/letterboxds-top-500-films/,The Lord of the Rings: The Two Towers,https://letterboxd.com/film/the-lord-of-the-rings-the-two-towers/,2026-05-04
Top 500,https://letterboxd.com/official/list/letterboxds-top-500-films/,Sansho the Bailiff,https://letterboxd.com/film/sansho-the-bailiff/,2026-05-04
Top 500,https://letterboxd.com/official/list/letterboxds-top-500-films/,The Passion of Joan of Arc,https://letterboxd.com/film/the-passion-of-joan-of-arc/,2026-05-04
Top 500,https://letterboxd.com/official/list/letterboxds-top-500-films/,Whiplash,https://letterboxd.com/film/whiplash-2014/,2026-05-04
Top 500,https://letterboxd.com/official/list/letterboxds-top-500-films/,Fanny and Alexander,https://letterboxd.com/film/fanny-and-alexander/,2026-05-04
Top 500,https://letterboxd.com/official/list/letterboxds-top-500-films/,Portrait of a Lady on Fire,https://letterboxd.com/film/portrait-of-a-lady-on-fire/,2026-05-04
Top 500,https://letterboxd.com/official/list/letterboxds-top-500-films/,Mishima: A Life in Four Chapters,https://letterboxd.com/film/mishima-a-life-in-four-chapters/,2026-05-04
Top 500,https://letterboxd.com/official/list/letterboxds-top-500-films/,Memories of Murder,https://letterboxd.com/film/memories-of-murder/,2026-05-04
Top 500,https://letterboxd.com/official/list/letterboxds-top-500-films/,Close-Up,https://letterboxd.com/film/close-up/,2026-05-04
Top 500,https://letterboxd.com/official/list/letterboxds-top-500-films/,Red Beard,https://letterboxd.com/film/red-beard/,2026-05-04
Top 500,https://letterboxd.com/official/list/letterboxds-top-500-films/,Life Is Beautiful,https://letterboxd.com/film/life-is-beautiful/,2026-05-04
Top 500,https://letterboxd.com/official/list/letterboxds-top-500-films/,The Red Shoes,https://letterboxd.com/film/the-red-shoes/,2026-05-04
Top 500,https://letterboxd.com/official/list/letterboxds-top-500-films/,Nobody Knows,https://letterboxd.com/film/nobody-knows/,2026-05-04
Top 500,https://letterboxd.com/official/list/letterboxds-top-500-films/,Witness for the Prosecution,https://letterboxd.com/film/witness-for-the-prosecution-1957/,2026-05-04
Top 500,https://letterboxd.com/official/list/letterboxds-top-500-films/,Barry Lyndon,https://letterboxd.com/film/barry-lyndon/,2026-05-04
Top 500,https://letterboxd.com/official/list/letterboxds-top-500-films/,The Pianist,https://letterboxd.com/film/the-pianist/,2026-05-04
Top 500,https://letterboxd.com/official/list/letterboxds-top-500-films/,Nights of Cabiria,https://letterboxd.com/film/nights-of-cabiria/,2026-05-04
Top 500,https://letterboxd.com/official/list/letterboxds-top-500-films/,Lawrence of Arabia,https://letterboxd.com/film/lawrence-of-arabia/,2026-05-04
Top 500,https://letterboxd.com/official/list/letterboxds-top-500-films/,Spider-Man: Across the Spider-Verse,https://letterboxd.com/film/spider-man-across-the-spider-verse/,2026-05-04
Top 500,https://letterboxd.com/official/list/letterboxds-top-500-films/,Farewell My Concubine,https://letterboxd.com/film/farewell-my-concubine/,2026-05-04
Top 500,https://letterboxd.com/official/list/letterboxds-top-500-films/,The Empire Strikes Back,https://letterboxd.com/film/the-empire-strikes-back/,2026-05-04
Top 500,https://letterboxd.com/official/list/letterboxds-top-500-films/,Eternity and a Day,https://letterboxd.com/film/eternity-and-a-day/,2026-05-04
Top 500,https://letterboxd.com/official/list/letterboxds-top-500-films/,Stalker,https://letterboxd.com/film/stalker/,2026-05-04
Top 500,https://letterboxd.com/official/list/letterboxds-top-500-films/,A Woman Under the Influence,https://letterboxd.com/film/a-woman-under-the-influence/,2026-05-04
Top 500,https://letterboxd.com/official/list/letterboxds-top-500-films/,Do the Right Thing,https://letterboxd.com/film/do-the-right-thing/,2026-05-04
Top 500,https://letterboxd.com/official/list/letterboxds-top-500-films/,Spider-Man: Into the Spider-Verse,https://letterboxd.com/film/spider-man-into-the-spider-verse/,2026-05-04
Top 500,https://letterboxd.com/official/list/letterboxds-top-500-films/,Princess Mononoke,https://letterboxd.com/film/princess-mononoke/,2026-05-04
Top 500,https://letterboxd.com/official/list/letterboxds-top-500-films/,Satantango,https://letterboxd.com/film/satantango/,2026-05-04
Top 500,https://letterboxd.com/official/list/letterboxds-top-500-films/,The Handmaiden,https://letterboxd.com/film/the-handmaiden/,2026-05-04
Top 500,https://letterboxd.com/official/list/letterboxds-top-500-films/,Love Exposure,https://letterboxd.com/film/love-exposure/,2026-05-04
Top 500,https://letterboxd.com/official/list/letterboxds-top-500-films/,The Voice of Hind Rajab,https://letterboxd.com/film/the-voice-of-hind-rajab/,2026-05-04
Top 500,https://letterboxd.com/official/list/letterboxds-top-500-films/,The Lord of the Rings: The Fellowship of the Ring,https://letterboxd.com/film/the-lord-of-the-rings-the-fellowship-of-the-ring/,2026-05-04
Top 500,https://letterboxd.com/official/list/letterboxds-top-500-films/,Once Upon a Time in the West,https://letterboxd.com/film/once-upon-a-time-in-the-west/,2026-05-04
Top 500,https://letterboxd.com/official/list/letterboxds-top-500-films/,Paper Moon,https://letterboxd.com/film/paper-moon/,2026-05-04
Top 500,https://letterboxd.com/official/list/letterboxds-top-500-films/,Swing Girls,https://letterboxd.com/film/swing-girls/,2026-05-04
Top 500,https://letterboxd.com/official/list/letterboxds-top-500-films/,Persona,https://letterboxd.com/film/persona/,2026-05-04
Top 500,https://letterboxd.com/official/list/letterboxds-top-500-films/,An Elephant Sitting Still,https://letterboxd.com/film/an-elephant-sitting-still/,2026-05-04
Top 500,https://letterboxd.com/official/list/letterboxds-top-500-films/,Scenes from a Marriage,https://letterboxd.com/film/scenes-from-a-marriage/,2026-05-04
Top 500,https://letterboxd.com/official/list/letterboxds-top-500-films/,Perfect Blue,https://letterboxd.com/film/perfect-blue/,2026-05-04
Top 500,https://letterboxd.com/official/list/letterboxds-top-500-films/,Good Will Hunting,https://letterboxd.com/film/good-will-hunting/,2026-05-04
Top 500,https://letterboxd.com/official/list/letterboxds-top-500-films/,Dune: Part Two,https://letterboxd.com/film/dune-part-two/,2026-05-04
Top 500,https://letterboxd.com/official/list/letterboxds-top-500-films/,In the Mood for Love,https://letterboxd.com/film/in-the-mood-for-love/,2026-05-04
Top 500,https://letterboxd.com/official/list/letterboxds-top-500-films/,Where Is the Friend's House?,https://letterboxd.com/film/where-is-the-friends-house/,2026-05-04
Top 500,https://letterboxd.com/official/list/letterboxds-top-500-films/,A Separation,https://letterboxd.com/film/a-separation/,2026-05-04
Top 500,https://letterboxd.com/official/list/letterboxds-top-500-films/,Sherlock Jr.,https://letterboxd.com/film/sherlock-jr/,2026-05-04
Top 500,https://letterboxd.com/official/list/letterboxds-top-500-films/,Se7en,https://letterboxd.com/film/se7en/,2026-05-04
Top 500,https://letterboxd.com/official/list/letterboxds-top-500-films/,Apur Sansar,https://letterboxd.com/film/apur-sansar/,2026-05-04
Top 500,https://letterboxd.com/official/list/letterboxds-top-500-films/,"Paris, Texas",https://letterboxd.com/film/paris-texas/,2026-05-04
Top 500,https://letterboxd.com/official/list/letterboxds-top-500-films/,One Flew Over the Cuckoo's Nest,https://letterboxd.com/film/one-flew-over-the-cuckoos-nest/,2026-05-04
Top 500,https://letterboxd.com/official/list/letterboxds-top-500-films/,Z,https://letterboxd.com/film/z/,2026-05-04
Top 500,https://letterboxd.com/official/list/letterboxds-top-500-films/,Oldboy,https://letterboxd.com/film/oldboy/,2026-05-04
Top 500,https://letterboxd.com/official/list/letterboxds-top-500-films/,Rear Window,https://letterboxd.com/film/rear-window/,2026-05-04
Top 500,https://letterboxd.com/official/list/letterboxds-top-500-films/,Landscape in the Mist,https://letterboxd.com/film/landscape-in-the-mist/,2026-05-04
Top 500,https://letterboxd.com/official/list/letterboxds-top-500-films/,Inglourious Basterds,https://letterboxd.com/film/inglourious-basterds/,2026-05-04
Top 500,https://letterboxd.com/official/list/letterboxds-top-500-films/,All About Eve,https://letterboxd.com/film/all-about-eve/,2026-05-04
Top 500,https://letterboxd.com/official/list/letterboxds-top-500-films/,Army of Shadows,https://letterboxd.com/film/army-of-shadows/,2026-05-04
Top 500,https://letterboxd.com/official/list/letterboxds-top-500-films/,It's Such a Beautiful Day,https://letterboxd.com/film/its-such-a-beautiful-day/,2026-05-04
Top 500,https://letterboxd.com/official/list/letterboxds-top-500-films/,The Wages of Fear,https://letterboxd.com/film/the-wages-of-fear/,2026-05-04
Top 500,https://letterboxd.com/official/list/letterboxds-top-500-films/,Judgment at Nuremberg,https://letterboxd.com/film/judgment-at-nuremberg/,2026-05-04
Top 500,https://letterboxd.com/official/list/letterboxds-top-500-films/,Howl's Moving Castle,https://letterboxd.com/film/howls-moving-castle/,2026-05-04
Top 500,https://letterboxd.com/official/list/letterboxds-top-500-films/,Central Station,https://letterboxd.com/film/central-station/,2026-05-04
Top 500,https://letterboxd.com/official/list/letterboxds-top-500-films/,Amadeus,https://letterboxd.com/film/amadeus/,2026-05-04
Top 500,https://letterboxd.com/official/list/letterboxds-top-500-films/,Chainsaw Man – The Movie: Reze Arc,https://letterboxd.com/film/chainsaw-man-the-movie-reze-arc/,2026-05-04
Top 500,https://letterboxd.com/official/list/letterboxds-top-500-films/,Ordet,https://letterboxd.com/film/ordet/,2026-05-04
Top 500,https://letterboxd.com/official/list/letterboxds-top-500-films/,The Thing,https://letterboxd.com/film/the-thing/,2026-05-04
Top 500,https://letterboxd.com/official/list/letterboxds-top-500-films/,How to Make Millions Before Grandma Dies,https://letterboxd.com/film/how-to-make-millions-before-grandma-dies/,2026-05-04
Top 500,https://letterboxd.com/official/list/letterboxds-top-500-films/,A Man Escaped,https://letterboxd.com/film/a-man-escaped/,2026-05-04
Top 500,https://letterboxd.com/official/list/letterboxds-top-500-films/,Dead Poets Society,https://letterboxd.com/film/dead-poets-society/,2026-05-04
Top 500,https://letterboxd.com/official/list/letterboxds-top-500-films/,Raise the Red Lantern,https://letterboxd.com/film/raise-the-red-lantern/,2026-05-04
Top 500,https://letterboxd.com/official/list/letterboxds-top-500-films/,Singin' in the Rain,https://letterboxd.com/film/singin-in-the-rain/,2026-05-04
Top 500,https://letterboxd.com/official/list/letterboxds-top-500-films/,All That Jazz,https://letterboxd.com/film/all-that-jazz/,2026-05-04
Top 500,https://letterboxd.com/official/list/letterboxds-top-500-films/,Still Walking,https://letterboxd.com/film/still-walking/,2026-05-04
Top 500,https://letterboxd.com/official/list/letterboxds-top-500-films/,A Special Day,https://letterboxd.com/film/a-special-day/,2026-05-04
Top 500,https://letterboxd.com/official/list/letterboxds-top-500-films/,The Departed,https://letterboxd.com/film/the-departed/,2026-05-04
Top 500,https://letterboxd.com/official/list/letterboxds-top-500-films/,I'm Still Here,https://letterboxd.com/film/im-still-here-2024/,2026-05-04
Top 500,https://letterboxd.com/official/list/letterboxds-top-500-films/,The Silence of the Lambs,https://letterboxd.com/film/the-silence-of-the-lambs/,2026-05-04
Top 500,https://letterboxd.com/official/list/letterboxds-top-500-films/,Monster,https://letterboxd.com/film/monster-2023/,2026-05-04
Top 500,https://letterboxd.com/official/list/letterboxds-top-500-films/,Three Colours: Red,https://letterboxd.com/film/three-colours-red/,2026-05-04
Top 500,https://letterboxd.com/official/list/letterboxds-top-500-films/,To Be or Not to Be,https://letterboxd.com/film/to-be-or-not-to-be/,2026-05-04
Top 500,https://letterboxd.com/official/list/letterboxds-top-500-films/,Late Spring,https://letterboxd.com/film/late-spring/,2026-05-04
Top 500,https://letterboxd.com/official/list/letterboxds-top-500-films/,Django Unchained,https://letterboxd.com/film/django-unchained/,2026-05-04
Top 500,https://letterboxd.com/official/list/letterboxds-top-500-films/,Twin Peaks: Fire Walk with Me,https://letterboxd.com/film/twin-peaks-fire-walk-with-me/,2026-05-04
Top 500,https://letterboxd.com/official/list/letterboxds-top-500-films/,Wild Strawberries,https://letterboxd.com/film/wild-strawberries/,2026-05-04
Top 500,https://letterboxd.com/official/list/letterboxds-top-500-films/,Prisoners,https://letterboxd.com/film/prisoners/,2026-05-04
Top 500,https://letterboxd.com/official/list/letterboxds-top-500-films/,Das Boot,https://letterboxd.com/film/das-boot/,2026-05-04
Top 500,https://letterboxd.com/official/list/letterboxds-top-500-films/,City Lights,https://letterboxd.com/film/city-lights/,2026-05-04
Top 500,https://letterboxd.com/official/list/letterboxds-top-500-films/,Funeral Parade of Roses,https://letterboxd.com/film/funeral-parade-of-roses/,2026-05-04
Top 500,https://letterboxd.com/official/list/letterboxds-top-500-films/,The Great Dictator,https://letterboxd.com/film/the-great-dictator/,2026-05-04
Top 500,https://letterboxd.com/official/list/letterboxds-top-500-films/,The Seventh Seal,https://letterboxd.com/film/the-seventh-seal/,2026-05-04
Top 500,https://letterboxd.com/official/list/letterboxds-top-500-films/,Rocco and His Brothers,https://letterboxd.com/film/rocco-and-his-brothers/,2026-05-04
Top 500,https://letterboxd.com/official/list/letterboxds-top-500-films/,Taste of Cherry,https://letterboxd.com/film/taste-of-cherry/,2026-05-04
Top 500,https://letterboxd.com/official/list/letterboxds-top-500-films/,Pather Panchali,https://letterboxd.com/film/pather-panchali/,2026-05-04
Top 500,https://letterboxd.com/official/list/letterboxds-top-500-films/,Brief Encounter,https://letterboxd.com/film/brief-encounter/,2026-05-04
Top 500,https://letterboxd.com/official/list/letterboxds-top-500-films/,Project Hail Mary,https://letterboxd.com/film/project-hail-mary/,2026-05-04
Top 500,https://letterboxd.com/official/list/letterboxds-top-500-films/,Underground,https://letterboxd.com/film/underground-1995/,2026-05-04
Top 500,https://letterboxd.com/official/list/letterboxds-top-500-films/,The Young Girls of Rochefort,https://letterboxd.com/film/the-young-girls-of-rochefort/,2026-05-04
Top 500,https://letterboxd.com/official/list/letterboxds-top-500-films/,Mirror,https://letterboxd.com/film/mirror/,2026-05-04
Top 500,https://letterboxd.com/official/list/letterboxds-top-500-films/,The Celebration,https://letterboxd.com/film/the-celebration/,2026-05-04
Top 500,https://letterboxd.com/official/list/letterboxds-top-500-films/,Mommy,https://letterboxd.com/film/mommy-2014/,2026-05-04
Top 500,https://letterboxd.com/official/list/letterboxds-top-500-films/,Before Sunset,https://letterboxd.com/film/before-sunset/,2026-05-04
Top 500,https://letterboxd.com/official/list/letterboxds-top-500-films/,Nirvanna the Band the Show the Movie,https://letterboxd.com/film/nirvanna-the-band-the-show-the-movie/,2026-05-04
Top 500,https://letterboxd.com/official/list/letterboxds-top-500-films/,Perfect Days,https://letterboxd.com/film/perfect-days-2023/,2026-05-04
Top 500,https://letterboxd.com/official/list/letterboxds-top-500-films/,Tampopo,https://letterboxd.com/film/tampopo/,2026-05-04
Top 500,https://letterboxd.com/official/list/letterboxds-top-500-films/,No Country for Old Men,https://letterboxd.com/film/no-country-for-old-men/,2026-05-04
Top 500,https://letterboxd.com/official/list/letterboxds-top-500-films/,Psycho,https://letterboxd.com/film/psycho/,2026-05-04
Top 500,https://letterboxd.com/official/list/letterboxds-top-500-films/,Werckmeister Harmonies,https://letterboxd.com/film/werckmeister-harmonies/,2026-05-04
Top 500,https://letterboxd.com/official/list/letterboxds-top-500-films/,Wings of Desire,https://letterboxd.com/film/wings-of-desire/,2026-05-04
Top 500,https://letterboxd.com/official/list/letterboxds-top-500-films/,Dog Day Afternoon,https://letterboxd.com/film/dog-day-afternoon/,2026-05-04
Top 500,https://letterboxd.com/official/list/letterboxds-top-500-films/,Sing Sing,https://letterboxd.com/film/sing-sing-2023/,2026-05-04
Top 500,https://letterboxd.com/official/list/letterboxds-top-500-films/,Heat,https://letterboxd.com/film/heat-1995/,2026-05-04
Top 500,https://letterboxd.com/official/list/letterboxds-top-500-films/,Shoplifters,https://letterboxd.com/film/shoplifters/,2026-05-04
Top 500,https://letterboxd.com/official/list/letterboxds-top-500-films/,Puella Magi Madoka Magica the Movie Part III: Rebellion,https://letterboxd.com/film/puella-magi-madoka-magica-the-movie-part-iii-rebellion/,2026-05-04
Top 500,https://letterboxd.com/official/list/letterboxds-top-500-films/,The 400 Blows,https://letterboxd.com/film/the-400-blows/,2026-05-04
Top 500,https://letterboxd.com/official/list/letterboxds-top-500-films/,Dr. Strangelove or: How I Learned to Stop Worrying and Love the Bomb,https://letterboxd.com/film/dr-strangelove-or-how-i-learned-to-stop-worrying-and-love-the-bomb/,2026-05-04
Top 500,https://letterboxd.com/official/list/letterboxds-top-500-films/,Chinatown,https://letterboxd.com/film/chinatown/,2026-05-04
Top 500,https://letterboxd.com/official/list/letterboxds-top-500-films/,Before Sunrise,https://letterboxd.com/film/before-sunrise/,2026-05-04
Top 500,https://letterboxd.com/official/list/letterboxds-top-500-films/,The Cremator,https://letterboxd.com/film/the-cremator/,2026-05-04
Top 500,https://letterboxd.com/official/list/letterboxds-top-500-films/,The Elephant Man,https://letterboxd.com/film/the-elephant-man/,2026-05-04
Top 500,https://letterboxd.com/official/list/letterboxds-top-500-films/,Children of Men,https://letterboxd.com/film/children-of-men/,2026-05-04
Top 500,https://letterboxd.com/official/list/letterboxds-top-500-films/,Yojimbo,https://letterboxd.com/film/yojimbo/,2026-05-04
Top 500,https://letterboxd.com/official/list/letterboxds-top-500-films/,Dersu Uzala,https://letterboxd.com/film/dersu-uzala/,2026-05-04
Top 500,https://letterboxd.com/official/list/letterboxds-top-500-films/,Fantastic Mr. Fox,https://letterboxd.com/film/fantastic-mr-fox/,2026-05-04
Top 500,https://letterboxd.com/official/list/letterboxds-top-500-films/,Opening Night,https://letterboxd.com/film/opening-night/,2026-05-04
Top 500,https://letterboxd.com/official/list/letterboxds-top-500-films/,The Treasure of the Sierra Madre,https://letterboxd.com/film/the-treasure-of-the-sierra-madre/,2026-05-04
Top 500,https://letterboxd.com/official/list/letterboxds-top-500-films/,Children of Paradise,https://letterboxd.com/film/children-of-paradise/,2026-05-04
Top 500,https://letterboxd.com/official/list/letterboxds-top-500-films/,The Lives of Others,https://letterboxd.com/film/the-lives-of-others/,2026-05-04
Top 500,https://letterboxd.com/official/list/letterboxds-top-500-films/,M,https://letterboxd.com/film/m/,2026-05-04
Top 500,https://letterboxd.com/official/list/letterboxds-top-500-films/,The Sacrifice,https://letterboxd.com/film/the-sacrifice/,2026-05-04
Top 500,https://letterboxd.com/official/list/letterboxds-top-500-films/,The Father,https://letterboxd.com/film/the-father-2020/,2026-05-04
Top 500,https://letterboxd.com/official/list/letterboxds-top-500-films/,Azur & Asmar: The Princes' Quest,https://letterboxd.com/film/azur-asmar-the-princes-quest/,2026-05-04
Top 500,https://letterboxd.com/official/list/letterboxds-top-500-films/,Malcolm X,https://letterboxd.com/film/malcolm-x-1992/,2026-05-04
Top 500,https://letterboxd.com/official/list/letterboxds-top-500-films/,Terminator 2: Judgment Day,https://letterboxd.com/film/terminator-2-judgment-day/,2026-05-04
Top 500,https://letterboxd.com/official/list/letterboxds-top-500-films/,La Notte,https://letterboxd.com/film/la-notte/,2026-05-04
Top 500,https://letterboxd.com/official/list/letterboxds-top-500-films/,Secrets & Lies,https://letterboxd.com/film/secrets-lies/,2026-05-04
Top 500,https://letterboxd.com/official/list/letterboxds-top-500-films/,We All Loved Each Other So Much,https://letterboxd.com/film/we-all-loved-each-other-so-much/,2026-05-04
Top 500,https://letterboxd.com/official/list/letterboxds-top-500-films/,Bicycle Thieves,https://letterboxd.com/film/bicycle-thieves/,2026-05-04
Top 500,https://letterboxd.com/official/list/letterboxds-top-500-films/,Evangelion: 3.0+1.0 Thrice Upon a Time,https://letterboxd.com/film/evangelion-3010-thrice-upon-a-time/,2026-05-04
Top 500,https://letterboxd.com/official/list/letterboxds-top-500-films/,The Man Who Shot Liberty Valance,https://letterboxd.com/film/the-man-who-shot-liberty-valance/,2026-05-04
Top 500,https://letterboxd.com/official/list/letterboxds-top-500-films/,The Hunt,https://letterboxd.com/film/the-hunt-2012/,2026-05-04
Top 500,https://letterboxd.com/official/list/letterboxds-top-500-films/,Nostalgia,https://letterboxd.com/film/nostalgia-1983/,2026-05-04
Top 500,https://letterboxd.com/official/list/letterboxds-top-500-films/,The Green Mile,https://letterboxd.com/film/the-green-mile/,2026-05-04
Top 500,https://letterboxd.com/official/list/letterboxds-top-500-films/,Fail Safe,https://letterboxd.com/film/fail-safe/,2026-05-04
Top 500,https://letterboxd.com/official/list/letterboxds-top-500-films/,The Prestige,https://letterboxd.com/film/the-prestige/,2026-05-04
Top 500,https://letterboxd.com/official/list/letterboxds-top-500-films/,"Life, and Nothing More…",https://letterboxd.com/film/life-and-nothing-more/,2026-05-04
Top 500,https://letterboxd.com/official/list/letterboxds-top-500-films/,Akira,https://letterboxd.com/film/akira/,2026-05-04
Top 500,https://letterboxd.com/official/list/letterboxds-top-500-films/,The Iron Giant,https://letterboxd.com/film/the-iron-giant/,2026-05-04
Top 500,https://letterboxd.com/official/list/letterboxds-top-500-films/,Chungking Express,https://letterboxd.com/film/chungking-express/,2026-05-04
Top 500,https://letterboxd.com/official/list/letterboxds-top-500-films/,Casablanca,https://letterboxd.com/film/casablanca/,2026-05-04
Top 500,https://letterboxd.com/official/list/letterboxds-top-500-films/,Song of the Sea,https://letterboxd.com/film/song-of-the-sea/,2026-05-04
Top 500,https://letterboxd.com/official/list/letterboxds-top-500-films/,Cure,https://letterboxd.com/film/cure/,2026-05-04
Top 500,https://letterboxd.com/official/list/letterboxds-top-500-films/,Ace in the Hole,https://letterboxd.com/film/ace-in-the-hole/,2026-05-04
Top 500,https://letterboxd.com/official/list/letterboxds-top-500-films/,Ritual,https://letterboxd.com/film/ritual-2000/,2026-05-04
Top 500,https://letterboxd.com/official/list/letterboxds-top-500-films/,8½,https://letterboxd.com/film/8-half/,2026-05-04
Top 500,https://letterboxd.com/official/list/letterboxds-top-500-films/,Some Like It Hot,https://letterboxd.com/film/some-like-it-hot/,2026-05-04
Top 500,https://letterboxd.com/official/list/letterboxds-top-500-films/,Look Back,https://letterboxd.com/film/look-back-2024/,2026-05-04
Top 500,https://letterboxd.com/official/list/letterboxds-top-500-films/,Fight Club,https://letterboxd.com/film/fight-club/,2026-05-04
Top 500,https://letterboxd.com/official/list/letterboxds-top-500-films/,Throne of Blood,https://letterboxd.com/film/throne-of-blood/,2026-05-04
Top 500,https://letterboxd.com/official/list/letterboxds-top-500-films/,Interstella 5555: The 5tory of the 5ecret 5tar 5ystem,https://letterboxd.com/film/interstella-5555-the-5tory-of-the-5ecret-5tar-5ystem/,2026-05-04
Top 500,https://letterboxd.com/official/list/letterboxds-top-500-films/,Who's Afraid of Virginia Woolf?,https://letterboxd.com/film/whos-afraid-of-virginia-woolf/,2026-05-04
Top 500,https://letterboxd.com/official/list/letterboxds-top-500-films/,La Dolce Vita,https://letterboxd.com/film/la-dolce-vita/,2026-05-04
Top 500,https://letterboxd.com/official/list/letterboxds-top-500-films/,Sorcerer,https://letterboxd.com/film/sorcerer/,2026-05-04
Top 500,https://letterboxd.com/official/list/letterboxds-top-500-films/,Rififi,https://letterboxd.com/film/rififi/,2026-05-04
Top 500,https://letterboxd.com/official/list/letterboxds-top-500-films/,Mary and Max,https://letterboxd.com/film/mary-and-max/,2026-05-04
Top 500,https://letterboxd.com/official/list/letterboxds-top-500-films/,"Jeanne Dielman, 23, quai du Commerce, 1080 Bruxelles",https://letterboxd.com/film/jeanne-dielman-23-quai-du-commerce-1080-bruxelles/,2026-05-04
Top 500,https://letterboxd.com/official/list/letterboxds-top-500-films/,A Matter of Life and Death,https://letterboxd.com/film/a-matter-of-life-and-death/,2026-05-04
Top 500,https://letterboxd.com/official/list/letterboxds-top-500-films/,Aparajito,https://letterboxd.com/film/aparajito/,2026-05-04
Top 500,https://letterboxd.com/official/list/letterboxds-top-500-films/,Ugetsu,https://letterboxd.com/film/ugetsu/,2026-05-04
Top 500,https://letterboxd.com/official/list/letterboxds-top-500-films/,Network,https://letterboxd.com/film/network/,2026-05-04
Top 500,https://letterboxd.com/official/list/letterboxds-top-500-films/,The Tale of The Princess Kaguya,https://letterboxd.com/film/the-tale-of-the-princess-kaguya/,2026-05-04
Top 500,https://letterboxd.com/official/list/letterboxds-top-500-films/,Mulholland Drive,https://letterboxd.com/film/mulholland-drive/,2026-05-04
Top 500,https://letterboxd.com/official/list/letterboxds-top-500-films/,Il Sorpasso,https://letterboxd.com/film/il-sorpasso/,2026-05-04
Top 500,https://letterboxd.com/official/list/letterboxds-top-500-films/,Modern Times,https://letterboxd.com/film/modern-times/,2026-05-04
Top 500,https://letterboxd.com/official/list/letterboxds-top-500-films/,Umberto D.,https://letterboxd.com/film/umberto-d/,2026-05-04
Top 500,https://letterboxd.com/official/list/letterboxds-top-500-films/,The Night of the Hunter,https://letterboxd.com/film/the-night-of-the-hunter/,2026-05-04
Top 500,https://letterboxd.com/official/list/letterboxds-top-500-films/,Double Indemnity,https://letterboxd.com/film/double-indemnity/,2026-05-04
Top 500,https://letterboxd.com/official/list/letterboxds-top-500-films/,The Face of Another,https://letterboxd.com/film/the-face-of-another/,2026-05-04
Top 500,https://letterboxd.com/official/list/letterboxds-top-500-films/,Saving Private Ryan,https://letterboxd.com/film/saving-private-ryan/,2026-05-04
Top 500,https://letterboxd.com/official/list/letterboxds-top-500-films/,I Swear,https://letterboxd.com/film/i-swear/,2026-05-04
Top 500,https://letterboxd.com/official/list/letterboxds-top-500-films/,The Holdovers,https://letterboxd.com/film/the-holdovers/,2026-05-04
Top 500,https://letterboxd.com/official/list/letterboxds-top-500-films/,Winter Light,https://letterboxd.com/film/winter-light/,2026-05-04
Top 500,https://letterboxd.com/official/list/letterboxds-top-500-films/,The First Slam Dunk,https://letterboxd.com/film/the-first-slam-dunk/,2026-05-04
Top 500,https://letterboxd.com/official/list/letterboxds-top-500-films/,A Moment of Innocence,https://letterboxd.com/film/a-moment-of-innocence/,2026-05-04
Top 500,https://letterboxd.com/official/list/letterboxds-top-500-films/,The Fall,https://letterboxd.com/film/the-fall/,2026-05-04
Top 500,https://letterboxd.com/official/list/letterboxds-top-500-films/,Kes,https://letterboxd.com/film/kes/,2026-05-04
Top 500,https://letterboxd.com/official/list/letterboxds-top-500-films/,Tokyo Godfathers,https://letterboxd.com/film/tokyo-godfathers/,2026-05-04
Top 500,https://letterboxd.com/official/list/letterboxds-top-500-films/,Alien,https://letterboxd.com/film/alien/,2026-05-04
Top 500,https://letterboxd.com/official/list/letterboxds-top-500-films/,2001: A Space Odyssey,https://letterboxd.com/film/2001-a-space-odyssey/,2026-05-04
Top 500,https://letterboxd.com/official/list/letterboxds-top-500-films/,The Best Years of Our Lives,https://letterboxd.com/film/the-best-years-of-our-lives/,2026-05-04
Top 500,https://letterboxd.com/official/list/letterboxds-top-500-films/,"4 Months, 3 Weeks and 2 Days",https://letterboxd.com/film/4-months-3-weeks-and-2-days/,2026-05-04
Top 500,https://letterboxd.com/official/list/letterboxds-top-500-films/,Everything Everywhere All at Once,https://letterboxd.com/film/everything-everywhere-all-at-once/,2026-05-04
Top 500,https://letterboxd.com/official/list/letterboxds-top-500-films/,The Bridge on the River Kwai,https://letterboxd.com/film/the-bridge-on-the-river-kwai/,2026-05-04
Top 500,https://letterboxd.com/official/list/letterboxds-top-500-films/,Macario,https://letterboxd.com/film/macario/,2026-05-04
Top 500,https://letterboxd.com/official/list/letterboxds-top-500-films/,The Sound of Music,https://letterboxd.com/film/the-sound-of-music/,2026-05-04
Top 500,https://letterboxd.com/official/list/letterboxds-top-500-films/,Anatomy of a Murder,https://letterboxd.com/film/anatomy-of-a-murder/,2026-05-04
Top 500,https://letterboxd.com/official/list/letterboxds-top-500-films/,"Quo Vadis, Aida?",https://letterboxd.com/film/quo-vadis-aida/,2026-05-04
Top 500,https://letterboxd.com/official/list/letterboxds-top-500-films/,Metropolis,https://letterboxd.com/film/metropolis/,2026-05-04
Top 500,https://letterboxd.com/official/list/letterboxds-top-500-films/,Marcel the Shell with Shoes On,https://letterboxd.com/film/marcel-the-shell-with-shoes-on-2021/,2026-05-04
Top 500,https://letterboxd.com/official/list/letterboxds-top-500-films/,The Secret in Their Eyes,https://letterboxd.com/film/the-secret-in-their-eyes/,2026-05-04
Top 500,https://letterboxd.com/official/list/letterboxds-top-500-films/,Son of the White Mare,https://letterboxd.com/film/son-of-the-white-mare/,2026-05-04
Top 500,https://letterboxd.com/official/list/letterboxds-top-500-films/,The Grand Budapest Hotel,https://letterboxd.com/film/the-grand-budapest-hotel/,2026-05-04
Top 500,https://letterboxd.com/official/list/letterboxds-top-500-films/,Kwaidan,https://letterboxd.com/film/kwaidan/,2026-05-04
Top 500,https://letterboxd.com/official/list/letterboxds-top-500-films/,Sweet Smell of Success,https://letterboxd.com/film/sweet-smell-of-success/,2026-05-04
Top 500,https://letterboxd.com/official/list/letterboxds-top-500-films/,Vada Chennai,https://letterboxd.com/film/vada-chennai/,2026-05-04
Top 500,https://letterboxd.com/official/list/letterboxds-top-500-films/,Eternal Sunshine of the Spotless Mind,https://letterboxd.com/film/eternal-sunshine-of-the-spotless-mind/,2026-05-04
Top 500,https://letterboxd.com/official/list/letterboxds-top-500-films/,Poetry,https://letterboxd.com/film/poetry/,2026-05-04
Top 500,https://letterboxd.com/official/list/letterboxds-top-500-films/,For a Few Dollars More,https://letterboxd.com/film/for-a-few-dollars-more/,2026-05-04
Top 500,https://letterboxd.com/official/list/letterboxds-top-500-films/,Time of the Gypsies,https://letterboxd.com/film/time-of-the-gypsies/,2026-05-04
Top 500,https://letterboxd.com/official/list/letterboxds-top-500-films/,WALL·E,https://letterboxd.com/film/walle/,2026-05-04
Top 500,https://letterboxd.com/official/list/letterboxds-top-500-films/,The Third Man,https://letterboxd.com/film/the-third-man/,2026-05-04
Top 500,https://letterboxd.com/official/list/letterboxds-top-500-films/,Kamikaze Girls,https://letterboxd.com/film/kamikaze-girls/,2026-05-04
Top 500,https://letterboxd.com/official/list/letterboxds-top-500-films/,Pulp Fiction,https://letterboxd.com/film/pulp-fiction/,2026-05-04
Top 500,https://letterboxd.com/official/list/letterboxds-top-500-films/,The Life and Death of Colonel Blimp,https://letterboxd.com/film/the-life-and-death-of-colonel-blimp/,2026-05-04
Top 500,https://letterboxd.com/official/list/letterboxds-top-500-films/,The King of Comedy,https://letterboxd.com/film/the-king-of-comedy/,2026-05-04
Top 500,https://letterboxd.com/official/list/letterboxds-top-500-films/,The Lovers on the Bridge,https://letterboxd.com/film/the-lovers-on-the-bridge/,2026-05-04
Top 500,https://letterboxd.com/official/list/letterboxds-top-500-films/,An Autumn Afternoon,https://letterboxd.com/film/an-autumn-afternoon/,2026-05-04
Top 500,https://letterboxd.com/official/list/letterboxds-top-500-films/,Dreams,https://letterboxd.com/film/dreams/,2026-05-04
Top 500,https://letterboxd.com/official/list/letterboxds-top-500-films/,Millennium Actress,https://letterboxd.com/film/millennium-actress/,2026-05-04
Top 500,https://letterboxd.com/official/list/letterboxds-top-500-films/,Amour,https://letterboxd.com/film/amour/,2026-05-04
Top 500,https://letterboxd.com/official/list/letterboxds-top-500-films/,Kagemusha,https://letterboxd.com/film/kagemusha/,2026-05-04
Top 500,https://letterboxd.com/official/list/letterboxds-top-500-films/,Wolfwalkers,https://letterboxd.com/film/wolfwalkers/,2026-05-04
Top 500,https://letterboxd.com/official/list/letterboxds-top-500-films/,Inception,https://letterboxd.com/film/inception/,2026-05-04
Top 500,https://letterboxd.com/official/list/letterboxds-top-500-films/,Ratatouille,https://letterboxd.com/film/ratatouille/,2026-05-04
Top 500,https://letterboxd.com/official/list/letterboxds-top-500-films/,Your Name.,https://letterboxd.com/film/your-name/,2026-05-04
Top 500,https://letterboxd.com/official/list/letterboxds-top-500-films/,Embrace of the Serpent,https://letterboxd.com/film/embrace-of-the-serpent/,2026-05-04
Top 500,https://letterboxd.com/official/list/letterboxds-top-500-films/,The Turin Horse,https://letterboxd.com/film/the-turin-horse/,2026-05-04
Top 500,https://letterboxd.com/official/list/letterboxds-top-500-films/,The Devils,https://letterboxd.com/film/the-devils/,2026-05-04
Top 500,https://letterboxd.com/official/list/letterboxds-top-500-films/,The Lion King,https://letterboxd.com/film/the-lion-king/,2026-05-04
Top 500,https://letterboxd.com/official/list/letterboxds-top-500-films/,Trainspotting,https://letterboxd.com/film/trainspotting/,2026-05-04
Top 500,https://letterboxd.com/official/list/letterboxds-top-500-films/,Once Upon a Time in America,https://letterboxd.com/film/once-upon-a-time-in-america/,2026-05-04
Top 500,https://letterboxd.com/official/list/letterboxds-top-500-films/,The White Ribbon,https://letterboxd.com/film/the-white-ribbon/,2026-05-04
Top 500,https://letterboxd.com/official/list/letterboxds-top-500-films/,Magnolia,https://letterboxd.com/film/magnolia/,2026-05-04
Top 500,https://letterboxd.com/official/list/letterboxds-top-500-films/,Solaris,https://letterboxd.com/film/solaris/,2026-05-04
Top 500,https://letterboxd.com/official/list/letterboxds-top-500-films/,Fireworks,https://letterboxd.com/film/fireworks-1997/,2026-05-04
Top 500,https://letterboxd.com/official/list/letterboxds-top-500-films/,The Truman Show,https://letterboxd.com/film/the-truman-show/,2026-05-04
Top 500,https://letterboxd.com/official/list/letterboxds-top-500-films/,Vertigo,https://letterboxd.com/film/vertigo/,2026-05-04
Top 500,https://letterboxd.com/official/list/letterboxds-top-500-films/,Dancer in the Dark,https://letterboxd.com/film/dancer-in-the-dark/,2026-05-04
Top 500,https://letterboxd.com/official/list/letterboxds-top-500-films/,The Shining,https://letterboxd.com/film/the-shining/,2026-05-04
Top 500,https://letterboxd.com/official/list/letterboxds-top-500-films/,Shame,https://letterboxd.com/film/shame/,2026-05-04
Top 500,https://letterboxd.com/official/list/letterboxds-top-500-films/,The Young and the Damned,https://letterboxd.com/film/the-young-and-the-damned/,2026-05-04
Top 500,https://letterboxd.com/official/list/letterboxds-top-500-films/,Le Samouraï,https://letterboxd.com/film/le-samourai/,2026-05-04
Top 500,https://letterboxd.com/official/list/letterboxds-top-500-films/,The Man Who Sleeps,https://letterboxd.com/film/the-man-who-sleeps/,2026-05-04
Top 500,https://letterboxd.com/official/list/letterboxds-top-500-films/,Cria!,https://letterboxd.com/film/cria/,2026-05-04
Top 500,https://letterboxd.com/official/list/letterboxds-top-500-films/,Capernaum,https://letterboxd.com/film/capernaum/,2026-05-04
Top 500,https://letterboxd.com/official/list/letterboxds-top-500-films/,"They Shoot Horses, Don't They?",https://letterboxd.com/film/they-shoot-horses-dont-they/,2026-05-04
Top 500,https://letterboxd.com/official/list/letterboxds-top-500-films/,Kill Bill: Vol. 1,https://letterboxd.com/film/kill-bill-vol-1/,2026-05-04
Top 500,https://letterboxd.com/official/list/letterboxds-top-500-films/,Thelma & Louise,https://letterboxd.com/film/thelma-louise/,2026-05-04
Top 500,https://letterboxd.com/official/list/letterboxds-top-500-films/,Children of Heaven,https://letterboxd.com/film/children-of-heaven/,2026-05-04
Top 500,https://letterboxd.com/official/list/letterboxds-top-500-films/,Joint Security Area,https://letterboxd.com/film/joint-security-area/,2026-05-04
Top 500,https://letterboxd.com/official/list/letterboxds-top-500-films/,Happy Together,https://letterboxd.com/film/happy-together-1997/,2026-05-04
Top 500,https://letterboxd.com/official/list/letterboxds-top-500-films/,The Deer Hunter,https://letterboxd.com/film/the-deer-hunter/,2026-05-04
Top 500,https://letterboxd.com/official/list/letterboxds-top-500-films/,A Dog's Will,https://letterboxd.com/film/a-dogs-will/,2026-05-04
Top 500,https://letterboxd.com/official/list/letterboxds-top-500-films/,Y Tu Mamá También,https://letterboxd.com/film/y-tu-mama-tambien/,2026-05-04
Top 500,https://letterboxd.com/official/list/letterboxds-top-500-films/,Cries and Whispers,https://letterboxd.com/film/cries-and-whispers/,2026-05-04
Top 500,https://letterboxd.com/official/list/letterboxds-top-500-films/,Winter Sleep,https://letterboxd.com/film/winter-sleep/,2026-05-04
Top 500,https://letterboxd.com/official/list/letterboxds-top-500-films/,Little Miss Sunshine,https://letterboxd.com/film/little-miss-sunshine/,2026-05-04
Top 500,https://letterboxd.com/official/list/letterboxds-top-500-films/,Mysterious Skin,https://letterboxd.com/film/mysterious-skin/,2026-05-04
Top 500,https://letterboxd.com/official/list/letterboxds-top-500-films/,Raging Bull,https://letterboxd.com/film/raging-bull/,2026-05-04
Top 500,https://letterboxd.com/official/list/letterboxds-top-500-films/,Investigation of a Citizen Above Suspicion,https://letterboxd.com/film/investigation-of-a-citizen-above-suspicion/,2026-05-04
Top 500,https://letterboxd.com/official/list/letterboxds-top-500-films/,Aftersun,https://letterboxd.com/film/aftersun/,2026-05-04
Top 500,https://letterboxd.com/official/list/letterboxds-top-500-films/,Casino,https://letterboxd.com/film/casino/,2026-05-04
Top 500,https://letterboxd.com/official/list/letterboxds-top-500-films/,Le Cercle Rouge,https://letterboxd.com/film/le-cercle-rouge/,2026-05-04
Top 500,https://letterboxd.com/official/list/letterboxds-top-500-films/,Rosemary's Baby,https://letterboxd.com/film/rosemarys-baby/,2026-05-04
Top 500,https://letterboxd.com/official/list/letterboxds-top-500-films/,Hope,https://letterboxd.com/film/hope-2013/,2026-05-04
Top 500,https://letterboxd.com/official/list/letterboxds-top-500-films/,Meiyazhagan,https://letterboxd.com/film/meiyazhagan/,2026-05-04
Top 500,https://letterboxd.com/official/list/letterboxds-top-500-films/,Persepolis,https://letterboxd.com/film/persepolis/,2026-05-04
Top 500,https://letterboxd.com/official/list/letterboxds-top-500-films/,The Last Picture Show,https://letterboxd.com/film/the-last-picture-show/,2026-05-04
Top 500,https://letterboxd.com/official/list/letterboxds-top-500-films/,Sound of Metal,https://letterboxd.com/film/sound-of-metal/,2026-05-04
Top 500,https://letterboxd.com/official/list/letterboxds-top-500-films/,A Silent Voice: The Movie,https://letterboxd.com/film/a-silent-voice-the-movie/,2026-05-04
Top 500,https://letterboxd.com/official/list/letterboxds-top-500-films/,A Taxi Driver,https://letterboxd.com/film/a-taxi-driver/,2026-05-04
Top 500,https://letterboxd.com/official/list/letterboxds-top-500-films/,Back to the Future,https://letterboxd.com/film/back-to-the-future/,2026-05-04
Top 500,https://letterboxd.com/official/list/letterboxds-top-500-films/,The Wild Robot,https://letterboxd.com/film/the-wild-robot/,2026-05-04
Top 500,https://letterboxd.com/official/list/letterboxds-top-500-films/,The Kid,https://letterboxd.com/film/the-kid/,2026-05-04
Top 500,https://letterboxd.com/official/list/letterboxds-top-500-films/,Grand Illusion,https://letterboxd.com/film/grand-illusion/,2026-05-04
Top 500,https://letterboxd.com/official/list/letterboxds-top-500-films/,Au Revoir les Enfants,https://letterboxd.com/film/au-revoir-les-enfants/,2026-05-04
Top 500,https://letterboxd.com/official/list/letterboxds-top-500-films/,The Sting,https://letterboxd.com/film/the-sting/,2026-05-04
Top 500,https://letterboxd.com/official/list/letterboxds-top-500-films/,"Night Is Short, Walk On Girl",https://letterboxd.com/film/night-is-short-walk-on-girl/,2026-05-04
Top 500,https://letterboxd.com/official/list/letterboxds-top-500-films/,Boogie Nights,https://letterboxd.com/film/boogie-nights/,2026-05-04
Top 500,https://letterboxd.com/official/list/letterboxds-top-500-films/,"Comrades, Almost a Love Story",https://letterboxd.com/film/comrades-almost-a-love-story/,2026-05-04
Top 500,https://letterboxd.com/official/list/letterboxds-top-500-films/,Good Morning,https://letterboxd.com/film/good-morning/,2026-05-04
Top 500,https://letterboxd.com/official/list/letterboxds-top-500-films/,Unforgiven,https://letterboxd.com/film/unforgiven/,2026-05-04
Top 500,https://letterboxd.com/official/list/letterboxds-top-500-films/,HAIKYU!! The Dumpster Battle,https://letterboxd.com/film/haikyu-the-dumpster-battle/,2026-05-04
Top 500,https://letterboxd.com/official/list/letterboxds-top-500-films/,Drive My Car,https://letterboxd.com/film/drive-my-car/,2026-05-04
Top 500,https://letterboxd.com/official/list/letterboxds-top-500-films/,In the Name of the Father,https://letterboxd.com/film/in-the-name-of-the-father-1993/,2026-05-04
Top 500,https://letterboxd.com/official/list/letterboxds-top-500-films/,PlayTime,https://letterboxd.com/film/playtime/,2026-05-04
Top 500,https://letterboxd.com/official/list/letterboxds-top-500-films/,RRR,https://letterboxd.com/film/rrr/,2026-05-04
Top 500,https://letterboxd.com/official/list/letterboxds-top-500-films/,Rashomon,https://letterboxd.com/film/rashomon/,2026-05-04
Top 500,https://letterboxd.com/official/list/letterboxds-top-500-films/,Gangs of Wasseypur – Part 2,https://letterboxd.com/film/gangs-of-wasseypur-part-2/,2026-05-04
Top 500,https://letterboxd.com/official/list/letterboxds-top-500-films/,A Face in the Crowd,https://letterboxd.com/film/a-face-in-the-crowd/,2026-05-04
Top 500,https://letterboxd.com/official/list/letterboxds-top-500-films/,Love Streams,https://letterboxd.com/film/love-streams/,2026-05-04
Top 500,https://letterboxd.com/official/list/letterboxds-top-500-films/,Moonlight,https://letterboxd.com/film/moonlight-2016/,2026-05-04
Top 500,https://letterboxd.com/official/list/letterboxds-top-500-films/,Linda Linda Linda,https://letterboxd.com/film/linda-linda-linda/,2026-05-04
Top 500,https://letterboxd.com/official/list/letterboxds-top-500-films/,Through the Olive Trees,https://letterboxd.com/film/through-the-olive-trees/,2026-05-04
Top 500,https://letterboxd.com/official/list/letterboxds-top-500-films/,The Conformist,https://letterboxd.com/film/the-conformist/,2026-05-04
Top 500,https://letterboxd.com/official/list/letterboxds-top-500-films/,Mind Game,https://letterboxd.com/film/mind-game/,2026-05-04
Top 500,https://letterboxd.com/official/list/letterboxds-top-500-films/,Better Days,https://letterboxd.com/film/better-days-2019/,2026-05-04
Top 500,https://letterboxd.com/official/list/letterboxds-top-500-films/,Full Metal Jacket,https://letterboxd.com/film/full-metal-jacket/,2026-05-04
Top 500,https://letterboxd.com/official/list/letterboxds-top-500-films/,Pixote,https://letterboxd.com/film/pixote/,2026-05-04
Top 500,https://letterboxd.com/official/list/letterboxds-top-500-films/,In a Lonely Place,https://letterboxd.com/film/in-a-lonely-place/,2026-05-04
Top 500,https://letterboxd.com/official/list/letterboxds-top-500-films/,Joyland,https://letterboxd.com/film/joyland-2022/,2026-05-04
Top 500,https://letterboxd.com/official/list/letterboxds-top-500-films/,My Neighbor Totoro,https://letterboxd.com/film/my-neighbor-totoro/,2026-05-04
Top 500,https://letterboxd.com/official/list/letterboxds-top-500-films/,The General,https://letterboxd.com/film/the-general/,2026-05-04
Top 500,https://letterboxd.com/official/list/letterboxds-top-500-films/,Dogville,https://letterboxd.com/film/dogville/,2026-05-04
Top 500,https://letterboxd.com/official/list/letterboxds-top-500-films/,Ivan's Childhood,https://letterboxd.com/film/ivans-childhood/,2026-05-04
Top 500,https://letterboxd.com/official/list/letterboxds-top-500-films/,Amélie,https://letterboxd.com/film/amelie/,2026-05-04
Top 500,https://letterboxd.com/official/list/letterboxds-top-500-films/,The Grapes of Wrath,https://letterboxd.com/film/the-grapes-of-wrath/,2026-05-04
Top 500,https://letterboxd.com/official/list/letterboxds-top-500-films/,Nausicaä of the Valley of the Wind,https://letterboxd.com/film/nausicaa-of-the-valley-of-the-wind/,2026-05-04
Top 500,https://letterboxd.com/official/list/letterboxds-top-500-films/,My Life as a Zucchini,https://letterboxd.com/film/my-life-as-a-zucchini/,2026-05-04
Top 500,https://letterboxd.com/official/list/letterboxds-top-500-films/,Hamnet,https://letterboxd.com/film/hamnet/,2026-05-04
Top 500,https://letterboxd.com/official/list/letterboxds-top-500-films/,Coraline,https://letterboxd.com/film/coraline/,2026-05-04
Top 500,https://letterboxd.com/official/list/letterboxds-top-500-films/,A Prophet,https://letterboxd.com/film/a-prophet/,2026-05-04
Top 500,https://letterboxd.com/official/list/letterboxds-top-500-films/,Klaus,https://letterboxd.com/film/klaus/,2026-05-04
Top 500,https://letterboxd.com/official/list/letterboxds-top-500-films/,The Return,https://letterboxd.com/film/the-return/,2026-05-04
Top 500,https://letterboxd.com/official/list/letterboxds-top-500-films/,Roman Holiday,https://letterboxd.com/film/roman-holiday/,2026-05-04
Top 500,https://letterboxd.com/official/list/letterboxds-top-500-films/,North by Northwest,https://letterboxd.com/film/north-by-northwest/,2026-05-04
Top 500,https://letterboxd.com/official/list/letterboxds-top-500-films/,Kumbalangi Nights,https://letterboxd.com/film/kumbalangi-nights/,2026-05-04
Top 500,https://letterboxd.com/official/list/letterboxds-top-500-films/,Diabolique,https://letterboxd.com/film/diabolique-1955/,2026-05-04
Top 500,https://letterboxd.com/official/list/letterboxds-top-500-films/,"The Cook, the Thief, His Wife & Her Lover",https://letterboxd.com/film/the-cook-the-thief-his-wife-her-lover/,2026-05-04
Top 500,https://letterboxd.com/official/list/letterboxds-top-500-films/,Hard Boiled,https://letterboxd.com/film/hard-boiled/,2026-05-04
Top 500,https://letterboxd.com/official/list/letterboxds-top-500-films/,Day for Night,https://letterboxd.com/film/day-for-night/,2026-05-04
Top 500,https://letterboxd.com/official/list/letterboxds-top-500-films/,Who Killed Captain Alex?,https://letterboxd.com/film/who-killed-captain-alex/,2026-05-04
Top 500,https://letterboxd.com/official/list/letterboxds-top-500-films/,The Straight Story,https://letterboxd.com/film/the-straight-story/,2026-05-04
Top 500,https://letterboxd.com/official/list/letterboxds-top-500-films/,Céline and Julie Go Boating,https://letterboxd.com/film/celine-and-julie-go-boating/,2026-05-04
Top 500,https://letterboxd.com/official/list/letterboxds-top-500-films/,All About My Mother,https://letterboxd.com/film/all-about-my-mother/,2026-05-04
Top 500,https://letterboxd.com/official/list/letterboxds-top-500-films/,Stand by Me,https://letterboxd.com/film/stand-by-me/,2026-05-04
Top 500,https://letterboxd.com/official/list/letterboxds-top-500-films/,The Long Goodbye,https://letterboxd.com/film/the-long-goodbye/,2026-05-04
Top 500,https://letterboxd.com/official/list/letterboxds-top-500-films/,What Ever Happened to Baby Jane?,https://letterboxd.com/film/what-ever-happened-to-baby-jane/,2026-05-04
Top 500,https://letterboxd.com/official/list/letterboxds-top-500-films/,"Spring, Summer, Fall, Winter... and Spring",https://letterboxd.com/film/spring-summer-fall-winter-and-spring/,2026-05-04
Top 500,https://letterboxd.com/official/list/letterboxds-top-500-films/,The Shop Around the Corner,https://letterboxd.com/film/the-shop-around-the-corner/,2026-05-04
Top 500,https://letterboxd.com/official/list/letterboxds-top-500-films/,Rio Bravo,https://letterboxd.com/film/rio-bravo/,2026-05-04
Top 500,https://letterboxd.com/official/list/letterboxds-top-500-films/,Whisper of the Heart,https://letterboxd.com/film/whisper-of-the-heart/,2026-05-04
Top 500,https://letterboxd.com/official/list/letterboxds-top-500-films/,Amores Perros,https://letterboxd.com/film/amores-perros/,2026-05-04
Top 500,https://letterboxd.com/official/list/letterboxds-top-500-films/,Threads,https://letterboxd.com/film/threads/,2026-05-04
Top 500,https://letterboxd.com/official/list/letterboxds-top-500-films/,Citizen Kane,https://letterboxd.com/film/citizen-kane/,2026-05-04
Top 500,https://letterboxd.com/official/list/letterboxds-top-500-films/,"Like Father, Like Son",https://letterboxd.com/film/like-father-like-son-2013/,2026-05-04
Top 500,https://letterboxd.com/official/list/letterboxds-top-500-films/,The Fire Within,https://letterboxd.com/film/the-fire-within/,2026-05-04
Top 500,https://letterboxd.com/official/list/letterboxds-top-500-films/,Shutter Island,https://letterboxd.com/film/shutter-island/,2026-05-04
Top 500,https://letterboxd.com/official/list/letterboxds-top-500-films/,La Strada,https://letterboxd.com/film/la-strada/,2026-05-04
Top 500,https://letterboxd.com/official/list/letterboxds-top-500-films/,All the President's Men,https://letterboxd.com/film/all-the-presidents-men/,2026-05-04
Top 500,https://letterboxd.com/official/list/letterboxds-top-500-films/,Gladiator,https://letterboxd.com/film/gladiator-2000/,2026-05-04
Top 500,https://letterboxd.com/official/list/letterboxds-top-500-films/,Little Women,https://letterboxd.com/film/little-women-2019/,2026-05-04
Top 500,https://letterboxd.com/official/list/letterboxds-top-500-films/,Cléo from 5 to 7,https://letterboxd.com/film/cleo-from-5-to-7/,2026-05-04
Top 500,https://letterboxd.com/official/list/letterboxds-top-500-films/,Memento,https://letterboxd.com/film/memento/,2026-05-04
Top 500,https://letterboxd.com/official/list/letterboxds-top-500-films/,Sunrise: A Song of Two Humans,https://letterboxd.com/film/sunrise-a-song-of-two-humans/,2026-05-04
Top 500,https://letterboxd.com/official/list/letterboxds-top-500-films/,Ernest & Celestine,https://letterboxd.com/film/ernest-celestine/,2026-05-04
Top 500,https://letterboxd.com/official/list/letterboxds-top-500-films/,Güeros,https://letterboxd.com/film/gueros/,2026-05-04
Top 500,https://letterboxd.com/official/list/letterboxds-top-500-films/,All Quiet on the Western Front,https://letterboxd.com/film/all-quiet-on-the-western-front/,2026-05-04
Top 500,https://letterboxd.com/official/list/letterboxds-top-500-films/,The Matrix,https://letterboxd.com/film/the-matrix/,2026-05-04
Top 500,https://letterboxd.com/official/list/letterboxds-top-500-films/,Tokyo Sonata,https://letterboxd.com/film/tokyo-sonata/,2026-05-04
Top 500,https://letterboxd.com/official/list/letterboxds-top-500-films/,"Rome, Open City",https://letterboxd.com/film/rome-open-city/,2026-05-04
Top 500,https://letterboxd.com/official/list/letterboxds-top-500-films/,Forrest Gump,https://letterboxd.com/film/forrest-gump/,2026-05-04
Top 500,https://letterboxd.com/official/list/letterboxds-top-500-films/,Ali: Fear Eats the Soul,https://letterboxd.com/film/ali-fear-eats-the-soul/,2026-05-04
Top 500,https://letterboxd.com/official/list/letterboxds-top-500-films/,It Happened One Night,https://letterboxd.com/film/it-happened-one-night/,2026-05-04
Top 500,https://letterboxd.com/official/list/letterboxds-top-500-films/,The Exterminating Angel,https://letterboxd.com/film/the-exterminating-angel/,2026-05-04
Top 500,https://letterboxd.com/official/list/letterboxds-top-500-films/,The Children's Hour,https://letterboxd.com/film/the-childrens-hour/,2026-05-04
Top 500,https://letterboxd.com/official/list/letterboxds-top-500-films/,Cabaret,https://letterboxd.com/film/cabaret/,2026-05-04
Top 500,https://letterboxd.com/official/list/letterboxds-top-500-films/,Once Upon a Time in Anatolia,https://letterboxd.com/film/once-upon-a-time-in-anatolia/,2026-05-04
Top 500,https://letterboxd.com/official/list/letterboxds-top-500-films/,The Second Mother,https://letterboxd.com/film/the-second-mother/,2026-05-04
Top 500,https://letterboxd.com/official/list/letterboxds-top-500-films/,Mother,https://letterboxd.com/film/mother-2009/,2026-05-04
Top 500,https://letterboxd.com/official/list/letterboxds-top-500-films/,Touch of Evil,https://letterboxd.com/film/touch-of-evil/,2026-05-04
Top 500,https://letterboxd.com/official/list/letterboxds-top-500-films/,Vampire Hunter D: Bloodlust,https://letterboxd.com/film/vampire-hunter-d-bloodlust/,2026-05-04
Top 500,https://letterboxd.com/official/list/letterboxds-top-500-films/,Butch Cassidy and the Sundance Kid,https://letterboxd.com/film/butch-cassidy-and-the-sundance-kid/,2026-05-04
Top 500,https://letterboxd.com/official/list/letterboxds-top-500-films/,Black Swan,https://letterboxd.com/film/black-swan/,2026-05-04
Top 500,https://letterboxd.com/official/list/letterboxds-top-500-films/,Nashville,https://letterboxd.com/film/nashville/,2026-05-04
Top 500,https://letterboxd.com/official/list/letterboxds-top-500-films/,On the Waterfront,https://letterboxd.com/film/on-the-waterfront/,2026-05-04
Top 500,https://letterboxd.com/official/list/letterboxds-top-500-films/,Memoir of a Snail,https://letterboxd.com/film/memoir-of-a-snail/,2026-05-04
Top 500,https://letterboxd.com/official/list/letterboxds-top-500-films/,The Green Ray,https://letterboxd.com/film/the-green-ray/,2026-05-04
Top 500,https://letterboxd.com/official/list/letterboxds-top-500-films/,The Spirit of the Beehive,https://letterboxd.com/film/the-spirit-of-the-beehive/,2026-05-04
Top 500,https://letterboxd.com/official/list/letterboxds-top-500-films/,All About Lily Chou-Chou,https://letterboxd.com/film/all-about-lily-chou-chou/,2026-05-04
Top 500,https://letterboxd.com/official/list/letterboxds-top-500-films/,Phantom Thread,https://letterboxd.com/film/phantom-thread/,2026-05-04
Top 500,https://letterboxd.com/official/list/letterboxds-top-500-films/,Carandiru,https://letterboxd.com/film/carandiru/,2026-05-04
Top 500,https://letterboxd.com/official/list/letterboxds-top-500-films/,Mad Max: Fury Road,https://letterboxd.com/film/mad-max-fury-road/,2026-05-04
Top 500,https://letterboxd.com/official/list/letterboxds-top-500-films/,After Life,https://letterboxd.com/film/after-life/,2026-05-04
Top 500,https://letterboxd.com/official/list/letterboxds-top-500-films/,My Night at Maud's,https://letterboxd.com/film/my-night-at-mauds/,2026-05-04
Top 500,https://letterboxd.com/official/list/letterboxds-top-500-films/,12 Years a Slave,https://letterboxd.com/film/12-years-a-slave/,2026-05-04
Top 500,https://letterboxd.com/official/list/letterboxds-top-500-films/,Lilya 4-ever,https://letterboxd.com/film/lilya-4-ever/,2026-05-04
Top 500,https://letterboxd.com/official/list/letterboxds-top-500-films/,Blue Giant,https://letterboxd.com/film/blue-giant/,2026-05-04
Top 500,https://letterboxd.com/official/list/letterboxds-top-500-films/,Short Term 12,https://letterboxd.com/film/short-term-12-2013/,2026-05-04
Top 500,https://letterboxd.com/official/list/letterboxds-top-500-films/,The Great Escape,https://letterboxd.com/film/the-great-escape/,2026-05-04
Top 500,https://letterboxd.com/official/list/letterboxds-top-500-films/,"Synecdoche, New York",https://letterboxd.com/film/synecdoche-new-york/,2026-05-04
Top 500,https://letterboxd.com/official/list/letterboxds-top-500-films/,Fallen Angels,https://letterboxd.com/film/fallen-angels/,2026-05-04
Top 500,https://letterboxd.com/official/list/letterboxds-top-500-films/,Silenced,https://letterboxd.com/film/silenced/,2026-05-04
Top 500,https://letterboxd.com/official/list/letterboxds-top-500-films/,Through a Glass Darkly,https://letterboxd.com/film/through-a-glass-darkly/,2026-05-04
Top 500,https://letterboxd.com/official/list/letterboxds-top-500-films/,Cool Hand Luke,https://letterboxd.com/film/cool-hand-luke/,2026-05-04
Top 500,https://letterboxd.com/official/list/letterboxds-top-500-films/,Oppenheimer,https://letterboxd.com/film/oppenheimer-2023/,2026-05-04
Top 500,https://letterboxd.com/official/list/letterboxds-top-500-films/,Star Wars,https://letterboxd.com/film/star-wars/,2026-05-04
Top 500,https://letterboxd.com/official/list/letterboxds-top-500-films/,Alice in the Cities,https://letterboxd.com/film/alice-in-the-cities/,2026-05-04
Top 500,https://letterboxd.com/official/list/letterboxds-top-500-films/,Mulan,https://letterboxd.com/film/mulan/,2026-05-04
Top 500,https://letterboxd.com/official/list/letterboxds-top-500-films/,American History X,https://letterboxd.com/film/american-history-x/,2026-05-04
Top 500,https://letterboxd.com/official/list/letterboxds-top-500-films/,The Virgin Spring,https://letterboxd.com/film/the-virgin-spring/,2026-05-04
Top 500,https://letterboxd.com/official/list/letterboxds-top-500-films/,Hiroshima Mon Amour,https://letterboxd.com/film/hiroshima-mon-amour/,2026-05-04
Top 500,https://letterboxd.com/official/list/letterboxds-top-500-films/,The Killer,https://letterboxd.com/film/the-killer/,2026-05-04
Top 500,https://letterboxd.com/official/list/letterboxds-top-500-films/,Past Lives,https://letterboxd.com/film/past-lives/,2026-05-04
Top 500,https://letterboxd.com/official/list/letterboxds-top-500-films/,Brokeback Mountain,https://letterboxd.com/film/brokeback-mountain/,2026-05-04
Top 500,https://letterboxd.com/official/list/letterboxds-top-500-films/,Pride,https://letterboxd.com/film/pride-2014/,2026-05-04
Top 500,https://letterboxd.com/official/list/letterboxds-top-500-films/,The Wolf House,https://letterboxd.com/film/the-wolf-house/,2026-05-04
Top 500,https://letterboxd.com/official/list/letterboxds-top-500-films/,Sentimental Value,https://letterboxd.com/film/sentimental-value-2025/,2026-05-04
Top 500,https://letterboxd.com/official/list/letterboxds-top-500-films/,The Great Silence,https://letterboxd.com/film/the-great-silence/,2026-05-04
Top 500,https://letterboxd.com/official/list/letterboxds-top-500-films/,Society of the Snow,https://letterboxd.com/film/society-of-the-snow/,2026-05-04
Top 500,https://letterboxd.com/official/list/letterboxds-top-500-films/,Punishment Park,https://letterboxd.com/film/punishment-park/,2026-05-04
Top 500,https://letterboxd.com/official/list/letterboxds-top-500-films/,Eat Drink Man Woman,https://letterboxd.com/film/eat-drink-man-woman/,2026-05-04
Top 500,https://letterboxd.com/official/list/letterboxds-top-500-films/,Pan's Labyrinth,https://letterboxd.com/film/pans-labyrinth/,2026-05-04
Top 500,https://letterboxd.com/official/list/letterboxds-top-500-films/,Mustang,https://letterboxd.com/film/mustang-2015/,2026-05-04
Top 500,https://letterboxd.com/official/list/letterboxds-top-500-films/,Raiders of the Lost Ark,https://letterboxd.com/film/raiders-of-the-lost-ark/,2026-05-04
Top 500,https://letterboxd.com/official/list/letterboxds-top-500-films/,The Intouchables,https://letterboxd.com/film/the-intouchables/,2026-05-04
Top 500,https://letterboxd.com/official/list/letterboxds-top-500-films/,The Gold Rush,https://letterboxd.com/film/the-gold-rush/,2026-05-04
Top 500,https://letterboxd.com/official/list/letterboxds-top-500-films/,Three Colours: Blue,https://letterboxd.com/film/three-colours-blue/,2026-05-04
Top 500,https://letterboxd.com/official/list/letterboxds-top-500-films/,Dial M for Murder,https://letterboxd.com/film/dial-m-for-murder/,2026-05-04
Top 500,https://letterboxd.com/official/list/letterboxds-top-500-films/,One Battle After Another,https://letterboxd.com/film/one-battle-after-another/,2026-05-04
Top 500,https://letterboxd.com/official/list/letterboxds-top-500-films/,Midnight Cowboy,https://letterboxd.com/film/midnight-cowboy/,2026-05-04
Top 500,https://letterboxd.com/official/list/letterboxds-top-500-films/,The Leopard,https://letterboxd.com/film/the-leopard/,2026-05-04
Top 500,https://letterboxd.com/official/list/letterboxds-top-500-films/,Sanjuro,https://letterboxd.com/film/sanjuro/,2026-05-04
Top 500,https://letterboxd.com/official/list/letterboxds-top-500-films/,3 Women,https://letterboxd.com/film/3-women/,2026-05-04
Top 500,https://letterboxd.com/official/list/letterboxds-top-500-films/,The Conversation,https://letterboxd.com/film/the-conversation/,2026-05-04
Top 500,https://letterboxd.com/official/list/letterboxds-top-500-films/,Fargo,https://letterboxd.com/film/fargo/,2026-05-04
Top 500,https://letterboxd.com/official/list/letterboxds-top-500-films/,Terrorizers,https://letterboxd.com/film/terrorizers/,2026-05-04
Top 500,https://letterboxd.com/official/list/letterboxds-top-500-films/,The Hidden Fortress,https://letterboxd.com/film/the-hidden-fortress/,2026-05-04
Top 500,https://letterboxd.com/official/list/letterboxds-top-500-films/,Pink Floyd: The Wall,https://letterboxd.com/film/pink-floyd-the-wall/,2026-05-04
Top 500,https://letterboxd.com/official/list/letterboxds-top-500-films/,Nine Queens,https://letterboxd.com/film/nine-queens/,2026-05-04
Top 500,https://letterboxd.com/official/list/letterboxds-top-500-films/,3 Idiots,https://letterboxd.com/film/3-idiots/,2026-05-04
Top 500,https://letterboxd.com/official/list/letterboxds-top-500-films/,Seconds,https://letterboxd.com/film/seconds/,2026-05-04
Top 500,https://letterboxd.com/official/list/letterboxds-top-500-films/,Monty Python and the Holy Grail,https://letterboxd.com/film/monty-python-and-the-holy-grail/,2026-05-04
Top 500,https://letterboxd.com/official/list/letterboxds-top-500-films/,The Sword of Doom,https://letterboxd.com/film/the-sword-of-doom/,2026-05-04
Top 500,https://letterboxd.com/official/list/letterboxds-top-500-films/,Kiki's Delivery Service,https://letterboxd.com/film/kikis-delivery-service/,2026-05-04
Top 500,https://letterboxd.com/official/list/letterboxds-top-500-films/,Scarface,https://letterboxd.com/film/scarface-1983/,2026-05-04
Top 500,https://letterboxd.com/official/list/letterboxds-top-500-films/,I Dream in Another Language,https://letterboxd.com/film/i-dream-in-another-language/,2026-05-04
Top 500,https://letterboxd.com/official/list/letterboxds-top-500-films/,There's Still Tomorrow,https://letterboxd.com/film/theres-still-tomorrow/,2026-05-04
Top 500,https://letterboxd.com/official/list/letterboxds-top-500-films/,Breaking the Waves,https://letterboxd.com/film/breaking-the-waves/,2026-05-04
Top 500,https://letterboxd.com/official/list/letterboxds-top-500-films/,Wild Tales,https://letterboxd.com/film/wild-tales/,2026-05-04
Top 500,https://letterboxd.com/official/list/letterboxds-top-500-films/,How to Train Your Dragon,https://letterboxd.com/film/how-to-train-your-dragon/,2026-05-04
Top 500,https://letterboxd.com/official/list/letterboxds-top-500-films/,Harry Potter and the Prisoner of Azkaban,https://letterboxd.com/film/harry-potter-and-the-prisoner-of-azkaban/,2026-05-04
Top 500,https://letterboxd.com/official/list/letterboxds-top-500-films/,Pride & Prejudice,https://letterboxd.com/film/pride-prejudice/,2026-05-04
Top 500,https://letterboxd.com/official/list/letterboxds-top-500-films/,"One Sings, the Other Doesn't",https://letterboxd.com/film/one-sings-the-other-doesnt/,2026-05-04
Top 500,https://letterboxd.com/official/list/letterboxds-top-500-films/,Rope,https://letterboxd.com/film/rope/,2026-05-04
Top 500,https://letterboxd.com/official/list/letterboxds-top-500-films/,Phantom of the Paradise,https://letterboxd.com/film/phantom-of-the-paradise/,2026-05-04
Top 500,https://letterboxd.com/official/list/letterboxds-top-500-films/,The Umbrellas of Cherbourg,https://letterboxd.com/film/the-umbrellas-of-cherbourg/,2026-05-04
Top 500,https://letterboxd.com/official/list/letterboxds-top-500-films/,McCabe & Mrs. Miller,https://letterboxd.com/film/mccabe-mrs-miller/,2026-05-04
Top 500,https://letterboxd.com/official/list/letterboxds-top-500-films/,Reservoir Dogs,https://letterboxd.com/film/reservoir-dogs/,2026-05-04
Top 500,https://letterboxd.com/official/list/letterboxds-top-500-films/,The Servant,https://letterboxd.com/film/the-servant/,2026-05-04
Top 500,https://letterboxd.com/official/list/letterboxds-top-500-films/,Faust,https://letterboxd.com/film/faust-1926/,2026-05-04
Top 500,https://letterboxd.com/official/list/letterboxds-top-500-films/,Arrival,https://letterboxd.com/film/arrival-2016/,2026-05-04
Top 500,https://letterboxd.com/official/list/letterboxds-top-500-films/,Souleymane's Story,https://letterboxd.com/film/souleymanes-story/,2026-05-04
Top 500,https://letterboxd.com/official/list/letterboxds-top-500-films/,Le Bonheur,https://letterboxd.com/film/happiness-1965/,2026-05-04
Top 500,https://letterboxd.com/official/list/letterboxds-top-500-films/,12th Fail,https://letterboxd.com/film/12th-fail/,2026-05-04
Top 500,https://letterboxd.com/official/list/letterboxds-top-500-films/,Get Out,https://letterboxd.com/film/get-out-2017/,2026-05-04
Top 500,https://letterboxd.com/official/list/letterboxds-top-500-films/,Mr. Smith Goes to Washington,https://letterboxd.com/film/mr-smith-goes-to-washington/,2026-05-04
Top 500,https://letterboxd.com/official/list/letterboxds-top-500-films/,About Elly,https://letterboxd.com/film/about-elly/,2026-05-04
Top 500,https://letterboxd.com/official/list/letterboxds-top-500-films/,Redline,https://letterboxd.com/film/redline/,2026-05-04
Top 500,https://letterboxd.com/official/list/letterboxds-top-500-films/,Fitzcarraldo,https://letterboxd.com/film/fitzcarraldo/,2026-05-04
Top 500,https://letterboxd.com/official/list/letterboxds-top-500-films/,Short Cuts,https://letterboxd.com/film/short-cuts/,2026-05-04
Top 500,https://letterboxd.com/official/list/letterboxds-top-500-films/,In Cold Blood,https://letterboxd.com/film/in-cold-blood/,2026-05-04
Top 500,https://letterboxd.com/official/list/letterboxds-top-500-films/,Love Letter,https://letterboxd.com/film/love-letter/,2026-05-04
Top 500,https://letterboxd.com/official/list/letterboxds-top-500-films/,Hundreds of Beavers,https://letterboxd.com/film/hundreds-of-beavers/,2026-05-04
Top 500,https://letterboxd.com/official/list/letterboxds-top-500-films/,The Color of Pomegranates,https://letterboxd.com/film/the-color-of-pomegranates/,2026-05-04
Top 500,https://letterboxd.com/official/list/letterboxds-top-500-films/,C'mon C'mon,https://letterboxd.com/film/cmon-cmon/,2026-05-04
Top 500,https://letterboxd.com/official/list/letterboxds-top-500-films/,Puss in Boots: The Last Wish,https://letterboxd.com/film/puss-in-boots-the-last-wish/,2026-05-04
Top 500,https://letterboxd.com/official/list/letterboxds-top-500-films/,The Cameraman,https://letterboxd.com/film/the-cameraman/,2026-05-04
Top 250 Most Fans,https://letterboxd.com/official/list/top-250-films-with-the-most-fans/,Interstellar,https://letterboxd.com/film/interstellar/,2026-05-04
Top 250 Most Fans,https://letterboxd.com/official/list/top-250-films-with-the-most-fans/,Dead Poets Society,https://letterboxd.com/film/dead-poets-society/,2026-05-04
Top 250 Most Fans,https://letterboxd.com/official/list/top-250-films-with-the-most-fans/,La La Land,https://letterboxd.com/film/la-la-land/,2026-05-04
Top 250 Most Fans,https://letterboxd.com/official/list/top-250-films-with-the-most-fans/,Eternal Sunshine of the Spotless Mind,https://letterboxd.com/film/eternal-sunshine-of-the-spotless-mind/,2026-05-04
Top 250 Most Fans,https://letterboxd.com/official/list/top-250-films-with-the-most-fans/,10 Things I Hate About You,https://letterboxd.com/film/10-things-i-hate-about-you/,2026-05-04
Top 250 Most Fans,https://letterboxd.com/official/list/top-250-films-with-the-most-fans/,The Perks of Being a Wallflower,https://letterboxd.com/film/the-perks-of-being-a-wallflower/,2026-05-04
Top 250 Most Fans,https://letterboxd.com/official/list/top-250-films-with-the-most-fans/,Whiplash,https://letterboxd.com/film/whiplash-2014/,2026-05-04
Top 250 Most Fans,https://letterboxd.com/official/list/top-250-films-with-the-most-fans/,Fight Club,https://letterboxd.com/film/fight-club/,2026-05-04
Top 250 Most Fans,https://letterboxd.com/official/list/top-250-films-with-the-most-fans/,Good Will Hunting,https://letterboxd.com/film/good-will-hunting/,2026-05-04
Top 250 Most Fans,https://letterboxd.com/official/list/top-250-films-with-the-most-fans/,Little Women,https://letterboxd.com/film/little-women-2019/,2026-05-04
Top 250 Most Fans,https://letterboxd.com/official/list/top-250-films-with-the-most-fans/,Pride & Prejudice,https://letterboxd.com/film/pride-prejudice/,2026-05-04
Top 250 Most Fans,https://letterboxd.com/official/list/top-250-films-with-the-most-fans/,Everything Everywhere All at Once,https://letterboxd.com/film/everything-everywhere-all-at-once/,2026-05-04
Top 250 Most Fans,https://letterboxd.com/official/list/top-250-films-with-the-most-fans/,Call Me by Your Name,https://letterboxd.com/film/call-me-by-your-name/,2026-05-04
Top 250 Most Fans,https://letterboxd.com/official/list/top-250-films-with-the-most-fans/,Coraline,https://letterboxd.com/film/coraline/,2026-05-04
Top 250 Most Fans,https://letterboxd.com/official/list/top-250-films-with-the-most-fans/,Parasite,https://letterboxd.com/film/parasite-2019/,2026-05-04
Top 250 Most Fans,https://letterboxd.com/official/list/top-250-films-with-the-most-fans/,The Dark Knight,https://letterboxd.com/film/the-dark-knight/,2026-05-04
Top 250 Most Fans,https://letterboxd.com/official/list/top-250-films-with-the-most-fans/,Fantastic Mr. Fox,https://letterboxd.com/film/fantastic-mr-fox/,2026-05-04
Top 250 Most Fans,https://letterboxd.com/official/list/top-250-films-with-the-most-fans/,Se7en,https://letterboxd.com/film/se7en/,2026-05-04
Top 250 Most Fans,https://letterboxd.com/official/list/top-250-films-with-the-most-fans/,The Shawshank Redemption,https://letterboxd.com/film/the-shawshank-redemption/,2026-05-04
Top 250 Most Fans,https://letterboxd.com/official/list/top-250-films-with-the-most-fans/,Howl's Moving Castle,https://letterboxd.com/film/howls-moving-castle/,2026-05-04
Top 250 Most Fans,https://letterboxd.com/official/list/top-250-films-with-the-most-fans/,Spirited Away,https://letterboxd.com/film/spirited-away/,2026-05-04
Top 250 Most Fans,https://letterboxd.com/official/list/top-250-films-with-the-most-fans/,Black Swan,https://letterboxd.com/film/black-swan/,2026-05-04
Top 250 Most Fans,https://letterboxd.com/official/list/top-250-films-with-the-most-fans/,Star Wars: Episode III – Revenge of the Sith,https://letterboxd.com/film/star-wars-episode-iii-revenge-of-the-sith/,2026-05-04
Top 250 Most Fans,https://letterboxd.com/official/list/top-250-films-with-the-most-fans/,The Notebook,https://letterboxd.com/film/the-notebook/,2026-05-04
Top 250 Most Fans,https://letterboxd.com/official/list/top-250-films-with-the-most-fans/,Pulp Fiction,https://letterboxd.com/film/pulp-fiction/,2026-05-04
Top 250 Most Fans,https://letterboxd.com/official/list/top-250-films-with-the-most-fans/,Forrest Gump,https://letterboxd.com/film/forrest-gump/,2026-05-04
Top 250 Most Fans,https://letterboxd.com/official/list/top-250-films-with-the-most-fans/,The Godfather,https://letterboxd.com/film/the-godfather/,2026-05-04
Top 250 Most Fans,https://letterboxd.com/official/list/top-250-films-with-the-most-fans/,Little Miss Sunshine,https://letterboxd.com/film/little-miss-sunshine/,2026-05-04
Top 250 Most Fans,https://letterboxd.com/official/list/top-250-films-with-the-most-fans/,Kill Bill: Vol. 1,https://letterboxd.com/film/kill-bill-vol-1/,2026-05-04
Top 250 Most Fans,https://letterboxd.com/official/list/top-250-films-with-the-most-fans/,Inglourious Basterds,https://letterboxd.com/film/inglourious-basterds/,2026-05-04
Top 250 Most Fans,https://letterboxd.com/official/list/top-250-films-with-the-most-fans/,Scream,https://letterboxd.com/film/scream/,2026-05-04
Top 250 Most Fans,https://letterboxd.com/official/list/top-250-films-with-the-most-fans/,The Lord of the Rings: The Return of the King,https://letterboxd.com/film/the-lord-of-the-rings-the-return-of-the-king/,2026-05-04
Top 250 Most Fans,https://letterboxd.com/official/list/top-250-films-with-the-most-fans/,Spider-Man: Into the Spider-Verse,https://letterboxd.com/film/spider-man-into-the-spider-verse/,2026-05-04
Top 250 Most Fans,https://letterboxd.com/official/list/top-250-films-with-the-most-fans/,Dune: Part Two,https://letterboxd.com/film/dune-part-two/,2026-05-04
Top 250 Most Fans,https://letterboxd.com/official/list/top-250-films-with-the-most-fans/,Mamma Mia!,https://letterboxd.com/film/mamma-mia/,2026-05-04
Top 250 Most Fans,https://letterboxd.com/official/list/top-250-films-with-the-most-fans/,Inception,https://letterboxd.com/film/inception/,2026-05-04
Top 250 Most Fans,https://letterboxd.com/official/list/top-250-films-with-the-most-fans/,Donnie Darko,https://letterboxd.com/film/donnie-darko/,2026-05-04
Top 250 Most Fans,https://letterboxd.com/official/list/top-250-films-with-the-most-fans/,Back to the Future,https://letterboxd.com/film/back-to-the-future/,2026-05-04
Top 250 Most Fans,https://letterboxd.com/official/list/top-250-films-with-the-most-fans/,The Truman Show,https://letterboxd.com/film/the-truman-show/,2026-05-04
Top 250 Most Fans,https://letterboxd.com/official/list/top-250-films-with-the-most-fans/,Aftersun,https://letterboxd.com/film/aftersun/,2026-05-04
Top 250 Most Fans,https://letterboxd.com/official/list/top-250-films-with-the-most-fans/,GoodFellas,https://letterboxd.com/film/goodfellas/,2026-05-04
Top 250 Most Fans,https://letterboxd.com/official/list/top-250-films-with-the-most-fans/,Scott Pilgrim vs. the World,https://letterboxd.com/film/scott-pilgrim-vs-the-world/,2026-05-04
Top 250 Most Fans,https://letterboxd.com/official/list/top-250-films-with-the-most-fans/,Before Sunrise,https://letterboxd.com/film/before-sunrise/,2026-05-04
Top 250 Most Fans,https://letterboxd.com/official/list/top-250-films-with-the-most-fans/,The Grand Budapest Hotel,https://letterboxd.com/film/the-grand-budapest-hotel/,2026-05-04
Top 250 Most Fans,https://letterboxd.com/official/list/top-250-films-with-the-most-fans/,The Batman,https://letterboxd.com/film/the-batman/,2026-05-04
Top 250 Most Fans,https://letterboxd.com/official/list/top-250-films-with-the-most-fans/,About Time,https://letterboxd.com/film/about-time/,2026-05-04
Top 250 Most Fans,https://letterboxd.com/official/list/top-250-films-with-the-most-fans/,Beautiful Boy,https://letterboxd.com/film/beautiful-boy-2018/,2026-05-04
Top 250 Most Fans,https://letterboxd.com/official/list/top-250-films-with-the-most-fans/,Spider-Man: Across the Spider-Verse,https://letterboxd.com/film/spider-man-across-the-spider-verse/,2026-05-04
Top 250 Most Fans,https://letterboxd.com/official/list/top-250-films-with-the-most-fans/,The Lord of the Rings: The Fellowship of the Ring,https://letterboxd.com/film/the-lord-of-the-rings-the-fellowship-of-the-ring/,2026-05-04
Top 250 Most Fans,https://letterboxd.com/official/list/top-250-films-with-the-most-fans/,The Silence of the Lambs,https://letterboxd.com/film/the-silence-of-the-lambs/,2026-05-04
Top 250 Most Fans,https://letterboxd.com/official/list/top-250-films-with-the-most-fans/,Project Hail Mary,https://letterboxd.com/film/project-hail-mary/,2026-05-04
Top 250 Most Fans,https://letterboxd.com/official/list/top-250-films-with-the-most-fans/,Amélie,https://letterboxd.com/film/amelie/,2026-05-04
Top 250 Most Fans,https://letterboxd.com/official/list/top-250-films-with-the-most-fans/,How to Lose a Guy in 10 Days,https://letterboxd.com/film/how-to-lose-a-guy-in-10-days/,2026-05-04
Top 250 Most Fans,https://letterboxd.com/official/list/top-250-films-with-the-most-fans/,La Haine,https://letterboxd.com/film/la-haine/,2026-05-04
Top 250 Most Fans,https://letterboxd.com/official/list/top-250-films-with-the-most-fans/,Harry Potter and the Prisoner of Azkaban,https://letterboxd.com/film/harry-potter-and-the-prisoner-of-azkaban/,2026-05-04
Top 250 Most Fans,https://letterboxd.com/official/list/top-250-films-with-the-most-fans/,Sinners,https://letterboxd.com/film/sinners-2025/,2026-05-04
Top 250 Most Fans,https://letterboxd.com/official/list/top-250-films-with-the-most-fans/,Shutter Island,https://letterboxd.com/film/shutter-island/,2026-05-04
Top 250 Most Fans,https://letterboxd.com/official/list/top-250-films-with-the-most-fans/,12 Angry Men,https://letterboxd.com/film/12-angry-men/,2026-05-04
Top 250 Most Fans,https://letterboxd.com/official/list/top-250-films-with-the-most-fans/,Lady Bird,https://letterboxd.com/film/lady-bird/,2026-05-04
Top 250 Most Fans,https://letterboxd.com/official/list/top-250-films-with-the-most-fans/,Portrait of a Lady on Fire,https://letterboxd.com/film/portrait-of-a-lady-on-fire/,2026-05-04
Top 250 Most Fans,https://letterboxd.com/official/list/top-250-films-with-the-most-fans/,Princess Mononoke,https://letterboxd.com/film/princess-mononoke/,2026-05-04
Top 250 Most Fans,https://letterboxd.com/official/list/top-250-films-with-the-most-fans/,The Shining,https://letterboxd.com/film/the-shining/,2026-05-04
Top 250 Most Fans,https://letterboxd.com/official/list/top-250-films-with-the-most-fans/,Arrival,https://letterboxd.com/film/arrival-2016/,2026-05-04
Top 250 Most Fans,https://letterboxd.com/official/list/top-250-films-with-the-most-fans/,Mulholland Drive,https://letterboxd.com/film/mulholland-drive/,2026-05-04
Top 250 Most Fans,https://letterboxd.com/official/list/top-250-films-with-the-most-fans/,Django Unchained,https://letterboxd.com/film/django-unchained/,2026-05-04
Top 250 Most Fans,https://letterboxd.com/official/list/top-250-films-with-the-most-fans/,"Girl, Interrupted",https://letterboxd.com/film/girl-interrupted/,2026-05-04
Top 250 Most Fans,https://letterboxd.com/official/list/top-250-films-with-the-most-fans/,The Empire Strikes Back,https://letterboxd.com/film/the-empire-strikes-back/,2026-05-04
Top 250 Most Fans,https://letterboxd.com/official/list/top-250-films-with-the-most-fans/,City of God,https://letterboxd.com/film/city-of-god/,2026-05-04
Top 250 Most Fans,https://letterboxd.com/official/list/top-250-films-with-the-most-fans/,The Hunger Games: Catching Fire,https://letterboxd.com/film/the-hunger-games-catching-fire/,2026-05-04
Top 250 Most Fans,https://letterboxd.com/official/list/top-250-films-with-the-most-fans/,Bones and All,https://letterboxd.com/film/bones-and-all/,2026-05-04
Top 250 Most Fans,https://letterboxd.com/official/list/top-250-films-with-the-most-fans/,The Thing,https://letterboxd.com/film/the-thing/,2026-05-04
Top 250 Most Fans,https://letterboxd.com/official/list/top-250-films-with-the-most-fans/,Tangled,https://letterboxd.com/film/tangled-2010/,2026-05-04
Top 250 Most Fans,https://letterboxd.com/official/list/top-250-films-with-the-most-fans/,The Virgin Suicides,https://letterboxd.com/film/the-virgin-suicides/,2026-05-04
Top 250 Most Fans,https://letterboxd.com/official/list/top-250-films-with-the-most-fans/,Jurassic Park,https://letterboxd.com/film/jurassic-park/,2026-05-04
Top 250 Most Fans,https://letterboxd.com/official/list/top-250-films-with-the-most-fans/,In the Mood for Love,https://letterboxd.com/film/in-the-mood-for-love/,2026-05-04
Top 250 Most Fans,https://letterboxd.com/official/list/top-250-films-with-the-most-fans/,Taxi Driver,https://letterboxd.com/film/taxi-driver/,2026-05-04
Top 250 Most Fans,https://letterboxd.com/official/list/top-250-films-with-the-most-fans/,The Devil Wears Prada,https://letterboxd.com/film/the-devil-wears-prada/,2026-05-04
Top 250 Most Fans,https://letterboxd.com/official/list/top-250-films-with-the-most-fans/,Ratatouille,https://letterboxd.com/film/ratatouille/,2026-05-04
Top 250 Most Fans,https://letterboxd.com/official/list/top-250-films-with-the-most-fans/,Brokeback Mountain,https://letterboxd.com/film/brokeback-mountain/,2026-05-04
Top 250 Most Fans,https://letterboxd.com/official/list/top-250-films-with-the-most-fans/,(500) Days of Summer,https://letterboxd.com/film/500-days-of-summer/,2026-05-04
Top 250 Most Fans,https://letterboxd.com/official/list/top-250-films-with-the-most-fans/,Prisoners,https://letterboxd.com/film/prisoners/,2026-05-04
Top 250 Most Fans,https://letterboxd.com/official/list/top-250-films-with-the-most-fans/,2001: A Space Odyssey,https://letterboxd.com/film/2001-a-space-odyssey/,2026-05-04
Top 250 Most Fans,https://letterboxd.com/official/list/top-250-films-with-the-most-fans/,Alien,https://letterboxd.com/film/alien/,2026-05-04
Top 250 Most Fans,https://letterboxd.com/official/list/top-250-films-with-the-most-fans/,Trainspotting,https://letterboxd.com/film/trainspotting/,2026-05-04
Top 250 Most Fans,https://letterboxd.com/official/list/top-250-films-with-the-most-fans/,Oldboy,https://letterboxd.com/film/oldboy/,2026-05-04
Top 250 Most Fans,https://letterboxd.com/official/list/top-250-films-with-the-most-fans/,Stand by Me,https://letterboxd.com/film/stand-by-me/,2026-05-04
Top 250 Most Fans,https://letterboxd.com/official/list/top-250-films-with-the-most-fans/,Twilight,https://letterboxd.com/film/twilight-2008/,2026-05-04
Top 250 Most Fans,https://letterboxd.com/official/list/top-250-films-with-the-most-fans/,Titanic,https://letterboxd.com/film/titanic-1997/,2026-05-04
Top 250 Most Fans,https://letterboxd.com/official/list/top-250-films-with-the-most-fans/,Blade Runner 2049,https://letterboxd.com/film/blade-runner-2049/,2026-05-04
Top 250 Most Fans,https://letterboxd.com/official/list/top-250-films-with-the-most-fans/,Avatar,https://letterboxd.com/film/avatar/,2026-05-04
Top 250 Most Fans,https://letterboxd.com/official/list/top-250-films-with-the-most-fans/,The Prestige,https://letterboxd.com/film/the-prestige/,2026-05-04
Top 250 Most Fans,https://letterboxd.com/official/list/top-250-films-with-the-most-fans/,Blade Runner,https://letterboxd.com/film/blade-runner/,2026-05-04
Top 250 Most Fans,https://letterboxd.com/official/list/top-250-films-with-the-most-fans/,The Princess Bride,https://letterboxd.com/film/the-princess-bride/,2026-05-04
Top 250 Most Fans,https://letterboxd.com/official/list/top-250-films-with-the-most-fans/,The Matrix,https://letterboxd.com/film/the-matrix/,2026-05-04
Top 250 Most Fans,https://letterboxd.com/official/list/top-250-films-with-the-most-fans/,Perfect Blue,https://letterboxd.com/film/perfect-blue/,2026-05-04
Top 250 Most Fans,https://letterboxd.com/official/list/top-250-films-with-the-most-fans/,Past Lives,https://letterboxd.com/film/past-lives/,2026-05-04
Top 250 Most Fans,https://letterboxd.com/official/list/top-250-films-with-the-most-fans/,How to Train Your Dragon,https://letterboxd.com/film/how-to-train-your-dragon/,2026-05-04
Top 250 Most Fans,https://letterboxd.com/official/list/top-250-films-with-the-most-fans/,No Country for Old Men,https://letterboxd.com/film/no-country-for-old-men/,2026-05-04
Top 250 Most Fans,https://letterboxd.com/official/list/top-250-films-with-the-most-fans/,Midsommar,https://letterboxd.com/film/midsommar/,2026-05-04
Top 250 Most Fans,https://letterboxd.com/official/list/top-250-films-with-the-most-fans/,Scarface,https://letterboxd.com/film/scarface-1983/,2026-05-04
Top 250 Most Fans,https://letterboxd.com/official/list/top-250-films-with-the-most-fans/,Requiem for a Dream,https://letterboxd.com/film/requiem-for-a-dream/,2026-05-04
Top 250 Most Fans,https://letterboxd.com/official/list/top-250-films-with-the-most-fans/,"Paris, Texas",https://letterboxd.com/film/paris-texas/,2026-05-04
Top 250 Most Fans,https://letterboxd.com/official/list/top-250-films-with-the-most-fans/,Almost Famous,https://letterboxd.com/film/almost-famous/,2026-05-04
Top 250 Most Fans,https://letterboxd.com/official/list/top-250-films-with-the-most-fans/,Oppenheimer,https://letterboxd.com/film/oppenheimer-2023/,2026-05-04
Top 250 Most Fans,https://letterboxd.com/official/list/top-250-films-with-the-most-fans/,When Harry Met Sally...,https://letterboxd.com/film/when-harry-met-sally/,2026-05-04
Top 250 Most Fans,https://letterboxd.com/official/list/top-250-films-with-the-most-fans/,Gone Girl,https://letterboxd.com/film/gone-girl/,2026-05-04
Top 250 Most Fans,https://letterboxd.com/official/list/top-250-films-with-the-most-fans/,There Will Be Blood,https://letterboxd.com/film/there-will-be-blood/,2026-05-04
Top 250 Most Fans,https://letterboxd.com/official/list/top-250-films-with-the-most-fans/,The Godfather Part II,https://letterboxd.com/film/the-godfather-part-ii/,2026-05-04
Top 250 Most Fans,https://letterboxd.com/official/list/top-250-films-with-the-most-fans/,Your Name.,https://letterboxd.com/film/your-name/,2026-05-04
Top 250 Most Fans,https://letterboxd.com/official/list/top-250-films-with-the-most-fans/,The Wolf of Wall Street,https://letterboxd.com/film/the-wolf-of-wall-street/,2026-05-04
Top 250 Most Fans,https://letterboxd.com/official/list/top-250-films-with-the-most-fans/,A Clockwork Orange,https://letterboxd.com/film/a-clockwork-orange/,2026-05-04
Top 250 Most Fans,https://letterboxd.com/official/list/top-250-films-with-the-most-fans/,It,https://letterboxd.com/film/it-2017/,2026-05-04
Top 250 Most Fans,https://letterboxd.com/official/list/top-250-films-with-the-most-fans/,Gladiator,https://letterboxd.com/film/gladiator-2000/,2026-05-04
Top 250 Most Fans,https://letterboxd.com/official/list/top-250-films-with-the-most-fans/,Knives Out,https://letterboxd.com/film/knives-out-2019/,2026-05-04
Top 250 Most Fans,https://letterboxd.com/official/list/top-250-films-with-the-most-fans/,Hereditary,https://letterboxd.com/film/hereditary/,2026-05-04
Top 250 Most Fans,https://letterboxd.com/official/list/top-250-films-with-the-most-fans/,Baby Driver,https://letterboxd.com/film/baby-driver/,2026-05-04
Top 250 Most Fans,https://letterboxd.com/official/list/top-250-films-with-the-most-fans/,Cinema Paradiso,https://letterboxd.com/film/cinema-paradiso/,2026-05-04
Top 250 Most Fans,https://letterboxd.com/official/list/top-250-films-with-the-most-fans/,Moonlight,https://letterboxd.com/film/moonlight-2016/,2026-05-04
Top 250 Most Fans,https://letterboxd.com/official/list/top-250-films-with-the-most-fans/,Chungking Express,https://letterboxd.com/film/chungking-express/,2026-05-04
Top 250 Most Fans,https://letterboxd.com/official/list/top-250-films-with-the-most-fans/,Lost in Translation,https://letterboxd.com/film/lost-in-translation/,2026-05-04
Top 250 Most Fans,https://letterboxd.com/official/list/top-250-films-with-the-most-fans/,The Handmaiden,https://letterboxd.com/film/the-handmaiden/,2026-05-04
Top 250 Most Fans,https://letterboxd.com/official/list/top-250-films-with-the-most-fans/,Challengers,https://letterboxd.com/film/challengers/,2026-05-04
Top 250 Most Fans,https://letterboxd.com/official/list/top-250-films-with-the-most-fans/,Shrek 2,https://letterboxd.com/film/shrek-2/,2026-05-04
Top 250 Most Fans,https://letterboxd.com/official/list/top-250-films-with-the-most-fans/,Perfect Days,https://letterboxd.com/film/perfect-days-2023/,2026-05-04
Top 250 Most Fans,https://letterboxd.com/official/list/top-250-films-with-the-most-fans/,The Lord of the Rings: The Two Towers,https://letterboxd.com/film/the-lord-of-the-rings-the-two-towers/,2026-05-04
Top 250 Most Fans,https://letterboxd.com/official/list/top-250-films-with-the-most-fans/,Apocalypse Now,https://letterboxd.com/film/apocalypse-now/,2026-05-04
Top 250 Most Fans,https://letterboxd.com/official/list/top-250-films-with-the-most-fans/,The Hunger Games,https://letterboxd.com/film/the-hunger-games/,2026-05-04
Top 250 Most Fans,https://letterboxd.com/official/list/top-250-films-with-the-most-fans/,Waves,https://letterboxd.com/film/waves-2019/,2026-05-04
Top 250 Most Fans,https://letterboxd.com/official/list/top-250-films-with-the-most-fans/,American Psycho,https://letterboxd.com/film/american-psycho/,2026-05-04
Top 250 Most Fans,https://letterboxd.com/official/list/top-250-films-with-the-most-fans/,Mad Max: Fury Road,https://letterboxd.com/film/mad-max-fury-road/,2026-05-04
Top 250 Most Fans,https://letterboxd.com/official/list/top-250-films-with-the-most-fans/,Avengers: Endgame,https://letterboxd.com/film/avengers-endgame/,2026-05-04
Top 250 Most Fans,https://letterboxd.com/official/list/top-250-films-with-the-most-fans/,Get Out,https://letterboxd.com/film/get-out-2017/,2026-05-04
Top 250 Most Fans,https://letterboxd.com/official/list/top-250-films-with-the-most-fans/,A Silent Voice: The Movie,https://letterboxd.com/film/a-silent-voice-the-movie/,2026-05-04
Top 250 Most Fans,https://letterboxd.com/official/list/top-250-films-with-the-most-fans/,Uptown Girls,https://letterboxd.com/film/uptown-girls/,2026-05-04
Top 250 Most Fans,https://letterboxd.com/official/list/top-250-films-with-the-most-fans/,But I'm a Cheerleader,https://letterboxd.com/film/but-im-a-cheerleader/,2026-05-04
Top 250 Most Fans,https://letterboxd.com/official/list/top-250-films-with-the-most-fans/,The Big Lebowski,https://letterboxd.com/film/the-big-lebowski/,2026-05-04
Top 250 Most Fans,https://letterboxd.com/official/list/top-250-films-with-the-most-fans/,Heat,https://letterboxd.com/film/heat-1995/,2026-05-04
Top 250 Most Fans,https://letterboxd.com/official/list/top-250-films-with-the-most-fans/,The Secret Life of Walter Mitty,https://letterboxd.com/film/the-secret-life-of-walter-mitty-2013/,2026-05-04
Top 250 Most Fans,https://letterboxd.com/official/list/top-250-films-with-the-most-fans/,Her,https://letterboxd.com/film/her/,2026-05-04
Top 250 Most Fans,https://letterboxd.com/official/list/top-250-films-with-the-most-fans/,The Rocky Horror Picture Show,https://letterboxd.com/film/the-rocky-horror-picture-show/,2026-05-04
Top 250 Most Fans,https://letterboxd.com/official/list/top-250-films-with-the-most-fans/,Memories of Murder,https://letterboxd.com/film/memories-of-murder/,2026-05-04
Top 250 Most Fans,https://letterboxd.com/official/list/top-250-films-with-the-most-fans/,The Sound of Music,https://letterboxd.com/film/the-sound-of-music/,2026-05-04
Top 250 Most Fans,https://letterboxd.com/official/list/top-250-films-with-the-most-fans/,Mysterious Skin,https://letterboxd.com/film/mysterious-skin/,2026-05-04
Top 250 Most Fans,https://letterboxd.com/official/list/top-250-films-with-the-most-fans/,Corpse Bride,https://letterboxd.com/film/corpse-bride/,2026-05-04
Top 250 Most Fans,https://letterboxd.com/official/list/top-250-films-with-the-most-fans/,Cars,https://letterboxd.com/film/cars/,2026-05-04
Top 250 Most Fans,https://letterboxd.com/official/list/top-250-films-with-the-most-fans/,The Social Network,https://letterboxd.com/film/the-social-network/,2026-05-04
Top 250 Most Fans,https://letterboxd.com/official/list/top-250-films-with-the-most-fans/,Memento,https://letterboxd.com/film/memento/,2026-05-04
Top 250 Most Fans,https://letterboxd.com/official/list/top-250-films-with-the-most-fans/,Bottoms,https://letterboxd.com/film/bottoms/,2026-05-04
Top 250 Most Fans,https://letterboxd.com/official/list/top-250-films-with-the-most-fans/,Ferris Bueller's Day Off,https://letterboxd.com/film/ferris-buellers-day-off/,2026-05-04
Top 250 Most Fans,https://letterboxd.com/official/list/top-250-films-with-the-most-fans/,Mean Girls,https://letterboxd.com/film/mean-girls/,2026-05-04
Top 250 Most Fans,https://letterboxd.com/official/list/top-250-films-with-the-most-fans/,WALL·E,https://letterboxd.com/film/walle/,2026-05-04
Top 250 Most Fans,https://letterboxd.com/official/list/top-250-films-with-the-most-fans/,Pitch Perfect,https://letterboxd.com/film/pitch-perfect/,2026-05-04
Top 250 Most Fans,https://letterboxd.com/official/list/top-250-films-with-the-most-fans/,Superbad,https://letterboxd.com/film/superbad/,2026-05-04
Top 250 Most Fans,https://letterboxd.com/official/list/top-250-films-with-the-most-fans/,The Holdovers,https://letterboxd.com/film/the-holdovers/,2026-05-04
Top 250 Most Fans,https://letterboxd.com/official/list/top-250-films-with-the-most-fans/,Fallen Angels,https://letterboxd.com/film/fallen-angels/,2026-05-04
Top 250 Most Fans,https://letterboxd.com/official/list/top-250-films-with-the-most-fans/,The Worst Person in the World,https://letterboxd.com/film/the-worst-person-in-the-world/,2026-05-04
Top 250 Most Fans,https://letterboxd.com/official/list/top-250-films-with-the-most-fans/,Ponyo,https://letterboxd.com/film/ponyo/,2026-05-04
Top 250 Most Fans,https://letterboxd.com/official/list/top-250-films-with-the-most-fans/,The Parent Trap,https://letterboxd.com/film/the-parent-trap-1998/,2026-05-04
Top 250 Most Fans,https://letterboxd.com/official/list/top-250-films-with-the-most-fans/,Neon Genesis Evangelion: The End of Evangelion,https://letterboxd.com/film/neon-genesis-evangelion-the-end-of-evangelion/,2026-05-04
Top 250 Most Fans,https://letterboxd.com/official/list/top-250-films-with-the-most-fans/,Superman,https://letterboxd.com/film/superman-2025/,2026-05-04
Top 250 Most Fans,https://letterboxd.com/official/list/top-250-films-with-the-most-fans/,Star Wars,https://letterboxd.com/film/star-wars/,2026-05-04
Top 250 Most Fans,https://letterboxd.com/official/list/top-250-films-with-the-most-fans/,Edward Scissorhands,https://letterboxd.com/film/edward-scissorhands/,2026-05-04
Top 250 Most Fans,https://letterboxd.com/official/list/top-250-films-with-the-most-fans/,"The Good, the Bad and the Ugly",https://letterboxd.com/film/the-good-the-bad-and-the-ugly/,2026-05-04
Top 250 Most Fans,https://letterboxd.com/official/list/top-250-films-with-the-most-fans/,Twin Peaks: Fire Walk with Me,https://letterboxd.com/film/twin-peaks-fire-walk-with-me/,2026-05-04
Top 250 Most Fans,https://letterboxd.com/official/list/top-250-films-with-the-most-fans/,Dune,https://letterboxd.com/film/dune-2021/,2026-05-04
Top 250 Most Fans,https://letterboxd.com/official/list/top-250-films-with-the-most-fans/,The Royal Tenenbaums,https://letterboxd.com/film/the-royal-tenenbaums/,2026-05-04
Top 250 Most Fans,https://letterboxd.com/official/list/top-250-films-with-the-most-fans/,Avengers: Infinity War,https://letterboxd.com/film/avengers-infinity-war/,2026-05-04
Top 250 Most Fans,https://letterboxd.com/official/list/top-250-films-with-the-most-fans/,13 Going on 30,https://letterboxd.com/film/13-going-on-30-3/,2026-05-04
Top 250 Most Fans,https://letterboxd.com/official/list/top-250-films-with-the-most-fans/,Eyes Wide Shut,https://letterboxd.com/film/eyes-wide-shut/,2026-05-04
Top 250 Most Fans,https://letterboxd.com/official/list/top-250-films-with-the-most-fans/,Babylon,https://letterboxd.com/film/babylon-2022/,2026-05-04
Top 250 Most Fans,https://letterboxd.com/official/list/top-250-films-with-the-most-fans/,Juno,https://letterboxd.com/film/juno/,2026-05-04
Top 250 Most Fans,https://letterboxd.com/official/list/top-250-films-with-the-most-fans/,Wicked,https://letterboxd.com/film/wicked-2024/,2026-05-04
Top 250 Most Fans,https://letterboxd.com/official/list/top-250-films-with-the-most-fans/,Drive,https://letterboxd.com/film/drive-2011/,2026-05-04
Top 250 Most Fans,https://letterboxd.com/official/list/top-250-films-with-the-most-fans/,To All the Boys I've Loved Before,https://letterboxd.com/film/to-all-the-boys-ive-loved-before/,2026-05-04
Top 250 Most Fans,https://letterboxd.com/official/list/top-250-films-with-the-most-fans/,The Departed,https://letterboxd.com/film/the-departed/,2026-05-04
Top 250 Most Fans,https://letterboxd.com/official/list/top-250-films-with-the-most-fans/,The Breakfast Club,https://letterboxd.com/film/the-breakfast-club/,2026-05-04
Top 250 Most Fans,https://letterboxd.com/official/list/top-250-films-with-the-most-fans/,The Maze Runner,https://letterboxd.com/film/the-maze-runner/,2026-05-04
Top 250 Most Fans,https://letterboxd.com/official/list/top-250-films-with-the-most-fans/,Pearl,https://letterboxd.com/film/pearl-2022/,2026-05-04
Top 250 Most Fans,https://letterboxd.com/official/list/top-250-films-with-the-most-fans/,Manchester by the Sea,https://letterboxd.com/film/manchester-by-the-sea/,2026-05-04
Top 250 Most Fans,https://letterboxd.com/official/list/top-250-films-with-the-most-fans/,Once Upon a Time... in Hollywood,https://letterboxd.com/film/once-upon-a-time-in-hollywood/,2026-05-04
Top 250 Most Fans,https://letterboxd.com/official/list/top-250-films-with-the-most-fans/,Me Before You,https://letterboxd.com/film/me-before-you/,2026-05-04
Top 250 Most Fans,https://letterboxd.com/official/list/top-250-films-with-the-most-fans/,Notting Hill,https://letterboxd.com/film/notting-hill/,2026-05-04
Top 250 Most Fans,https://letterboxd.com/official/list/top-250-films-with-the-most-fans/,The Nightmare Before Christmas,https://letterboxd.com/film/the-nightmare-before-christmas/,2026-05-04
Top 250 Most Fans,https://letterboxd.com/official/list/top-250-films-with-the-most-fans/,Before Sunset,https://letterboxd.com/film/before-sunset/,2026-05-04
Top 250 Most Fans,https://letterboxd.com/official/list/top-250-films-with-the-most-fans/,It's a Wonderful Life,https://letterboxd.com/film/its-a-wonderful-life/,2026-05-04
Top 250 Most Fans,https://letterboxd.com/official/list/top-250-films-with-the-most-fans/,Monster,https://letterboxd.com/film/monster-2023/,2026-05-04
Top 250 Most Fans,https://letterboxd.com/official/list/top-250-films-with-the-most-fans/,The Greatest Showman,https://letterboxd.com/film/the-greatest-showman/,2026-05-04
Top 250 Most Fans,https://letterboxd.com/official/list/top-250-films-with-the-most-fans/,Frankenstein,https://letterboxd.com/film/frankenstein-2025/,2026-05-04
Top 250 Most Fans,https://letterboxd.com/official/list/top-250-films-with-the-most-fans/,Spider-Man 2,https://letterboxd.com/film/spider-man-2/,2026-05-04
Top 250 Most Fans,https://letterboxd.com/official/list/top-250-films-with-the-most-fans/,Poor Things,https://letterboxd.com/film/poor-things-2023/,2026-05-04
Top 250 Most Fans,https://letterboxd.com/official/list/top-250-films-with-the-most-fans/,The Lighthouse,https://letterboxd.com/film/the-lighthouse-2019/,2026-05-04
Top 250 Most Fans,https://letterboxd.com/official/list/top-250-films-with-the-most-fans/,Léon: The Professional,https://letterboxd.com/film/leon-the-professional/,2026-05-04
Top 250 Most Fans,https://letterboxd.com/official/list/top-250-films-with-the-most-fans/,Pan's Labyrinth,https://letterboxd.com/film/pans-labyrinth/,2026-05-04
Top 250 Most Fans,https://letterboxd.com/official/list/top-250-films-with-the-most-fans/,The Florida Project,https://letterboxd.com/film/the-florida-project/,2026-05-04
Top 250 Most Fans,https://letterboxd.com/official/list/top-250-films-with-the-most-fans/,Labyrinth,https://letterboxd.com/film/labyrinth/,2026-05-04
Top 250 Most Fans,https://letterboxd.com/official/list/top-250-films-with-the-most-fans/,Life Is Beautiful,https://letterboxd.com/film/life-is-beautiful/,2026-05-04
Top 250 Most Fans,https://letterboxd.com/official/list/top-250-films-with-the-most-fans/,The Substance,https://letterboxd.com/film/the-substance/,2026-05-04
Top 250 Most Fans,https://letterboxd.com/official/list/top-250-films-with-the-most-fans/,Dirty Dancing,https://letterboxd.com/film/dirty-dancing/,2026-05-04
Top 250 Most Fans,https://letterboxd.com/official/list/top-250-films-with-the-most-fans/,Grave of the Fireflies,https://letterboxd.com/film/grave-of-the-fireflies/,2026-05-04
Top 250 Most Fans,https://letterboxd.com/official/list/top-250-films-with-the-most-fans/,Isle of Dogs,https://letterboxd.com/film/isle-of-dogs-2018/,2026-05-04
Top 250 Most Fans,https://letterboxd.com/official/list/top-250-films-with-the-most-fans/,Spider-Man: No Way Home,https://letterboxd.com/film/spider-man-no-way-home/,2026-05-04
Top 250 Most Fans,https://letterboxd.com/official/list/top-250-films-with-the-most-fans/,Joker,https://letterboxd.com/film/joker-2019/,2026-05-04
Top 250 Most Fans,https://letterboxd.com/official/list/top-250-films-with-the-most-fans/,My Neighbor Totoro,https://letterboxd.com/film/my-neighbor-totoro/,2026-05-04
Top 250 Most Fans,https://letterboxd.com/official/list/top-250-films-with-the-most-fans/,The Amazing Spider-Man,https://letterboxd.com/film/the-amazing-spider-man/,2026-05-04
Top 250 Most Fans,https://letterboxd.com/official/list/top-250-films-with-the-most-fans/,Jojo Rabbit,https://letterboxd.com/film/jojo-rabbit/,2026-05-04
Top 250 Most Fans,https://letterboxd.com/official/list/top-250-films-with-the-most-fans/,White Chicks,https://letterboxd.com/film/white-chicks/,2026-05-04
Top 250 Most Fans,https://letterboxd.com/official/list/top-250-films-with-the-most-fans/,Schindler's List,https://letterboxd.com/film/schindlers-list/,2026-05-04
Top 250 Most Fans,https://letterboxd.com/official/list/top-250-films-with-the-most-fans/,Jaws,https://letterboxd.com/film/jaws/,2026-05-04
Top 250 Most Fans,https://letterboxd.com/official/list/top-250-films-with-the-most-fans/,Clueless,https://letterboxd.com/film/clueless/,2026-05-04
Top 250 Most Fans,https://letterboxd.com/official/list/top-250-films-with-the-most-fans/,Hamnet,https://letterboxd.com/film/hamnet/,2026-05-04
Top 250 Most Fans,https://letterboxd.com/official/list/top-250-films-with-the-most-fans/,The Lego Batman Movie,https://letterboxd.com/film/the-lego-batman-movie/,2026-05-04
Top 250 Most Fans,https://letterboxd.com/official/list/top-250-films-with-the-most-fans/,Legally Blonde,https://letterboxd.com/film/legally-blonde/,2026-05-04
Top 250 Most Fans,https://letterboxd.com/official/list/top-250-films-with-the-most-fans/,Kiki's Delivery Service,https://letterboxd.com/film/kikis-delivery-service/,2026-05-04
Top 250 Most Fans,https://letterboxd.com/official/list/top-250-films-with-the-most-fans/,Hacksaw Ridge,https://letterboxd.com/film/hacksaw-ridge/,2026-05-04
Top 250 Most Fans,https://letterboxd.com/official/list/top-250-films-with-the-most-fans/,Soul,https://letterboxd.com/film/soul-2020/,2026-05-04
Top 250 Most Fans,https://letterboxd.com/official/list/top-250-films-with-the-most-fans/,The Green Mile,https://letterboxd.com/film/the-green-mile/,2026-05-04
Top 250 Most Fans,https://letterboxd.com/official/list/top-250-films-with-the-most-fans/,The Pianist,https://letterboxd.com/film/the-pianist/,2026-05-04
Top 250 Most Fans,https://letterboxd.com/official/list/top-250-films-with-the-most-fans/,Catch Me If You Can,https://letterboxd.com/film/catch-me-if-you-can-2002/,2026-05-04
Top 250 Most Fans,https://letterboxd.com/official/list/top-250-films-with-the-most-fans/,The Lion King,https://letterboxd.com/film/the-lion-king/,2026-05-04
Top 250 Most Fans,https://letterboxd.com/official/list/top-250-films-with-the-most-fans/,Y Tu Mamá También,https://letterboxd.com/film/y-tu-mama-tambien/,2026-05-04
Top 250 Most Fans,https://letterboxd.com/official/list/top-250-films-with-the-most-fans/,Jennifer's Body,https://letterboxd.com/film/jennifers-body/,2026-05-04
Top 250 Most Fans,https://letterboxd.com/official/list/top-250-films-with-the-most-fans/,I Saw the TV Glow,https://letterboxd.com/film/i-saw-the-tv-glow/,2026-05-04
Top 250 Most Fans,https://letterboxd.com/official/list/top-250-films-with-the-most-fans/,Blue Velvet,https://letterboxd.com/film/blue-velvet/,2026-05-04
Top 250 Most Fans,https://letterboxd.com/official/list/top-250-films-with-the-most-fans/,Moulin Rouge!,https://letterboxd.com/film/moulin-rouge-2001/,2026-05-04
Top 250 Most Fans,https://letterboxd.com/official/list/top-250-films-with-the-most-fans/,Alice in Wonderland,https://letterboxd.com/film/alice-in-wonderland-2010/,2026-05-04
Top 250 Most Fans,https://letterboxd.com/official/list/top-250-films-with-the-most-fans/,One Flew Over the Cuckoo's Nest,https://letterboxd.com/film/one-flew-over-the-cuckoos-nest/,2026-05-04
Top 250 Most Fans,https://letterboxd.com/official/list/top-250-films-with-the-most-fans/,Hot Fuzz,https://letterboxd.com/film/hot-fuzz/,2026-05-04
Top 250 Most Fans,https://letterboxd.com/official/list/top-250-films-with-the-most-fans/,All About Lily Chou-Chou,https://letterboxd.com/film/all-about-lily-chou-chou/,2026-05-04
Top 250 Most Fans,https://letterboxd.com/official/list/top-250-films-with-the-most-fans/,Barbie,https://letterboxd.com/film/barbie/,2026-05-04
Top 250 Most Fans,https://letterboxd.com/official/list/top-250-films-with-the-most-fans/,Frances Ha,https://letterboxd.com/film/frances-ha/,2026-05-04
Top 250 Most Fans,https://letterboxd.com/official/list/top-250-films-with-the-most-fans/,The Conjuring,https://letterboxd.com/film/the-conjuring/,2026-05-04
Top 250 Most Fans,https://letterboxd.com/official/list/top-250-films-with-the-most-fans/,Dazed and Confused,https://letterboxd.com/film/dazed-and-confused/,2026-05-04
Top 250 Most Fans,https://letterboxd.com/official/list/top-250-films-with-the-most-fans/,Top Gun: Maverick,https://letterboxd.com/film/top-gun-maverick/,2026-05-04
Top 250 Most Fans,https://letterboxd.com/official/list/top-250-films-with-the-most-fans/,Akira,https://letterboxd.com/film/akira/,2026-05-04
Top 250 Most Fans,https://letterboxd.com/official/list/top-250-films-with-the-most-fans/,Harry Potter and the Goblet of Fire,https://letterboxd.com/film/harry-potter-and-the-goblet-of-fire/,2026-05-04
Top 250 Most Fans,https://letterboxd.com/official/list/top-250-films-with-the-most-fans/,Singin' in the Rain,https://letterboxd.com/film/singin-in-the-rain/,2026-05-04
Top 250 Most Fans,https://letterboxd.com/official/list/top-250-films-with-the-most-fans/,Amadeus,https://letterboxd.com/film/amadeus/,2026-05-04
Top 250 Most Fans,https://letterboxd.com/official/list/top-250-films-with-the-most-fans/,Coco,https://letterboxd.com/film/coco-2017/,2026-05-04
Top 250 Most Fans,https://letterboxd.com/official/list/top-250-films-with-the-most-fans/,Avatar: The Way of Water,https://letterboxd.com/film/avatar-the-way-of-water/,2026-05-04
Top 250 Most Fans,https://letterboxd.com/official/list/top-250-films-with-the-most-fans/,Marty Supreme,https://letterboxd.com/film/marty-supreme/,2026-05-04
Top 250 Most Fans,https://letterboxd.com/official/list/top-250-films-with-the-most-fans/,mid90s,https://letterboxd.com/film/mid90s/,2026-05-04
Top 250 Most Fans,https://letterboxd.com/official/list/top-250-films-with-the-most-fans/,Moonrise Kingdom,https://letterboxd.com/film/moonrise-kingdom/,2026-05-04
Top 250 Most Fans,https://letterboxd.com/official/list/top-250-films-with-the-most-fans/,Priscilla,https://letterboxd.com/film/priscilla/,2026-05-04
Top 250 Most Fans,https://letterboxd.com/official/list/top-250-films-with-the-most-fans/,Flipped,https://letterboxd.com/film/flipped/,2026-05-04
Top 250 Most Fans,https://letterboxd.com/official/list/top-250-films-with-the-most-fans/,Atonement,https://letterboxd.com/film/atonement/,2026-05-04
Top 250 Most Fans,https://letterboxd.com/official/list/top-250-films-with-the-most-fans/,Heathers,https://letterboxd.com/film/heathers/,2026-05-04
Top 250 Most Fans,https://letterboxd.com/official/list/top-250-films-with-the-most-fans/,Casablanca,https://letterboxd.com/film/casablanca/,2026-05-04
Top 250 Most Fans,https://letterboxd.com/official/list/top-250-films-with-the-most-fans/,Shrek,https://letterboxd.com/film/shrek/,2026-05-04
Top 250 Most Fans,https://letterboxd.com/official/list/top-250-films-with-the-most-fans/,Stalker,https://letterboxd.com/film/stalker/,2026-05-04
Top 250 Most Fans,https://letterboxd.com/official/list/top-250-films-with-the-most-fans/,Halloween,https://letterboxd.com/film/halloween-1978/,2026-05-04
