film_slug,film_id,title,genre_1,genre_2,genre_3,genre_4,genre_5
the-drama,,The Drama,Romance,Drama,Comedy,,
send-help,,Send Help,Thriller,Horror,Comedy,,
28-years-later-the-bone-temple,,28 Years Later: The Bone Temple,Horror,Science Fiction,Thriller,,
avatar-fire-and-ash,,Avatar: Fire and Ash,Adventure,Fantasy,Science Fiction,,
marty-supreme,,Marty Supreme,Thriller,Drama,,,
primate-2025,,Primate,Horror,Thriller,,,
one-battle-after-another,,One Battle After Another,Thriller,Comedy,Action,Crime,
bad-apples-2025,,Bad Apples,Thriller,Comedy,,,
wake-up-dead-man,,Wake Up Dead Man,Comedy,Thriller,Mystery,,
steve-2025,,Steve,Drama,,,,
the-smashing-machine-2025,,The Smashing Machine,Drama,Action,History,,
frankenstein-2025,,Frankenstein,Fantasy,Drama,Horror,Science Fiction,
hamnet,,Hamnet,History,Drama,Romance,,
after-the-hunt-2025,,After the Hunt,Drama,,,,
no-other-choice-2025,,No Other Choice,Crime,Comedy,Thriller,,
rose-of-nevada,,Rose of Nevada,Science Fiction,Drama,Mystery,,
bugonia,,Bugonia,Thriller,Science Fiction,Comedy,,
jay-kelly,,Jay Kelly,Drama,Comedy,,,
weapons-2025,,Weapons,Horror,Mystery,,,
the-naked-gun,,The Naked Gun,Action,Comedy,Crime,,
m3gan-20,,M3GAN 2.0,Action,Thriller,Science Fiction,,
28-years-later,,28 Years Later,Science Fiction,Thriller,Horror,,
titan-the-oceangate-submersible-disaster,,Titan: The OceanGate Submersible Disaster,Documentary,Drama,,,
the-mastermind-2025,,The Mastermind,Crime,Drama,,,
fear-street-prom-queen,,Fear Street: Prom Queen,Horror,Mystery,,,
sentimental-value-2025,,Sentimental Value,Drama,,,,
the-history-of-sound,,The History of Sound,Drama,Music,Romance,,
connemara,,Connemara,Drama,,,,
romeria,,Romería,Drama,,,,
eleanor-the-great,,Eleanor the Great,Drama,,,,
it-was-just-an-accident,,It Was Just an Accident,Thriller,Drama,Crime,Mystery,
splitsville,,Splitsville,Comedy,Romance,,,
alpha-2025,,Alpha,Horror,Science Fiction,Drama,,
the-phoenician-scheme,,The Phoenician Scheme,Adventure,Comedy,Crime,,
pillion-2025,,Pillion,Drama,Romance,Comedy,,
die-my-love,,Die My Love,Drama,,,,
eddington,,Eddington,Comedy,Western,Crime,,
bring-her-back,,Bring Her Back,Horror,,,,
final-destination-bloodlines,,Final Destination Bloodlines,Mystery,Horror,,,
mission-impossible-the-final-reckoning,,Mission: Impossible – The Final Reckoning,Action,Adventure,Thriller,,
sinners-2025,,Sinners,Thriller,Action,Horror,,
a-minecraft-movie,,A Minecraft Movie,Adventure,Family,Fantasy,Comedy,
nirvanna-the-band-the-show-the-movie,,Nirvanna the Band the Show the Movie,Comedy,Adventure,Science Fiction,,
mickey-17,,Mickey 17,Comedy,Adventure,Science Fiction,,
the-monkey-2025,,The Monkey,Comedy,Horror,,,
bridget-jones-mad-about-the-boy,,Bridget Jones: Mad About the Boy,Drama,Comedy,Romance,,
lurker-2025,,Lurker,Drama,Thriller,,,
sorry-baby-2025,,"Sorry, Baby",Comedy,Drama,,,
train-dreams,,Train Dreams,Drama,,,,
if-i-had-legs-id-kick-you,,If I Had Legs I'd Kick You,Drama,,,,
a-complete-unknown,,A Complete Unknown,Drama,Music,,,
sonic-the-hedgehog-3,,Sonic the Hedgehog 3,Comedy,Science Fiction,Action,Family,
hot-frosty,,Hot Frosty,Romance,Comedy,,,
nosferatu-2024,,Nosferatu,Fantasy,Horror,,,
wallace-gromit-vengeance-most-fowl,,Wallace & Gromit: Vengeance Most Fowl,Adventure,Comedy,Animation,Family,
wicked-2024,,Wicked,Romance,Drama,Fantasy,,
smile-2-2024,,Smile 2,Mystery,Horror,Music,,
terrifier-3,,Terrifier 3,Horror,,,,
bring-them-down,,Bring Them Down,Drama,Thriller,,,
hard-truths-2024,,Hard Truths,Comedy,Drama,,,
we-live-in-time,,We Live in Time,Drama,Romance,,,
joker-folie-a-deux,,Joker: Folie à Deux,Thriller,Crime,Drama,,
queer-2024,,Queer,Romance,Drama,,,
the-room-next-door-2024,,The Room Next Door,Drama,Comedy,,,
saturday-night-2024,,Saturday Night,Drama,Comedy,,,
better-man-2024,,Better Man,Music,Drama,,,
conclave,,Conclave,Drama,Thriller,,,
nickel-boys,,Nickel Boys,Drama,History,,,
the-crow-2024,,The Crow,Action,Fantasy,Horror,,
alien-romulus,,Alien: Romulus,Science Fiction,Horror,,,
deadpool-wolverine,,Deadpool & Wolverine,Science Fiction,Action,Comedy,,
trap-2024,,Trap,Crime,Thriller,Horror,,
twisters,,Twisters,Thriller,Action,,,
longlegs,,Longlegs,Crime,Horror,Mystery,,
maxxxine,,MaXXXine,Horror,Thriller,,,
flow-2024,,Flow,Family,Fantasy,Animation,Adventure,
anora,,Anora,Drama,Romance,Comedy,,
the-apprentice-2024,,The Apprentice,Comedy,History,Drama,,
the-substance,,The Substance,Horror,Science Fiction,,,
the-surfer-2024,,The Surfer,Thriller,Drama,,,
kinds-of-kindness,,Kinds of Kindness,Comedy,Drama,,,
bird-2024,,Bird,Drama,,,,
megalopolis-2024,,Megalopolis,Drama,Science Fiction,Fantasy,,
furiosa-a-mad-max-saga,,Furiosa: A Mad Max Saga,Science Fiction,Action,Adventure,,
scoop-2024,,Scoop,TV Movie,Drama,,,
challengers,,Challengers,Romance,Drama,,,
godzilla-kong-the-new-empire,,Godzilla × Kong: The New Empire,Science Fiction,Adventure,Action,,
the-idea-of-you-2024,,The Idea of You,Drama,Romance,Comedy,Music,
irish-wish,,Irish Wish,Romance,Fantasy,Comedy,,
brandy-hellville-the-cult-of-fast-fashion,,Brandy Hellville & the Cult of Fast Fashion,Documentary,,,,
ren-faire,,Ren Faire,Documentary,,,,
small-things-like-these,,Small Things Like These,Drama,,,,
crossing-2024,,Crossing,Drama,,,,
madame-web,,Madame Web,Action,Fantasy,,,
dune-part-two,,Dune: Part Two,Adventure,Science Fiction,,,
a-real-pain,,A Real Pain,Comedy,Drama,,,
love-lies-bleeding-2024,,Love Lies Bleeding,Thriller,Crime,Romance,,
kneecap,,Kneecap,Comedy,Drama,Music,,
wonka,,Wonka,Fantasy,Family,Comedy,,
merchant-ivory,,Merchant Ivory,Documentary,,,,
the-iron-claw-2023,,The Iron Claw,History,Drama,,,
the-hunger-games-the-ballad-of-songbirds-snakes,,The Hunger Games: The Ballad of Songbirds & Snakes,Action,Science Fiction,,,
thanksgiving-2023,,Thanksgiving,Mystery,Horror,,,
five-nights-at-freddys,,Five Nights at Freddy's,Horror,Thriller,,,
chicken-run-dawn-of-the-nugget,,Chicken Run: Dawn of the Nugget,Comedy,Adventure,Family,Animation,
the-exorcist-believer,,The Exorcist: Believer,Horror,,,,
saw-x,,Saw X,Horror,Mystery,,,
no-one-will-save-you,,No One Will Save You,Science Fiction,Horror,,,
a-haunting-in-venice,,A Haunting in Venice,Crime,Mystery,Thriller,,
american-fiction,,American Fiction,Comedy,Drama,,,
hit-man-2023,,Hit Man,Comedy,Crime,Romance,,
priscilla,,Priscilla,Drama,Romance,,,
the-killer-2023,,The Killer,Thriller,Crime,,,
maestro-2023,,Maestro,Drama,Music,Romance,,
nyad,,NYAD,Drama,History,,,
poor-things-2023,,Poor Things,Romance,Science Fiction,Comedy,,
the-royal-hotel,,The Royal Hotel,Drama,Thriller,,,
the-wonderful-story-of-henry-sugar,,The Wonderful Story of Henry Sugar,Fantasy,Comedy,,,
all-of-us-strangers,,All of Us Strangers,Drama,Romance,Fantasy,,
saltburn,,Saltburn,Comedy,Drama,Thriller,,
the-holdovers,,The Holdovers,Drama,Comedy,,,
ferrari-2023,,Ferrari,History,Drama,,,
the-bikeriders,,The Bikeriders,Crime,Drama,,,
el-conde,,El Conde,Horror,Comedy,Fantasy,,
retribution-2023,,Retribution,Adventure,Action,Thriller,,
teenage-mutant-ninja-turtles-mutant-mayhem,,Teenage Mutant Ninja Turtles: Mutant Mayhem,Action,Comedy,Animation,Science Fiction,
gran-turismo,,Gran Turismo,Adventure,Action,Drama,,
the-boy-and-the-heron,,The Boy and the Heron,Animation,Fantasy,Drama,,
oppenheimer-2023,,Oppenheimer,Drama,History,,,
barbie,,Barbie,Comedy,Fantasy,Adventure,,
insidious-the-red-door,,Insidious: The Red Door,Horror,Thriller,,,
paradise-2023-1,,Paradise,Science Fiction,Thriller,,,
mission-impossible-dead-reckoning,,Mission: Impossible – Dead Reckoning,Action,Thriller,Adventure,,
black-mirror-demon-79,,Black Mirror: Demon 79,TV Movie,Science Fiction,Horror,Thriller,
black-mirror-mazey-day,,Black Mirror: Mazey Day,Thriller,Science Fiction,Horror,TV Movie,
black-mirror-beyond-the-sea,,Black Mirror: Beyond the Sea,Horror,Science Fiction,Thriller,TV Movie,
black-mirror-loch-henry,,Black Mirror: Loch Henry,TV Movie,Science Fiction,Thriller,Mystery,
black-mirror-joan-is-awful,,Black Mirror: Joan Is Awful,TV Movie,Drama,Thriller,Science Fiction,
they-cloned-tyrone,,They Cloned Tyrone,Comedy,Science Fiction,Mystery,,
the-flash,,The Flash,Adventure,Action,Science Fiction,,
meg-2-the-trench,,Meg 2: The Trench,Action,Horror,Science Fiction,,
spider-man-across-the-spider-verse,,Spider-Man: Across the Spider-Verse,Animation,Science Fiction,Adventure,Action,
la-chimera,,La Chimera,Drama,Comedy,Fantasy,,
perfect-days-2023,,Perfect Days,Drama,,,,
in-our-day,,In Our Day,Drama,,,,
cobweb-2023-1,,Cobweb,Drama,Comedy,,,
the-taste-of-things,,The Taste of Things,Romance,Drama,,,
asteroid-city,,Asteroid City,Drama,Comedy,,,
kidnapped-2023,,Kidnapped,History,Drama,,,
kubi,,Kubi,Action,Drama,Thriller,History,Comedy
fallen-leaves-2023,,Fallen Leaves,Romance,Drama,Comedy,,
the-boogeyman,,The Boogeyman,Horror,,,,
club-zero,,Club Zero,Comedy,Drama,Thriller,,
anatomy-of-a-fall,,Anatomy of a Fall,Crime,Thriller,Mystery,,
killers-of-the-flower-moon,,Killers of the Flower Moon,Crime,History,Drama,,
may-december,,May December,Drama,,,,
the-zone-of-interest,,The Zone of Interest,War,Drama,History,,
how-to-have-sex,,How to Have Sex,Drama,,,,
the-new-boy,,The New Boy,Drama,,,,
monster-2023,,Monster,Thriller,Mystery,Drama,,
strange-way-of-life,,Strange Way of Life,Western,Romance,Drama,,
blood-gold,,Blood & Gold,Drama,Action,War,,
beau-is-afraid,,Beau Is Afraid,Comedy,Fantasy,Adventure,,
the-super-mario-bros-movie,,The Super Mario Bros. Movie,Adventure,Animation,Comedy,Family,Fantasy
clock-2023,,Clock,Thriller,Horror,,,
murder-mystery-2,,Murder Mystery 2,Mystery,Comedy,Crime,,
air-2023,,Air,Drama,History,,,
evil-dead-rise,,Evil Dead Rise,Horror,Thriller,,,
bottoms,,Bottoms,Comedy,,,,
dungeons-dragons-honor-among-thieves,,Dungeons & Dragons: Honor Among Thieves,Fantasy,Adventure,Comedy,,
john-wick-chapter-4,,John Wick: Chapter 4,Crime,Action,Thriller,,
scream-vi,,Scream VI,Crime,Thriller,Horror,,
luther-the-fallen-sun,,Luther: The Fallen Sun,Crime,Thriller,Mystery,,
cocaine-bear,,Cocaine Bear,Crime,Comedy,Thriller,,
orlando-my-political-biography,,"Orlando, My Political Biography",Documentary,,,,
reality-2023,,Reality,Drama,Thriller,,,
blackberry-2023,,BlackBerry,Drama,History,Comedy,,
ant-man-and-the-wasp-quantumania,,Ant-Man and the Wasp: Quantumania,Adventure,Science Fiction,Action,,
knock-at-the-cabin,,Knock at the Cabin,Mystery,Horror,Thriller,,
passages-2023,,Passages,Drama,Romance,,,
rye-lane,,Rye Lane,Comedy,Romance,,,
scrapper-2023,,Scrapper,Comedy,Drama,,,
past-lives,,Past Lives,Drama,Romance,,,
theater-camp-2023,,Theater Camp,Comedy,,,,
polite-society,,Polite Society,Action,Comedy,Drama,,
m3gan,,M3GAN,Science Fiction,Horror,,,
avatar-the-way-of-water,,Avatar: The Way of Water,Science Fiction,Action,Adventure,,
your-christmas-or-mine,,Your Christmas or Mine?,Romance,Comedy,,,
troll-2022,,Troll,Action,Fantasy,Adventure,,
puss-in-boots-the-last-wish,,Puss in Boots: The Last Wish,Animation,Family,Fantasy,Comedy,Adventure
disenchanted,,Disenchanted,Comedy,Fantasy,Family,,
stutz,,Stutz,Documentary,,,,
talk-to-me-2022,,Talk to Me,Fantasy,Horror,,,
black-panther-wakanda-forever,,Black Panther: Wakanda Forever,Science Fiction,Adventure,Action,,
guillermo-del-toros-pinocchio,,Guillermo del Toro's Pinocchio,Drama,Adventure,Animation,Fantasy,
lyle-lyle-crocodile,,"Lyle, Lyle, Crocodile",Comedy,Music,Family,,
halloween-ends,,Halloween Ends,Horror,Thriller,,,
the-estate-2022,,The Estate,Comedy,Drama,,,
roald-dahls-matilda-the-musical,,Roald Dahl's Matilda the Musical,Comedy,Family,Fantasy,,
hocus-pocus-2,,Hocus Pocus 2,Comedy,Fantasy,,,
the-almond-and-the-seahorse,,The Almond and the Seahorse,Drama,Romance,,,
smile-2022,,Smile,Horror,Mystery,,,
amsterdam-2022,,Amsterdam,Mystery,Comedy,Drama,,
do-revenge,,Do Revenge,Thriller,Comedy,Romance,,
sanctuary-2022,,Sanctuary,Thriller,Drama,,,
sick-2022,,Sick,Horror,Mystery,,,
my-policeman,,My Policeman,Drama,Romance,,,
the-good-nurse,,The Good Nurse,Mystery,Crime,Drama,,
catherine-called-birdy,,Catherine Called Birdy,Comedy,Adventure,,,
how-to-blow-up-a-pipeline,,How to Blow Up a Pipeline,Thriller,Crime,Drama,,
causeway,,Causeway,Drama,,,,
the-fabelmans,,The Fabelmans,Drama,,,,
glass-onion,,Glass Onion,Crime,Mystery,Comedy,,
the-menu-2022,,The Menu,Comedy,Horror,,,
allelujah,,Allelujah,Drama,,,,
see-how-they-run-2022,,See How They Run,Comedy,Crime,Mystery,,
bros,,Bros,Comedy,Romance,,,
blonde-2022,,Blonde,Drama,,,,
the-son-2022,,The Son,Drama,,,,
pinocchio-2022,,Pinocchio,Adventure,Fantasy,Family,,
saint-omer,,Saint Omer,Crime,Drama,,,
the-banshees-of-inisherin,,The Banshees of Inisherin,Comedy,Drama,,,
dont-worry-darling,,Don't Worry Darling,Mystery,Science Fiction,Thriller,,
the-whale-2022,,The Whale,Drama,,,,
pearl-2022,,Pearl,Horror,Thriller,,,
the-wonder,,The Wonder,Drama,Mystery,,,
lady-chatterleys-lover-2022,,Lady Chatterley's Lover,Romance,Drama,,,
women-talking,,Women Talking,Drama,,,,
bones-and-all,,Bones and All,Horror,Drama,Romance,,
tar-2022,,TÁR,Music,Drama,,,
blue-jean,,Blue Jean,Drama,,,,
bardo-false-chronicle-of-a-handful-of-truths,,"BARDO, False Chronicle of a Handful of Truths",Drama,Comedy,,,
white-noise-2022,,White Noise,Comedy,Drama,,,
terrifier-2,,Terrifier 2,Horror,,,,
barbarian-2022,,Barbarian,Horror,Mystery,,,
i-came-by,,I Came By,Crime,Thriller,,,
beast-2022-1,,Beast,Action,Horror,Thriller,Adventure,
fall-2022,,Fall,Thriller,,,,
day-shift-2022,,Day Shift,Fantasy,Comedy,Thriller,Horror,Action
medusa-deluxe,,Medusa Deluxe,Comedy,Drama,Thriller,Mystery,
prey-2022,,Prey,Action,Thriller,Science Fiction,,
orphan-first-kill,,Orphan: First Kill,Horror,Thriller,,,
skinamarink,,Skinamarink,Horror,,,,
they-them-2022-1,,They/Them,Horror,Mystery,,,
nope,,Nope,Science Fiction,Horror,,,
mrs-harris-goes-to-paris,,Mrs. Harris Goes to Paris,History,Drama,Comedy,,
the-gray-man-2022,,The Gray Man,Thriller,Action,,,
persuasion-2022,,Persuasion,Drama,Comedy,Romance,,
minions-the-rise-of-gru,,Minions: The Rise of Gru,Science Fiction,Family,Animation,Comedy,Adventure
thor-love-and-thunder,,Thor: Love and Thunder,Action,Fantasy,Comedy,,
spiderhead,,Spiderhead,Thriller,Science Fiction,,,
dragon-ball-super-super-hero,,Dragon Ball Super: Super Hero,Animation,Action,Science Fiction,,
lightyear-2022,,Lightyear,Family,Science Fiction,Adventure,Animation,
blood-in-the-water-2022,,Blood in the Water,Horror,Thriller,,,
hustle-2022,,Hustle,Comedy,Drama,,,
fire-island-2022,,Fire Island,Romance,Comedy,,,
close-2022,,Close,Drama,,,,
elvis-2022,,Elvis,Music,History,Drama,,
decision-to-leave,,Decision to Leave,Mystery,Thriller,Romance,,
jurassic-world-dominion,,Jurassic World Dominion,Thriller,Science Fiction,Adventure,,
crimes-of-the-future-2022,,Crimes of the Future,Horror,Thriller,Science Fiction,,
sick-of-myself,,Sick of Myself,Comedy,Horror,,,
holy-spider,,Holy Spider,Crime,Drama,Thriller,,
aftersun,,Aftersun,Drama,,,,
triangle-of-sadness,,Triangle of Sadness,Drama,Comedy,,,
enys-men,,Enys Men,Drama,Horror,,,
the-stranger-2022,,The Stranger,Thriller,Drama,Crime,,
chip-n-dale-rescue-rangers,,Chip 'n Dale: Rescue Rangers,Mystery,Animation,Comedy,Adventure,Family
men-2022,,Men,Fantasy,Horror,Thriller,,
jackass-45,,Jackass 4.5,Action,Comedy,Documentary,,
eo,,EO,Adventure,Drama,,,
senior-year-2022,,Senior Year,Comedy,,,,
top-gun-maverick,,Top Gun: Maverick,Action,Drama,,,
doctor-strange-in-the-multiverse-of-madness,,Doctor Strange in the Multiverse of Madness,Fantasy,Action,Adventure,,
doctor-who-legend-of-the-sea-devils,,Doctor Who: Legend of the Sea Devils,Drama,Science Fiction,Adventure,,
sonic-the-hedgehog-2,,Sonic the Hedgehog 2,Adventure,Family,Comedy,Action,
gateways-grind,,Gateways Grind,Documentary,,,,
rrr,,RRR,Adventure,Action,Drama,,
morbius,,Morbius,Science Fiction,Action,Fantasy,,
deep-water-2022,,Deep Water,Drama,Mystery,Thriller,,
bodies-bodies-bodies,,Bodies Bodies Bodies,Comedy,Mystery,Horror,Thriller,
x-2022,,X,Horror,Thriller,,,
the-unbearable-weight-of-massive-talent,,The Unbearable Weight of Massive Talent,Crime,Action,Comedy,,
everything-everywhere-all-at-once,,Everything Everywhere All at Once,Science Fiction,Adventure,Comedy,Action,
windfall,,Windfall,Crime,Drama,Thriller,,
the-adam-project,,The Adam Project,Comedy,Adventure,Science Fiction,,
turning-red,,Turning Red,Family,Fantasy,Animation,Comedy,
texas-chainsaw-massacre,,Texas Chainsaw Massacre,Drama,Crime,Horror,,
tall-girl-2,,Tall Girl 2,Comedy,Romance,Drama,,
death-on-the-nile-2022,,Death on the Nile,Crime,Thriller,Mystery,,
the-tinder-swindler,,The Tinder Swindler,Crime,Documentary,,,
marry-me-2022,,Marry Me,Comedy,Romance,Music,,
jackass-forever,,Jackass Forever,Action,Documentary,Comedy,,
emily-the-criminal,,Emily the Criminal,Thriller,Crime,Drama,,
am-i-ok,,Am I OK?,Romance,Comedy,Drama,,
cha-cha-real-smooth,,Cha Cha Real Smooth,Romance,Drama,Comedy,,
alice-2022,,Alice,Thriller,Drama,,,
sharp-stick,,Sharp Stick,Drama,Romance,Comedy,,
living-2022,,Living,Drama,,,,
fire-of-love-2022,,Fire of Love,Documentary,,,,
fresh-2022,,Fresh,Horror,Thriller,,,
the-princess-2022,,The Princess,Documentary,History,,,
scream-2022,,Scream,Mystery,Horror,,,
death-to-2021,,Death to 2021,Comedy,,,,
the-matrix-resurrections,,The Matrix Resurrections,Adventure,Science Fiction,Action,,
spider-man-no-way-home,,Spider-Man: No Way Home,Adventure,Action,Science Fiction,,
dont-look-up-2021,,Don't Look Up,Drama,Science Fiction,Comedy,,
nightmare-alley-2021,,Nightmare Alley,Drama,Crime,Thriller,,
west-side-story-2021,,West Side Story,Romance,Crime,Drama,,
licorice-pizza,,Licorice Pizza,Drama,Romance,Comedy,,
tick-tick-boom-2021,,"tick, tick... BOOM!",Drama,Music,,,
house-of-gucci,,House of Gucci,Drama,Crime,History,,
millie-lies-low,,Millie Lies Low,Comedy,Drama,,,
love-hard,,Love Hard,Comedy,Romance,,,
eternals,,Eternals,Action,Science Fiction,Adventure,,
encanto,,Encanto,Comedy,Family,Fantasy,Animation,
the-harder-they-fall-2021,,The Harder They Fall,Western,,,,
diana-the-musical,,Diana: The Musical,Drama,History,Romance,,
no-time-to-die-2021,,No Time to Die,Action,Adventure,Thriller,,
the-black-phone,,The Black Phone,Thriller,Horror,,,
the-tragedy-of-macbeth,,The Tragedy of Macbeth,Drama,,,,
venom-let-there-be-carnage,,Venom: Let There Be Carnage,Science Fiction,Action,Adventure,,
the-humans,,The Humans,Drama,,,,
the-last-duel-2021,,The Last Duel,Thriller,History,Drama,Action,
the-guilty-2021,,The Guilty,Drama,Thriller,,,
halloween-kills,,Halloween Kills,Horror,Thriller,,,
official-competition,,Official Competition,Drama,Comedy,,,
last-night-in-soho,,Last Night in Soho,Horror,Mystery,,,
marcel-the-shell-with-shoes-on-2021,,Marcel the Shell with Shoes On,Animation,Drama,Comedy,Family,
the-lost-daughter-2021,,The Lost Daughter,Drama,,,,
spencer-2021,,Spencer,Drama,,,,
cinderella-2021,,Cinderella,Fantasy,Comedy,Romance,,
dune-2021,,Dune,Science Fiction,Adventure,,,
king-richard,,King Richard,History,Drama,,,
cmon-cmon,,C'mon C'mon,Drama,,,,
the-power-of-the-dog,,The Power of the Dog,Western,Drama,,,
malignant-2021,,Malignant,Horror,Mystery,,,
hes-all-that,,He's All That,Comedy,Romance,,,
ghostbusters-afterlife,,Ghostbusters: Afterlife,Comedy,Adventure,Fantasy,,
candyman-2021,,Candyman,Horror,Thriller,,,
shang-chi-and-the-legend-of-the-ten-rings,,Shang-Chi and the Legend of the Ten Rings,Adventure,Fantasy,Action,,
the-kissing-booth-3,,The Kissing Booth 3,Romance,Comedy,,,
she-will,,She Will,Drama,Horror,,,
free-guy,,Free Guy,Comedy,Adventure,Science Fiction,,
the-suicide-squad,,The Suicide Squad,Action,Comedy,Adventure,,
old-2021,,Old,Thriller,Mystery,Horror,,
red-rocket-2021,,Red Rocket,Comedy,Drama,,,
fear-street-1666,,Fear Street: 1666,Mystery,Horror,,,
lamb-2021,,Lamb,Drama,Fantasy,Horror,,
titane,,Titane,Thriller,Horror,Science Fiction,Drama,
pig-2021,,Pig,Mystery,Thriller,Drama,,
bergman-island-2021,,Bergman Island,Romance,Drama,,,
the-french-dispatch-of-the-liberty-kansas,,"The French Dispatch of the Liberty, Kansas Evening Sun",Drama,Comedy,,,
drive-my-car,,Drive My Car,Drama,,,,
benedetta,,Benedetta,Drama,Romance,History,,
after-yang,,After Yang,Drama,Science Fiction,,,
the-worst-person-in-the-world,,The Worst Person in the World,Drama,Romance,Comedy,,
cow-2021,,Cow,Documentary,,,,
the-souvenir-part-ii,,The Souvenir: Part II,Drama,Romance,,,
fear-street-1978,,Fear Street: 1978,Horror,Mystery,,,
the-velvet-underground-2021,,The Velvet Underground,Music,Documentary,,,
space-jam-a-new-legacy,,Space Jam: A New Legacy,Animation,Adventure,Comedy,Family,Science Fiction
boiling-point-2021,,Boiling Point,Drama,Thriller,,,
escape-room-tournament-of-champions,,Escape Room: Tournament of Champions,Thriller,Mystery,Horror,,
black-widow-2021,,Black Widow,Action,Adventure,Science Fiction,,
fear-street-1994,,Fear Street: 1994,Horror,Mystery,,,
no-sudden-move,,No Sudden Move,Thriller,Crime,,,
luca-2021,,Luca,Fantasy,Comedy,Drama,Family,Animation
in-the-heights,,In the Heights,Romance,Drama,,,
the-conjuring-the-devil-made-me-do-it,,The Conjuring: The Devil Made Me Do It,Thriller,Horror,Mystery,,
cruella,,Cruella,Drama,Comedy,Crime,,
the-woman-in-the-window-2021,,The Woman in the Window,Crime,Thriller,Mystery,,
oxygen-2021,,Oxygen,Horror,Thriller,Science Fiction,,
spiral-from-the-book-of-saw,,Spiral: From the Book of Saw,Horror,Mystery,,,
wrath-of-man,,Wrath of Man,Thriller,Drama,Crime,,
army-of-the-dead-2021,,Army of the Dead,Horror,Action,Crime,,
bad-trip-2021,,Bad Trip,Comedy,,,,
godzilla-vs-kong,,Godzilla vs. Kong,Science Fiction,Adventure,Action,,
charli-xcx-alone-together,,Charli XCX: Alone Together,Documentary,Music,,,
nobody-2021,,Nobody,Action,Thriller,,,
zack-snyders-justice-league,,Zack Snyder's Justice League,Action,Fantasy,Adventure,,
the-feast-2021,,The Feast,Thriller,Horror,,,
yes-day,,YES DAY,Comedy,Family,,,
barb-star-go-to-vista-del-mar,,Barb & Star Go to Vista Del Mar,Comedy,,,,
passing-2021,,Passing,Drama,,,,
pleasure-2021,,Pleasure,Drama,,,,
a-glitch-in-the-matrix-2021,,A Glitch in the Matrix,Documentary,,,,
coda-2021,,CODA,Drama,Music,Romance,,
malcolm-marie,,Malcolm & Marie,Drama,Romance,,,
censor-2021,,Censor,Horror,Mystery,,,
wrong-turn-2021,,Wrong Turn,Thriller,Horror,,,
the-dig-2021,,The Dig,Drama,History,,,
death-to-2020,,Death to 2020,Comedy,,,,
wonder-woman-1984,,Wonder Woman 1984,Action,Adventure,Fantasy,,
the-midnight-sky,,The Midnight Sky,Drama,Science Fiction,,,
the-prom-2020,,The Prom,Comedy,Romance,,,
lovers-rock-2020,,Lovers Rock,Drama,Romance,,,
ma-raineys-black-bottom,,Ma Rainey's Black Bottom,Music,Drama,,,
happiest-season,,Happiest Season,Romance,Comedy,,,
mank,,Mank,History,Drama,,,
hillbilly-elegy,,Hillbilly Elegy,Drama,,,,
borat-subsequent-moviefilm-delivery-of-prodigious,,Borat Subsequent Moviefilm: Delivery of Prodigious Bribe to American Regime for Make Benefit Once Glorious Nation of Kazakhstan,Comedy,,,,
roald-dahls-the-witches,,Roald Dahl's The Witches,Comedy,Horror,Fantasy,Family,
soul-2020,,Soul,Music,Drama,Family,Animation,Fantasy
run-2020,,Run,Thriller,Horror,Drama,,
hubie-halloween,,Hubie Halloween,Horror,Mystery,Comedy,,
red-white-and-blue-2020,,"Red, White and Blue",Drama,,,,
david-attenborough-a-life-on-our-planet,,David Attenborough: A Life on Our Planet,Documentary,Drama,,,
the-trial-of-the-chicago-7,,The Trial of the Chicago 7,History,Drama,,,
enola-holmes,,Enola Holmes,Mystery,Crime,Adventure,,
on-the-rocks-2020,,On the Rocks,Romance,Comedy,Drama,,
i-care-a-lot,,I Care a Lot,Drama,Crime,Thriller,Comedy,
after-love-2020,,After Love,Drama,,,,
nomadland,,Nomadland,Drama,,,,
ammonite,,Ammonite,Romance,Drama,,,
the-devil-all-the-time,,The Devil All the Time,Crime,Drama,Thriller,,
mainstream-2020,,Mainstream,Comedy,Drama,,,
pieces-of-a-woman,,Pieces of a Woman,Drama,,,,
antebellum,,Antebellum,Horror,,,,
im-thinking-of-ending-things,,I'm Thinking of Ending Things,Fantasy,Thriller,Mystery,Drama,
class-action-park,,Class Action Park,Documentary,,,,
tenet,,Tenet,Science Fiction,Action,Thriller,,
pvt-chat,,PVT Chat,Drama,,,,
shithouse,,Shithouse,Comedy,Romance,Drama,,
an-american-pickle,,An American Pickle,Comedy,Drama,,,
the-kissing-booth-2,,The Kissing Booth 2,Comedy,Romance,,,
follow-me-2020,,Follow Me,Horror,Thriller,,,
eurovision-song-contest-the-story-of-fire-saga,,Eurovision Song Contest: The Story of Fire Saga,Music,Comedy,,,
da-5-bloods,,Da 5 Bloods,War,Drama,,,
freeze-2020,,Freeze,,,,,
capone-2020,,Capone,Drama,Crime,,,
tigertail,,Tigertail,Drama,,,,
shiva-baby-2020,,Shiva Baby,Comedy,Drama,,,
the-hunt-2020,,The Hunt,Thriller,Action,Horror,,
the-invisible-man-2020,,The Invisible Man,Science Fiction,Horror,Thriller,,
brahms-the-boy-ii,,Brahms: The Boy II,Horror,Thriller,Mystery,,
emma-2020,,Emma.,Romance,Comedy,,,
the-father-2020,,The Father,Drama,,,,
some-kind-of-heaven,,Some Kind of Heaven,Documentary,,,,
surge-2020,,Surge,Thriller,,,,
palm-springs-2020,,Palm Springs,Romance,Science Fiction,Comedy,,
promising-young-woman,,Promising Young Woman,Crime,Drama,Thriller,,
possessor,,Possessor,Thriller,Horror,Science Fiction,,
sonic-the-hedgehog,,Sonic the Hedgehog,Comedy,Family,Science Fiction,Action,
spree-2020,,Spree,Horror,Thriller,Comedy,Crime,
miss-americana,,Miss Americana,Music,Documentary,,,
cats-2019,,Cats,Comedy,Drama,Fantasy,,
star-wars-the-rise-of-skywalker,,Star Wars: The Rise of Skywalker,Adventure,Action,Science Fiction,,
little-women-2019,,Little Women,Drama,Romance,,,
last-christmas-2019,,Last Christmas,Comedy,Drama,Romance,,
let-it-snow-2019,,Let It Snow,Romance,Comedy,,,
klaus,,Klaus,Animation,Family,Comedy,,
doctor-sleep,,Doctor Sleep,Horror,Fantasy,,,
el-camino-a-breaking-bad-movie,,El Camino: A Breaking Bad Movie,Crime,Drama,Thriller,,
zombieland-double-tap,,Zombieland: Double Tap,Horror,Comedy,,,
the-irishman-2019,,The Irishman,History,Drama,Crime,,
tall-girl,,Tall Girl,Comedy,Drama,Romance,,
guns-akimbo,,Guns Akimbo,Comedy,Crime,Thriller,Action,
saint-maud,,Saint Maud,Horror,Thriller,Mystery,,
bad-education-2019,,Bad Education,History,Crime,Drama,,
two-of-us-2019,,Two of Us,Drama,Romance,,,
color-out-of-space,,Color Out of Space,Mystery,Science Fiction,Thriller,Horror,
knives-out-2019,,Knives Out,Mystery,Comedy,Crime,,
a-beautiful-day-in-the-neighborhood,,A Beautiful Day in the Neighborhood,History,Family,Drama,,
the-platform,,The Platform,Thriller,Drama,Science Fiction,,
hustlers-2019,,Hustlers,Comedy,Crime,Drama,,
the-personal-history-of-david-copperfield,,The Personal History of David Copperfield,Comedy,,,,
babyteeth,,Babyteeth,Drama,Romance,Comedy,,
the-king-2019,,The King,War,Drama,History,,
the-laundromat-2019,,The Laundromat,Drama,Comedy,Crime,,
the-two-popes,,The Two Popes,Drama,History,,,
first-cow,,First Cow,Western,Drama,,,
waves-2019,,Waves,Romance,Drama,,,
ford-v-ferrari,,Ford v Ferrari,Drama,Action,History,,
uncut-gems,,Uncut Gems,Crime,Thriller,Drama,,
marriage-story-2019,,Marriage Story,Drama,,,,
ad-astra-2019,,Ad Astra,Science Fiction,Drama,,,
it-chapter-two,,It Chapter Two,Drama,Thriller,Horror,,
ready-or-not-2019,,Ready or Not,Horror,Comedy,,,
bad-assistant,,Bad Assistant,,,,,
fast-furious-presents-hobbs-shaw,,Fast & Furious Presents: Hobbs & Shaw,Adventure,Action,Comedy,,
daughter-2019,,Daughter,Animation,Drama,,,
the-fabric-of-you,,The Fabric of You,Romance,Animation,Drama,Horror,
anima-2019,,Anima,Music,,,,
spider-man-far-from-home,,Spider-Man: Far From Home,Science Fiction,Adventure,Action,,
childs-play-2019,,Child's Play,Science Fiction,Horror,,,
midsommar,,Midsommar,Mystery,Drama,Horror,,
sequin-in-a-blue-room,,Sequin in a Blue Room,Thriller,Drama,,,
jonas-brothers-chasing-happiness,,Chasing Happiness,Music,Documentary,,,
always-be-my-maybe-2019,,Always Be My Maybe,Romance,Comedy,,,
ma-2019,,Ma,Horror,Thriller,,,
murder-mystery,,Murder Mystery,Comedy,Mystery,,,
matthias-maxime,,Matthias & Maxime,Romance,Drama,,,
parasite-2019,,Parasite,Thriller,Comedy,Drama,,
once-upon-a-time-in-hollywood,,Once Upon a Time... in Hollywood,Thriller,Drama,Comedy,,
portrait-of-a-lady-on-fire,,Portrait of a Lady on Fire,Drama,Romance,,,
the-lighthouse-2019,,The Lighthouse,Thriller,Fantasy,Horror,Drama,
rocketman-2019,,Rocketman,Drama,Music,,,
john-wick-chapter-3-parabellum,,John Wick: Chapter 3 – Parabellum,Action,Crime,Thriller,,
wine-country,,Wine Country,Comedy,,,,
yesterday-2019,,Yesterday,Comedy,Fantasy,Romance,Music,
tolkien-2019,,Tolkien,Romance,War,Drama,,
pokemon-detective-pikachu,,Pokémon Detective Pikachu,Action,Fantasy,Adventure,,
the-kill-team-2019,,The Kill Team,Drama,Action,War,,
avengers-endgame,,Avengers: Endgame,Science Fiction,Action,Adventure,,
homecoming-a-film-by-beyonce,,HOMECOMING: A film by Beyoncé,Music,Documentary,,,
the-perfect-date-2019,,The Perfect Date,Romance,Comedy,,,
after-2019,,After,Romance,Drama,,,
hellboy-2019,,Hellboy,Action,Fantasy,Adventure,Horror,
the-silence-2019,,The Silence,Horror,Thriller,Drama,Fantasy,
five-feet-apart,,Five Feet Apart,Romance,Drama,,,
dumbo-2019,,Dumbo,Family,Adventure,Fantasy,,
booksmart,,Booksmart,Comedy,,,,
the-peanut-butter-falcon,,The Peanut Butter Falcon,Drama,Adventure,Comedy,,
long-shot-2019,,Long Shot,Romance,Comedy,,,
us-2019,,Us,Horror,Mystery,,,
triple-frontier,,Triple Frontier,Action,Adventure,Thriller,Crime,
happy-death-day-2u,,Happy Death Day 2U,Comedy,Horror,Science Fiction,,
isnt-it-romantic-2019,,Isn't It Romantic,Romance,Comedy,Fantasy,,
alita-battle-angel,,Alita: Battle Angel,Adventure,Science Fiction,Action,,
the-souvenir,,The Souvenir,Drama,Romance,,,
velvet-buzzsaw,,Velvet Buzzsaw,Thriller,Mystery,Horror,,
wounds,,Wounds,Horror,Mystery,,,
the-last-black-man-in-san-francisco,,The Last Black Man in San Francisco,Drama,,,,
extremely-wicked-shockingly-evil-and-vile,,"Extremely Wicked, Shockingly Evil and Vile",Drama,Crime,,,
the-hole-in-the-ground-2019,,The Hole in the Ground,Horror,,,,
the-lodge-2019,,The Lodge,Horror,Thriller,Mystery,Drama,
honey-boy,,Honey Boy,Drama,,,,
polar-2019,,Polar,Drama,Action,Crime,,
serenity-2019,,Serenity,Drama,Thriller,Mystery,,
fyre-2019,,Fyre,Documentary,,,,
glass-2019,,Glass,Science Fiction,Drama,Thriller,,
escape-room-2019,,Escape Room,Thriller,Mystery,Horror,,
holmes-watson,,Holmes & Watson,Crime,Mystery,Comedy,,
welcome-to-marwen,,Welcome to Marwen,Comedy,Drama,,,
vice-2018,,Vice,Drama,Comedy,,,
dumplin,,Dumplin',Drama,Comedy,,,
spider-man-into-the-spider-verse,,Spider-Man: Into the Spider-Verse,Adventure,Animation,Action,Science Fiction,
aquaman-2018,,Aquaman,Fantasy,Action,Adventure,,
mary-queen-of-scots-2018,,Mary Queen of Scots,Drama,History,,,
dragon-ball-super-broly,,Dragon Ball Super: Broly,Science Fiction,Animation,Action,,
creed-ii,,Creed II,Drama,Action,,,
bird-box,,Bird Box,Thriller,Drama,Horror,,
the-grinch,,The Grinch,Fantasy,Animation,Comedy,Family,
the-nutcracker-and-the-four-realms,,The Nutcracker and the Four Realms,Fantasy,Family,Adventure,,
the-princess-switch,,The Princess Switch,Comedy,Romance,,,
bohemian-rhapsody,,Bohemian Rhapsody,Music,Drama,,,
venom-2018,,Venom,Science Fiction,Action,,,
bad-times-at-the-el-royale,,Bad Times at the El Royale,Crime,Mystery,Thriller,,
apostle-2018,,Apostle,Mystery,Horror,,,
johnny-english-strikes-again,,Johnny English Strikes Again,Comedy,Adventure,Action,,
hold-the-dark,,Hold the Dark,Thriller,Crime,Mystery,,
green-book,,Green Book,Drama,History,Comedy,,
the-death-life-of-john-f-donovan,,The Death & Life of John F. Donovan,Drama,,,,
slice-2018,,Slice,Horror,Comedy,,,
if-beale-street-could-talk,,If Beale Street Could Talk,Drama,Romance,,,
widows-2018,,Widows,Crime,Thriller,Drama,,
life-itself-2018,,Life Itself,Drama,Romance,,,
halloween-2018,,Halloween,Thriller,Horror,,,
sierra-burgess-is-a-loser,,Sierra Burgess Is a Loser,Drama,Romance,Comedy,,
the-predator,,The Predator,Science Fiction,Thriller,Action,,
vox-lux,,Vox Lux,Music,Drama,,,
at-eternitys-gate,,At Eternity's Gate,History,Drama,,,
suspiria-2018,,Suspiria,Horror,Mystery,Drama,,
the-quake,,The Quake,Drama,Thriller,Action,,
a-star-is-born-2018,,A Star Is Born,Music,Romance,Drama,,
the-front-runner,,The Front Runner,Drama,History,,,
the-ballad-of-buster-scruggs,,The Ballad of Buster Scruggs,Western,Drama,Comedy,,
roma-2018,,Roma,Drama,,,,
the-favourite,,The Favourite,Drama,Comedy,History,,
first-man,,First Man,History,Drama,,,
skin-2018-1,,Skin,Drama,,,,
to-all-the-boys-ive-loved-before,,To All the Boys I've Loved Before,Comedy,Romance,,,
the-package-2018,,The Package,Comedy,,,,
billionaire-boys-club-2018,,Billionaire Boys Club,Drama,,,,
mission-impossible-fallout,,Mission: Impossible – Fallout,Action,Adventure,,,
mamma-mia-here-we-go-again,,Mamma Mia! Here We Go Again,Comedy,Romance,,,
tau-2018,,Tau,Thriller,Horror,Science Fiction,,
sicario-day-of-the-soldado,,Sicario: Day of the Soldado,Thriller,Crime,Action,,
jurassic-world-fallen-kingdom,,Jurassic World: Fallen Kingdom,Adventure,Science Fiction,Thriller,,
oceans-eight,,Ocean's Eight,Crime,Action,Comedy,,
tag-2018,,Tag,Action,Comedy,,,
slender-man,,Slender Man,Horror,Thriller,Mystery,,
under-the-silver-lake,,Under the Silver Lake,Mystery,Crime,Drama,,
blackkklansman,,BlacKkKlansman,Drama,History,Crime,Comedy,
climax-2018,,Climax,Horror,Drama,Thriller,Music,
fahrenheit-451-2018,,Fahrenheit 451,Drama,Thriller,Science Fiction,,
the-kissing-booth,,The Kissing Booth,Comedy,Romance,,,
anon,,Anon,Mystery,Thriller,Science Fiction,Crime,
avengers-infinity-war,,Avengers: Infinity War,Action,Science Fiction,Adventure,,
truth-or-dare-2018,,Truth or Dare,Thriller,Horror,,,
the-guernsey-literary-potato-peel-pie-society,,The Guernsey Literary & Potato Peel Pie Society,History,Drama,Romance,,
ideal-home,,Ideal Home,Drama,Comedy,,,
shiva-baby,,Shiva Baby,Drama,Comedy,,,
ready-player-one,,Ready Player One,Science Fiction,Adventure,Action,,
unfriended-dark-web,,Unfriended: Dark Web,Horror,Mystery,,,
a-quiet-place-2018,,A Quiet Place,Drama,Science Fiction,Horror,,
the-strangers-prey-at-night,,The Strangers: Prey at Night,Horror,Thriller,,,
a-wrinkle-in-time-2018,,A Wrinkle in Time,Family,Fantasy,Adventure,Science Fiction,
mute-2018,,Mute,Thriller,Science Fiction,Mystery,,
unsane,,Unsane,Horror,Thriller,,,
irreplaceable-you,,Irreplaceable You,Drama,Comedy,Romance,,
game-night,,Game Night,Mystery,Comedy,Crime,,
isle-of-dogs-2018,,Isle of Dogs,Comedy,Animation,Adventure,,
hellraiser-judgment,,Hellraiser: Judgment,Thriller,Horror,,,
annihilation,,Annihilation,Science Fiction,Horror,,,
when-we-first-met,,When We First Met,Fantasy,Romance,Comedy,,
the-1517-to-paris,,The 15:17 to Paris,Drama,Thriller,,,
the-cloverfield-paradox,,The Cloverfield Paradox,Horror,Science Fiction,Mystery,,
black-panther,,Black Panther,Adventure,Science Fiction,Action,,
tully-2018,,Tully,Drama,Comedy,,,
skate-kitchen,,Skate Kitchen,Drama,Comedy,,,
hereditary,,Hereditary,Thriller,Horror,Mystery,,
sorry-to-bother-you,,Sorry to Bother You,Fantasy,Science Fiction,Comedy,,
wildlife-2018,,Wildlife,Drama,,,,
eighth-grade,,Eighth Grade,Drama,Comedy,,,
juliet-naked,,"Juliet, Naked",Drama,Comedy,Romance,,
the-open-house,,The Open House,Horror,Thriller,,,
fauve,,Fauve,Drama,,,,
searching-2018,,Searching,Drama,Thriller,Mystery,,
maze-runner-the-death-cure,,Maze Runner: The Death Cure,Action,Science Fiction,Adventure,Thriller,
insidious-the-last-key,,Insidious: The Last Key,Horror,Thriller,,,
bright,,Bright,Fantasy,Thriller,Action,,
phantom-thread,,Phantom Thread,Drama,Romance,,,
star-wars-the-last-jedi,,Star Wars: The Last Jedi,Adventure,Action,Science Fiction,,
the-greatest-showman,,The Greatest Showman,Drama,,,,
wonder-2017,,Wonder,Drama,Family,,,
marguerite-2017,,Marguerite,Drama,,,,
paddington-2,,Paddington 2,Comedy,Family,Adventure,,
murder-on-the-orient-express-2017,,Murder on the Orient Express,Mystery,Drama,Crime,,
justice-league,,Justice League,Adventure,Action,Science Fiction,,
jigsaw-2017,,Jigsaw,Horror,Mystery,,,
coco-2017,,Coco,Adventure,Animation,Music,Family,
the-man-who-invented-christmas,,The Man Who Invented Christmas,History,Family,Drama,Comedy,
happy-death-day,,Happy Death Day,Horror,Mystery,Comedy,,
blade-runner-2049,,Blade Runner 2049,Science Fiction,Drama,,,
thor-ragnarok,,Thor: Ragnarok,Comedy,Science Fiction,Action,,
spf-18,,SPF-18,Drama,Romance,,,
kingsman-the-golden-circle,,Kingsman: The Golden Circle,Crime,Action,Adventure,Comedy,
unicorn-store,,Unicorn Store,Fantasy,Comedy,Drama,,
revenge-2017,,Revenge,Horror,Action,Thriller,Drama,
mom-and-dad-2017,,Mom and Dad,Horror,Comedy,Thriller,,
the-death-of-stalin,,The Death of Stalin,Drama,Comedy,History,,
9-11-2017,,9/11,Drama,Thriller,,,
mother-2017,,mother!,Drama,Horror,,,
it-2017,,It,Drama,Thriller,Horror,,
three-billboards-outside-ebbing-missouri,,"Three Billboards Outside Ebbing, Missouri",Crime,Drama,,,
victoria-abdul,,Victoria & Abdul,Drama,History,,,
lean-on-pete,,Lean on Pete,Drama,Adventure,,,
lady-bird,,Lady Bird,Comedy,Drama,,,
darkest-hour,,Darkest Hour,Drama,History,,,
first-reformed,,First Reformed,Drama,,,,
the-shape-of-water,,The Shape of Water,Fantasy,Drama,Romance,,
leatherface,,Leatherface,Horror,Crime,Drama,Thriller,
the-snowman-2017,,The Snowman,Crime,Thriller,Mystery,Horror,
death-note-2017,,Death Note,Crime,Fantasy,Horror,,
victor-crowley,,Victor Crowley,Horror,Comedy,,,
the-silent-child,,The Silent Child,Drama,,,,
logan-lucky,,Logan Lucky,Crime,Comedy,Action,Drama,
the-dark-tower,,The Dark Tower,Fantasy,Science Fiction,Action,,
dunkirk-2017,,Dunkirk,Action,Drama,War,,
tour-de-pharmacy,,Tour de Pharmacy,TV Movie,Comedy,,,
spider-man-homecoming,,Spider-Man: Homecoming,Action,Adventure,Science Fiction,,
escape-room-2017,,Escape Room,Horror,Thriller,,,
annabelle-creation,,Annabelle: Creation,Horror,,,,
transformers-the-last-knight,,Transformers: The Last Knight,Action,Science Fiction,Adventure,,
the-book-of-henry,,The Book of Henry,Mystery,Drama,Thriller,,
you-were-never-really-here,,You Were Never Really Here,Drama,Thriller,Crime,,
good-time,,Good Time,Drama,Crime,Thriller,,
the-beguiled-2017,,The Beguiled,Drama,,,,
pirates-of-the-caribbean-dead-men-tell-no-tales,,Pirates of the Caribbean: Dead Men Tell No Tales,Action,Fantasy,Adventure,,
the-killing-of-a-sacred-deer,,The Killing of a Sacred Deer,Mystery,Drama,Thriller,,
the-mummy-2017,,The Mummy,Action,Horror,Fantasy,Adventure,Thriller
how-to-talk-to-girls-at-parties,,How to Talk to Girls at Parties,Science Fiction,Romance,Music,Comedy,
okja,,Okja,Drama,Science Fiction,Adventure,,
baywatch,,Baywatch,Action,Crime,Comedy,,
alien-covenant,,Alien: Covenant,Horror,Science Fiction,,,
the-circle-2017,,The Circle,Science Fiction,Thriller,Drama,,
guardians-of-the-galaxy-vol-2,,Guardians of the Galaxy Vol. 2,Action,Science Fiction,Adventure,,
the-fate-of-the-furious,,The Fate of the Furious,Crime,Thriller,Action,,
gifted-2017,,Gifted,Comedy,Drama,,,
power-rangers,,Power Rangers,Adventure,Action,Science Fiction,,
life-2017,,Life,Science Fiction,Horror,Mystery,,
mayhem-2017,,Mayhem,Comedy,Action,Horror,,
the-boss-baby,,The Boss Baby,Animation,Comedy,Family,,
the-disaster-artist,,The Disaster Artist,Drama,Comedy,,,
atomic-blonde,,Atomic Blonde,Thriller,Action,,,
baby-driver,,Baby Driver,Crime,Action,,,
song-to-song,,Song to Song,Drama,Romance,,,
amy-schumer-the-leather-special,,Amy Schumer: The Leather Special,Comedy,,,,
beauty-and-the-beast-2017,,Beauty and the Beast,Fantasy,Family,Romance,,
logan-2017,,Logan,Drama,Science Fiction,Action,,
the-lego-batman-movie,,The Lego Batman Movie,Comedy,Animation,Family,Action,
rings-2017,,Rings,Horror,,,,
john-wick-chapter-2,,John Wick: Chapter 2,Crime,Action,Thriller,,
the-robbery,,The Robbery,Comedy,Action,,,
78-52,,78/52,Documentary,,,,
marjorie-prime,,Marjorie Prime,Science Fiction,Mystery,Drama,,
get-out-2017,,Get Out,Horror,Mystery,Thriller,,
call-me-by-your-name,,Call Me by Your Name,Romance,Drama,,,
t2-trainspotting,,T2 Trainspotting,Crime,Comedy,Drama,,
a-ghost-story-2017,,A Ghost Story,Fantasy,Drama,Romance,,
the-big-sick,,The Big Sick,Comedy,Romance,Drama,,
ingrid-goes-west,,Ingrid Goes West,Comedy,Drama,,,
the-bye-bye-man,,The Bye Bye Man,Thriller,Horror,,,
eloise-2016,,Eloise,Mystery,Horror,Thriller,,
assassins-creed,,Assassin's Creed,Action,Science Fiction,Adventure,,
rogue-one-a-star-wars-story,,Rogue One: A Star Wars Story,Adventure,Action,Science Fiction,,
silence,,Silence,History,Drama,,,
fantastic-beasts-and-where-to-find-them,,Fantastic Beasts and Where to Find Them,Fantasy,Adventure,,,
terrifier-2016,,Terrifier,Horror,,,,
moana-2016,,Moana,Animation,Adventure,Family,Comedy,
split-2016,,Split,Horror,Thriller,,,
the-void-2016,,The Void,Mystery,Horror,Science Fiction,,
the-promise-2016-1,,The Promise,History,Drama,Romance,,
lion,,Lion,Drama,,,,
free-fire,,Free Fire,Action,Mystery,Crime,,
the-bad-batch,,The Bad Batch,Science Fiction,Horror,Mystery,Thriller,Action
bridget-joness-baby,,Bridget Jones's Baby,Romance,Drama,Comedy,,
nocturnal-animals,,Nocturnal Animals,Drama,Thriller,,,
moonlight-2016,,Moonlight,Drama,,,,
arrival-2016,,Arrival,Mystery,Science Fiction,Drama,,
la-la-land,,La La Land,Drama,Comedy,Romance,,
suicide-squad-2016,,Suicide Squad,Action,Adventure,Fantasy,,
blair-witch,,Blair Witch,Thriller,Horror,,,
ghostbusters-2016,,Ghostbusters,Fantasy,Action,Comedy,,
nerve-2016,,Nerve,Mystery,Adventure,Crime,,
popstar-never-stop-never-stopping,,Popstar: Never Stop Never Stopping,Comedy,Music,,,
the-neon-demon,,The Neon Demon,Horror,,,,
hell-or-high-water,,Hell or High Water,Crime,Western,Drama,,
raw-2016,,Raw,Drama,Horror,,,
the-conjuring-2,,The Conjuring 2,Horror,,,,
the-nice-guys,,The Nice Guys,Action,Comedy,Crime,,
x-men-apocalypse,,X-Men: Apocalypse,Science Fiction,Action,Fantasy,,
captain-america-civil-war,,Captain America: Civil War,Adventure,Action,Science Fiction,,
criminal-2016,,Criminal,Science Fiction,Crime,Action,,
the-belko-experiment,,The Belko Experiment,Thriller,Horror,,,
sausage-party,,Sausage Party,Comedy,Animation,Adventure,Fantasy,
batman-v-superman-dawn-of-justice,,Batman v Superman: Dawn of Justice,Action,Fantasy,Adventure,,
10-cloverfield-lane,,10 Cloverfield Lane,Science Fiction,Thriller,Horror,Drama,
deadpool,,Deadpool,Action,Adventure,Comedy,,
zootopia,,Zootopia,Animation,Family,Comedy,Adventure,
cabin-fever-2016,,Cabin Fever,Horror,,,,
manchester-by-the-sea,,Manchester by the Sea,Drama,,,,
31-2016,,31,Thriller,Horror,,,
hunt-for-the-wilderpeople,,Hunt for the Wilderpeople,Comedy,Drama,Adventure,,
pride-and-prejudice-and-zombies,,Pride and Prejudice and Zombies,Thriller,Romance,Horror,Comedy,
dirty-grandpa,,Dirty Grandpa,Comedy,,,,
friend-request,,Friend Request,Horror,Thriller,,,
the-revenant-2015,,The Revenant,Adventure,Western,Drama,,
star-wars-the-force-awakens,,Star Wars: The Force Awakens,Action,Adventure,Science Fiction,,
eddie-the-eagle,,Eddie the Eagle,Comedy,Adventure,Drama,History,
the-hateful-eight,,The Hateful Eight,Drama,Mystery,Western,,
krampus,,Krampus,Horror,Comedy,Fantasy,,
the-big-short,,The Big Short,Drama,Comedy,,,
the-hunger-games-mockingjay-part-2,,The Hunger Games: Mockingjay – Part 2,Adventure,Action,Science Fiction,,
martyrs-2015,,Martyrs,Horror,Mystery,,,
bone-tomahawk,,Bone Tomahawk,Drama,Horror,Western,,
i-spit-on-your-grave-iii-vengeance-is-mine,,I Spit on Your Grave III: Vengeance Is Mine,Horror,,,,
pan-2015,,Pan,Fantasy,Adventure,Action,Family,
the-dressmaker-2015,,The Dressmaker,Drama,Comedy,,,
the-lady-in-the-van,,The Lady in the Van,Comedy,Drama,,,
baskin-2015,,Baskin,Horror,Thriller,,,
the-martian,,The Martian,Drama,Science Fiction,Adventure,,
the-visit-2015,,The Visit,Horror,Thriller,,,
steve-jobs,,Steve Jobs,Drama,History,,,
the-man-from-uncle,,The Man from U.N.C.L.E.,Action,Comedy,Adventure,,
straight-outta-compton,,Straight Outta Compton,Drama,History,Music,,
mission-impossible-rogue-nation,,Mission: Impossible – Rogue Nation,Action,Adventure,,,
pixels-2015,,Pixels,Science Fiction,Action,Comedy,,
the-boy-and-the-beast,,The Boy and the Beast,Family,Adventure,Action,Drama,Animation
turbo-kid,,Turbo Kid,Comedy,Adventure,Action,Science Fiction,
deathgasm,,Deathgasm,Comedy,Horror,,,
ant-man,,Ant-Man,Adventure,Science Fiction,Action,,
magic-mike-xxl,,Magic Mike XXL,Drama,Comedy,,,
circle-2015,,Circle,Thriller,Mystery,Science Fiction,Horror,
kung-fury,,Kung Fury,Comedy,Science Fiction,Fantasy,Action,
the-human-centipede-3-final-sequence,,The Human Centipede 3 (Final Sequence),Horror,,,,
sicario-2015,,Sicario,Action,Thriller,Crime,,
louder-than-bombs,,Louder Than Bombs,Drama,,,,
inside-out-2015,,Inside Out,Animation,Adventure,Comedy,Family,Drama
carol-2015,,Carol,Drama,Romance,,,
green-room,,Green Room,Horror,Thriller,Crime,,
the-lobster,,The Lobster,Romance,Drama,Comedy,,
mad-max-fury-road,,Mad Max: Fury Road,Science Fiction,Adventure,Action,,
avengers-age-of-ultron,,Avengers: Age of Ultron,Science Fiction,Action,Adventure,,
trainwreck,,Trainwreck,Comedy,Romance,,,
tangerine,,Tangerine,Comedy,Drama,,,
knock-knock-2015,,Knock Knock,Horror,Thriller,,,
the-witch-2015,,The Witch,Horror,,,,
ex-machina-2015,,Ex Machina,Science Fiction,Drama,,,
paddington,,Paddington,Comedy,Family,Adventure,,
clown,,Clown,Horror,Thriller,,,
the-hunger-games-mockingjay-part-1,,The Hunger Games: Mockingjay – Part 1,Thriller,Science Fiction,Adventure,,
interstellar,,Interstellar,Science Fiction,Drama,Adventure,,
big-hero-6,,Big Hero 6,Science Fiction,Comedy,Action,Family,Animation
as-the-gods-will,,As the Gods Will,Horror,Comedy,Thriller,,
gone-girl,,Gone Girl,Drama,Mystery,Thriller,,
john-wick,,John Wick,Action,Thriller,,,
tusk-2014,,Tusk,Horror,Comedy,,,
nightcrawler,,Nightcrawler,Crime,Drama,Thriller,,
nymphomaniac,,Nymphomaniac,Drama,Comedy,Crime,,
birdman-or-the-unexpected-virtue-of-ignorance,,Birdman or (The Unexpected Virtue of Ignorance),Drama,Comedy,,,
wrong-turn-6-last-resort,,Wrong Turn 6: Last Resort,Horror,,,,
the-inbetweeners-2,,The Inbetweeners 2,Comedy,,,,
sharknado-2-the-second-one,,Sharknado 2: The Second One,Thriller,Science Fiction,TV Movie,,
guardians-of-the-galaxy,,Guardians of the Galaxy,Adventure,Action,Science Fiction,,
lucy-2014,,Lucy,Action,Science Fiction,,,
the-purge-anarchy,,The Purge: Anarchy,Horror,Thriller,,,
unfriended,,Unfriended,Horror,Mystery,,,
22-jump-street,,22 Jump Street,Action,Crime,Comedy,,
edge-of-tomorrow,,Edge of Tomorrow,Science Fiction,Action,,,
foxcatcher,,Foxcatcher,Thriller,Drama,,,
it-follows,,It Follows,Horror,Mystery,,,
the-fault-in-our-stars,,The Fault in Our Stars,Romance,Drama,,,
x-men-days-of-future-past,,X-Men: Days of Future Past,Action,Science Fiction,Adventure,,
the-amazing-spider-man-2,,The Amazing Spider-Man 2,Science Fiction,Action,Adventure,,
gods-not-dead,,God's Not Dead,Drama,,,,
divergent,,Divergent,Adventure,Action,Science Fiction,,
captain-america-the-winter-soldier,,Captain America: The Winter Soldier,Adventure,Science Fiction,Action,,
creep-2014,,Creep,Horror,Thriller,,,
chef,,Chef,Comedy,,,,
13-sins,,13 Sins,Horror,Thriller,,,
dead-snow-2-red-vs-dead,,Dead Snow 2: Red vs. Dead,Horror,Comedy,Action,,
the-grand-budapest-hotel,,The Grand Budapest Hotel,Comedy,Drama,,,
robocop-2014,,RoboCop,Action,Thriller,Science Fiction,Crime,Adventure
what-we-do-in-the-shadows,,What We Do in the Shadows,Horror,Comedy,,,
boyhood,,Boyhood,Drama,,,,
the-babadook,,The Babadook,Drama,Horror,,,
whiplash-2014,,Whiplash,Drama,Music,Thriller,,
nymphomaniac-volume-i,,Nymphomaniac: Vol. I,Drama,,,,
the-wolf-of-wall-street,,The Wolf of Wall Street,Comedy,Drama,Crime,,
the-hobbit-the-desolation-of-smaug,,The Hobbit: The Desolation of Smaug,Action,Fantasy,Adventure,,
the-hunger-games-catching-fire,,The Hunger Games: Catching Fire,Science Fiction,Adventure,Action,,
oldboy-2013,,Oldboy,Drama,Mystery,Action,Thriller,
thor-the-dark-world,,Thor: The Dark World,Action,Adventure,Fantasy,,
the-phone-call,,The Phone Call,Drama,,,,
her,,Her,Science Fiction,Romance,Drama,,
machete-kills,,Machete Kills,Thriller,Action,Crime,,
r100,,R100,Comedy,Drama,,,
enemy,,Enemy,Mystery,Thriller,,,
the-green-inferno,,The Green Inferno,Adventure,Horror,,,
oculus,,Oculus,Horror,,,,
wolf-creek-2,,Wolf Creek 2,Thriller,Horror,,,
prisoners,,Prisoners,Thriller,Crime,Drama,,
under-the-skin-2013,,Under the Skin,Science Fiction,Thriller,Horror,Drama,
gravity-2013,,Gravity,Thriller,Science Fiction,Drama,,
snowpiercer,,Snowpiercer,Drama,Action,Science Fiction,,
the-wolverine,,The Wolverine,Action,Science Fiction,Adventure,,
the-wind-rises,,The Wind Rises,Romance,History,Drama,Animation,
pacific-rim,,Pacific Rim,Science Fiction,Action,Adventure,,
the-worlds-end,,The World's End,Action,Science Fiction,Comedy,,
about-time,,About Time,Drama,Fantasy,Romance,,
world-war-z,,World War Z,Action,Thriller,Science Fiction,Horror,
man-of-steel,,Man of Steel,Action,Adventure,Science Fiction,,
the-conjuring,,The Conjuring,Horror,Thriller,,,
this-is-the-end,,This Is the End,Comedy,Action,,,
the-purge,,The Purge,Thriller,Science Fiction,Horror,,
after-earth,,After Earth,Science Fiction,Adventure,Action,,
inside-llewyn-davis,,Inside Llewyn Davis,Music,Drama,,,
the-bling-ring,,The Bling Ring,Drama,Crime,,,
star-trek-into-darkness,,Star Trek Into Darkness,Science Fiction,Adventure,Action,,
the-great-gatsby-2013,,The Great Gatsby,Drama,Romance,,,
iron-man-3,,Iron Man 3,Action,Adventure,Science Fiction,,
oblivion-2013,,Oblivion,Action,Adventure,Mystery,Science Fiction,
the-host-2013,,The Host,Science Fiction,Action,Adventure,,
cheap-thrills,,Cheap Thrills,Thriller,Crime,Comedy,,
evil-dead,,Evil Dead,Horror,,,,
oz-the-great-and-powerful,,Oz the Great and Powerful,Fantasy,Family,Adventure,,
movie-43,,Movie 43,Comedy,,,,
stoker,,Stoker,Horror,Drama,Thriller,,
mama-2013,,Mama,Horror,,,,
texas-chainsaw-3d,,Texas Chainsaw 3D,Horror,Thriller,,,
zero-dark-thirty,,Zero Dark Thirty,Drama,Thriller,,,
django-unchained,,Django Unchained,Drama,Western,,,
the-hobbit-an-unexpected-journey,,The Hobbit: An Unexpected Journey,Fantasy,Action,Adventure,,
the-twilight-saga-breaking-dawn-part-2,,The Twilight Saga: Breaking Dawn – Part 2,Drama,Fantasy,Adventure,Romance,
skyfall,,Skyfall,Adventure,Thriller,Action,,
wrong-turn-5-bloodlines,,Wrong Turn 5: Bloodlines,Thriller,Horror,,,
paranormal-activity-4,,Paranormal Activity 4,Horror,,,,
would-you-rather,,Would You Rather,Horror,Thriller,,,
lincoln,,Lincoln,History,Drama,,,
the-collection,,The Collection,Thriller,Horror,,,
scary-or-die,,Scary or Die,Horror,,,,
the-place-beyond-the-pines,,The Place Beyond the Pines,Drama,Crime,,,
seven-psychopaths,,Seven Psychopaths,Comedy,Crime,,,
dredd,,Dredd,Science Fiction,Action,,,
spring-breakers,,Spring Breakers,Drama,Crime,,,
frances-ha,,Frances Ha,Comedy,Drama,,,
american-mary,,American Mary,Thriller,Horror,,,
chained-2012,,Chained,Horror,Drama,Thriller,,
the-dark-knight-rises,,The Dark Knight Rises,Thriller,Crime,Drama,Action,
magic-mike,,Magic Mike,Comedy,Drama,,,
the-amazing-spider-man,,The Amazing Spider-Man,Science Fiction,Adventure,Action,,
rock-of-ages,,Rock of Ages,Romance,Comedy,Music,Drama,
moonrise-kingdom,,Moonrise Kingdom,Romance,Drama,Comedy,,
the-avengers-2012,,The Avengers,Science Fiction,Adventure,Action,,
21-jump-street,,21 Jump Street,Crime,Action,Comedy,,
the-hunger-games,,The Hunger Games,Action,Science Fiction,Thriller,Adventure,
rec-genesis,,[REC]³ Genesis,Horror,,,,
this-means-war,,This Means War,Romance,Comedy,Action,,
man-on-a-ledge,,Man on a Ledge,Thriller,Crime,Action,,
the-girl-with-the-dragon-tattoo-2011,,The Girl with the Dragon Tattoo,Crime,Mystery,Thriller,,
the-cabin-in-the-woods,,The Cabin in the Woods,Comedy,Horror,Mystery,,
mission-impossible-ghost-protocol,,Mission: Impossible – Ghost Protocol,Thriller,Adventure,Action,,
hostel-part-iii,,Hostel: Part III,Horror,,,,
the-twilight-saga-breaking-dawn-part-1,,The Twilight Saga: Breaking Dawn – Part 1,Adventure,Fantasy,Romance,,
puss-in-boots,,Puss in Boots,Adventure,Animation,Fantasy,Comedy,Family
in-time,,In Time,Thriller,Science Fiction,Action,,
wrong-turn-4-bloody-beginnings,,Wrong Turn 4: Bloody Beginnings,Horror,Thriller,,,
the-thing-2011,,The Thing,Mystery,Science Fiction,Horror,,
moneyball,,Moneyball,Drama,,,,
johnny-english-reborn,,Johnny English Reborn,Comedy,Crime,Action,,
youre-next,,You're Next,Thriller,Mystery,Horror,,
the-raid-2011,,The Raid,Action,Crime,Thriller,,
tinker-tailor-soldier-spy,,Tinker Tailor Soldier Spy,Drama,Mystery,Thriller,,
vile,,Vile,Horror,Thriller,,,
the-human-centipede-2-full-sequence,,The Human Centipede 2 (Full Sequence),Horror,Drama,Crime,,
the-help,,The Help,Drama,,,,
final-destination-5,,Final Destination 5,Mystery,Horror,,,
captain-america-the-first-avenger,,Captain America: The First Avenger,Action,Adventure,Science Fiction,,
crazy-stupid-love,,"Crazy, Stupid, Love.",Comedy,Romance,Drama,,
x-men-first-class,,X-Men: First Class,Science Fiction,Adventure,Action,,
drive-2011,,Drive,Thriller,Drama,Crime,,
the-skin-i-live-in,,The Skin I Live In,Horror,Drama,Mystery,Thriller,
we-need-to-talk-about-kevin,,We Need to Talk About Kevin,Drama,Thriller,,,
hobo-with-a-shotgun,,Hobo with a Shotgun,Thriller,Crime,Action,,
thor,,Thor,Action,Adventure,Fantasy,,
scream-4,,Scream 4,Mystery,Horror,,,
hanna,,Hanna,Thriller,Action,Adventure,,
rio-2011,,Rio,Comedy,Family,Adventure,Animation,
bridesmaids,,Bridesmaids,Comedy,Romance,,,
the-divide,,The Divide,Horror,Thriller,Science Fiction,,
limitless,,Limitless,Thriller,Science Fiction,Mystery,,
justin-bieber-never-say-never,,Justin Bieber: Never Say Never,Family,Documentary,Music,,
the-strange-thing-about-the-johnsons,,The Strange Thing About the Johnsons,Drama,Horror,,,
saw-3d,,Saw 3D,Crime,Horror,,,
paranormal-activity-2,,Paranormal Activity 2,Horror,Mystery,,,
jackass-3d,,Jackass 3D,Comedy,Documentary,Action,,
the-social-network,,The Social Network,Drama,,,,
insidious,,Insidious,Horror,Thriller,,,
easy-a,,Easy A,Comedy,,,,
127-hours,,127 Hours,Adventure,Thriller,Drama,,
black-swan,,Black Swan,Drama,Thriller,Horror,,
hatchet-ii,,Hatchet II,Comedy,Horror,Thriller,,
cats-dogs-the-revenge-of-kitty-galore,,Cats & Dogs: The Revenge of Kitty Galore,Fantasy,Adventure,Comedy,Family,Action
scott-pilgrim-vs-the-world,,Scott Pilgrim vs. the World,Romance,Action,Comedy,,
inception,,Inception,Action,Adventure,Science Fiction,,
the-last-airbender,,The Last Airbender,Fantasy,Action,Adventure,,
the-karate-kid-2010,,The Karate Kid,Drama,Action,Family,Adventure,
despicable-me,,Despicable Me,Animation,Science Fiction,Comedy,Family,Crime
sex-and-the-city-2,,Sex and the City 2,Drama,Comedy,Romance,,
prince-of-persia-the-sands-of-time,,Prince of Persia: The Sands of Time,Action,Fantasy,Adventure,,
iron-man-2,,Iron Man 2,Adventure,Science Fiction,Action,,
2001-maniacs-field-of-screams,,2001 Maniacs: Field of Screams,Horror,Comedy,,,
alice-in-wonderland-2010,,Alice in Wonderland,Fantasy,Family,Adventure,,
birdemic-shock-and-terror,,Birdemic: Shock and Terror,Thriller,Horror,Romance,,
the-crazies-2010,,The Crazies,Mystery,Horror,Action,,
buried,,Buried,Thriller,,,,
four-lions,,Four Lions,Crime,Drama,Comedy,,
tucker-and-dale-vs-evil,,Tucker and Dale vs. Evil,Comedy,Horror,,,
tooth-fairy-2010,,Tooth Fairy,Fantasy,Comedy,Family,,
avatar,,Avatar,Adventure,Science Fiction,Action,,
the-twilight-saga-new-moon,,The Twilight Saga: New Moon,Romance,Drama,Adventure,Fantasy,
a-christmas-carol-2009,,A Christmas Carol,Animation,Fantasy,Drama,Family,
saw-vi,,Saw VI,Thriller,Horror,,,
the-descent-part-2,,The Descent: Part 2,Adventure,Thriller,Horror,,
fantastic-mr-fox,,Fantastic Mr. Fox,Comedy,Animation,Family,Adventure,
jennifers-body,,Jennifer's Body,Horror,Comedy,,,
sorority-row,,Sorority Row,Mystery,Horror,,,
halloween-ii,,Halloween II,Horror,,,,
summer-wars,,Summer Wars,Animation,Science Fiction,,,
the-collector-2009,,The Collector,Horror,Thriller,,,
harry-potter-and-the-half-blood-prince,,Harry Potter and the Half-Blood Prince,Adventure,Fantasy,,,
exam,,Exam,Thriller,Mystery,,,
the-proposal-2009,,The Proposal,Romance,Comedy,Drama,,
the-final-destination,,The Final Destination,Horror,Mystery,,,
inglourious-basterds,,Inglourious Basterds,War,Drama,Thriller,,
dogtooth,,Dogtooth,Drama,,,,
antichrist,,Antichrist,Thriller,Horror,Drama,,
fish-tank,,Fish Tank,Drama,,,,
terminator-salvation,,Terminator Salvation,Thriller,Action,Science Fiction,,
thirst-2009,,Thirst,Horror,Drama,Thriller,,
x-men-origins-wolverine,,X-Men Origins: Wolverine,Science Fiction,Adventure,Action,,
hannah-montana-the-movie,,Hannah Montana: The Movie,Comedy,Music,Romance,Family,Drama
i-love-you-man,,"I Love You, Man",Comedy,Romance,,,
monsters-vs-aliens,,Monsters vs Aliens,Family,Science Fiction,Animation,Adventure,
drag-me-to-hell,,Drag Me to Hell,Thriller,Horror,,,
the-last-house-on-the-left-2009,,The Last House on the Left,Crime,Drama,Thriller,Horror,
17-again,,17 Again,Comedy,Fantasy,Drama,Romance,
friday-the-13th-2009,,Friday the 13th,Thriller,Horror,,,
the-uninvited-2009,,The Uninvited,Horror,,,,
moon,,Moon,Science Fiction,Drama,,,
in-the-loop,,In the Loop,Comedy,,,,
the-killing-room,,The Killing Room,Drama,Thriller,,,
the-curious-case-of-benjamin-button,,The Curious Case of Benjamin Button,Drama,Romance,Fantasy,,
twilight-2008,,Twilight,Drama,Fantasy,Romance,,
splinter-2008,,Splinter,Horror,Science Fiction,Crime,Thriller,
vacancy-2-the-first-cut,,Vacancy 2: The First Cut,Crime,Thriller,Horror,,
saw-v,,Saw V,Crime,Thriller,Horror,,
bronson,,Bronson,Crime,Drama,Action,,
high-school-musical-3-senior-year,,High School Musical 3: Senior Year,Family,Romance,Drama,Music,Comedy
quarantine,,Quarantine,Thriller,Horror,Science Fiction,,
wild-child,,Wild Child,Romance,Drama,Comedy,,
step-brothers,,Step Brothers,Comedy,,,,
angus-thongs-and-perfect-snogging,,"Angus, Thongs and Perfect Snogging",Family,Drama,Romance,Comedy,
the-dark-knight,,The Dark Knight,Thriller,Action,Crime,,
mamma-mia,,Mamma Mia!,Comedy,Romance,,,
camp-rock,,Camp Rock,Family,Music,Drama,TV Movie,Comedy
the-incredible-hulk,,The Incredible Hulk,Science Fiction,Action,Adventure,,
the-happening,,The Happening,Science Fiction,Horror,Thriller,,
the-strangers,,The Strangers,Thriller,Horror,,,
martyrs,,Martyrs,Horror,Thriller,Drama,,
sex-and-the-city,,Sex and the City,Drama,Romance,Comedy,,
iron-man-2008,,Iron Man,Adventure,Science Fiction,Action,,
the-ruins,,The Ruins,Horror,,,,
let-the-right-one-in,,Let the Right One In,Horror,Drama,,,
in-bruges,,In Bruges,Drama,Comedy,Crime,,
cloverfield,,Cloverfield,Action,Thriller,Horror,Science Fiction,
sweeney-todd-the-demon-barber-of-fleet-street-2007,,Sweeney Todd: The Demon Barber of Fleet Street,Drama,Horror,,,
enchanted,,Enchanted,Family,Fantasy,Comedy,Romance,
the-mist,,The Mist,Thriller,Science Fiction,Horror,,
fred-claus,,Fred Claus,Comedy,Action,Drama,,
saw-iv,,Saw IV,Crime,Horror,Thriller,,
funny-games-2007,,Funny Games,Thriller,Horror,,,
american-gangster,,American Gangster,Crime,Drama,,,
fermats-room,,Fermat's Room,Mystery,Thriller,,,
there-will-be-blood,,There Will Be Blood,Drama,,,,
paranormal-activity,,Paranormal Activity,Horror,Mystery,,,
eastern-promises,,Eastern Promises,Thriller,Mystery,Crime,,
the-darjeeling-limited,,The Darjeeling Limited,Comedy,Adventure,Drama,,
juno,,Juno,Comedy,Romance,Drama,,
halloween,,Halloween,Horror,,,,
rec,,[REC],Mystery,Horror,,,
wrong-turn-2-dead-end,,Wrong Turn 2: Dead End,Horror,Thriller,,,
high-school-musical-2,,High School Musical 2,Music,TV Movie,Drama,Romance,Family
superbad,,Superbad,Comedy,,,,
hot-rod,,Hot Rod,Action,Comedy,,,
hairspray-2007,,Hairspray,Comedy,Romance,Drama,,
ratatouille,,Ratatouille,Family,Fantasy,Animation,Comedy,
fantastic-four-rise-of-the-silver-surfer,,Fantastic Four: Rise of the Silver Surfer,Action,Science Fiction,Adventure,,
hostel-part-ii,,Hostel: Part II,Horror,,,,
oceans-thirteen,,Ocean's Thirteen,Crime,Thriller,,,
inside-2007,,Inside,Horror,,,,
death-proof,,Death Proof,Thriller,Action,,,
no-country-for-old-men,,No Country for Old Men,Crime,Thriller,Western,,
pirates-of-the-caribbean-at-worlds-end,,Pirates of the Caribbean: At World's End,Adventure,Action,Fantasy,,
wz,,WΔZ,Crime,Thriller,Drama,Horror,
shrek-the-third,,Shrek the Third,Adventure,Comedy,Fantasy,Family,Animation
28-weeks-later,,28 Weeks Later,Horror,Science Fiction,Thriller,,
sunshine-2007,,Sunshine,Science Fiction,Thriller,,,
mr-beans-holiday,,Mr. Bean's Holiday,Family,Comedy,,,
dead-silence,,Dead Silence,Horror,,,,
zodiac,,Zodiac,Crime,Mystery,Thriller,,
atonement,,Atonement,Romance,Drama,,,
hot-fuzz,,Hot Fuzz,Action,Crime,Comedy,,
smiley-face,,Smiley Face,Comedy,,,,
the-hitcher-2007,,The Hitcher,Crime,Thriller,Horror,,
jump-in,,Jump In!,Drama,Romance,Comedy,,
night-at-the-museum,,Night at the Museum,Fantasy,Family,Comedy,,
the-holiday,,The Holiday,Comedy,Romance,,,
deck-the-halls,,Deck the Halls,Family,Comedy,,,
casino-royale-2006,,Casino Royale,Thriller,Action,Adventure,,
saw-iii,,Saw III,Crime,Thriller,Horror,,
flushed-away,,Flushed Away,Family,Adventure,Comedy,Animation,
the-prestige,,The Prestige,Science Fiction,Drama,Mystery,,
the-departed,,The Departed,Thriller,Crime,Drama,,
jackass-number-two,,Jackass Number Two,Documentary,Comedy,Action,,
inland-empire,,Inland Empire,Mystery,Fantasy,Drama,Thriller,Horror
children-of-men,,Children of Men,Science Fiction,Thriller,Action,,
the-wicker-man-2006,,The Wicker Man,Thriller,Horror,Mystery,,
borat-cultural-learnings-of-america-for-make-benefit-glorious-nation-of-kazakhstan,,Borat: Cultural Learnings of America for Make Benefit Glorious Nation of Kazakhstan,Comedy,,,,
miami-vice,,Miami Vice,Crime,Thriller,Action,,
the-devil-wears-prada,,The Devil Wears Prada,Comedy,Drama,,,
the-fast-and-the-furious-tokyo-drift,,The Fast and the Furious: Tokyo Drift,Crime,Action,Drama,Thriller,
marie-antoinette-2006,,Marie Antoinette,History,Drama,,,
x-men-the-last-stand,,X-Men: The Last Stand,Science Fiction,Thriller,Action,Adventure,
the-host,,The Host,Drama,Science Fiction,Horror,,
southland-tales,,Southland Tales,Thriller,Comedy,Science Fiction,,
mission-impossible-iii,,Mission: Impossible III,Thriller,Adventure,Action,,
over-the-hedge,,Over the Hedge,Animation,Family,Adventure,Comedy,
shes-the-man,,She's the Man,Romance,Comedy,,,
the-hills-have-eyes-2006,,The Hills Have Eyes,Horror,Thriller,,,
final-destination-3,,Final Destination 3,Mystery,Horror,,,
little-miss-sunshine,,Little Miss Sunshine,Drama,Comedy,,,
high-school-musical,,High School Musical,Music,Comedy,Family,TV Movie,Romance
the-family-stone,,The Family Stone,Romance,Comedy,Drama,,
the-chronicles-of-narnia-the-lion-the-witch-and-the-wardrobe,,"The Chronicles of Narnia: The Lion, the Witch and the Wardrobe",Fantasy,Family,Adventure,,
memoirs-of-a-geisha,,Memoirs of a Geisha,Romance,History,Drama,,
saw-ii,,Saw II,Horror,,,,
hostel,,Hostel,Horror,,,,
pride-prejudice,,Pride & Prejudice,Drama,Romance,,,
hellraiser-hellworld,,Hellraiser: Hellworld,Horror,Thriller,,,
wallace-gromit-the-curse-of-the-were-rabbit,,Wallace & Gromit: The Curse of the Were-Rabbit,Adventure,Comedy,Animation,Family,
capote,,Capote,Drama,Crime,,,
brokeback-mountain,,Brokeback Mountain,Drama,Romance,,,
kinky-boots,,Kinky Boots,Music,Comedy,Drama,,
lenny-the-wonder-dog,,Lenny The Wonder Dog,Adventure,Family,Comedy,,
the-devils-rejects,,The Devil's Rejects,Drama,Horror,Crime,,
charlie-and-the-chocolate-factory,,Charlie and the Chocolate Factory,Comedy,Adventure,Fantasy,Family,
the-adventures-of-sharkboy-and-lavagirl,,The Adventures of Sharkboy and Lavagirl,Adventure,Family,Science Fiction,,
batman-begins,,Batman Begins,Crime,Action,Drama,,
a-history-of-violence,,A History of Violence,Thriller,Drama,Crime,,
star-wars-episode-iii-revenge-of-the-sith,,Star Wars: Episode III – Revenge of the Sith,Science Fiction,Adventure,Action,,
house-of-wax-2005,,House of Wax,Thriller,Mystery,Horror,,
the-descent,,The Descent,Horror,Adventure,,,
grizzly-man,,Grizzly Man,Documentary,,,,
wolf-creek,,Wolf Creek,Thriller,Horror,,,
oceans-twelve,,Ocean's Twelve,Crime,Thriller,,,
the-spongebob-squarepants-movie,,The SpongeBob SquarePants Movie,Adventure,Comedy,Animation,Fantasy,Family
the-polar-express,,The Polar Express,Animation,Family,Adventure,Fantasy,
layer-cake,,Layer Cake,Crime,Thriller,Drama,,
hotel-rwanda,,Hotel Rwanda,History,Drama,War,,
shark-tale,,Shark Tale,Animation,Action,Comedy,Family,
birth-2004,,Birth,Drama,Mystery,,,
mysterious-skin,,Mysterious Skin,Drama,,,,
avp-alien-vs-predator,,AVP: Alien vs. Predator,Science Fiction,Adventure,Action,Horror,
the-princess-diaries-2-royal-engagement,,The Princess Diaries 2: Royal Engagement,Romance,Family,Drama,Comedy,
collateral,,Collateral,Crime,Drama,Thriller,,
catwoman,,Catwoman,Fantasy,Crime,Action,,
a-cinderella-story,,A Cinderella Story,Family,Comedy,Romance,,
spider-man-2,,Spider-Man 2,Action,Science Fiction,Adventure,,
white-chicks,,White Chicks,Comedy,Crime,,,
calvaire,,Calvaire,Horror,,,,
shrek-2,,Shrek 2,Family,Comedy,Romance,Animation,Fantasy
the-football-factory,,The Football Factory,Drama,,,,
shaun-of-the-dead,,Shaun of the Dead,Horror,Comedy,,,
scooby-doo-2-monsters-unleashed,,Scooby-Doo 2: Monsters Unleashed,Mystery,Comedy,Adventure,,
dawn-of-the-dead-2004,,Dawn of the Dead,Action,Horror,,,
eternal-sunshine-of-the-spotless-mind,,Eternal Sunshine of the Spotless Mind,Science Fiction,Romance,Drama,,
starsky-hutch,,Starsky & Hutch,Crime,Comedy,,,
saw,,Saw,Crime,Mystery,Horror,,
the-lord-of-the-rings-the-return-of-the-king,,The Lord of the Rings: The Return of the King,Action,Fantasy,Adventure,,
oldboy,,Oldboy,Thriller,Mystery,Drama,Action,
the-cat-in-the-hat-2003,,The Cat in the Hat,Comedy,Fantasy,Adventure,Family,
elf,,Elf,Fantasy,Family,Comedy,,
love-actually,,Love Actually,Romance,Drama,Comedy,,
lost-in-translation,,Lost in Translation,Comedy,Romance,Drama,,
freddy-vs-jason,,Freddy vs. Jason,Horror,,,,
seabiscuit,,Seabiscuit,History,Drama,,,
legally-blonde-2-red-white-blonde,,"Legally Blonde 2: Red, White & Blonde",Comedy,Romance,,,
the-room,,The Room,Drama,Romance,,,
charlies-angels-full-throttle,,Charlie's Angels: Full Throttle,Comedy,Adventure,Action,,
wrong-turn,,Wrong Turn,Horror,Thriller,,,
dogville,,Dogville,Thriller,Crime,Drama,,
elephant-2003,,Elephant,Crime,Drama,,,
memories-of-murder,,Memories of Murder,Thriller,Crime,Drama,,
x2,,X2,Science Fiction,Action,Adventure,,
house-of-1000-corpses,,House of 1000 Corpses,Horror,,,,
daredevil,,Daredevil,Fantasy,Action,,,
final-destination-2,,Final Destination 2,Mystery,Horror,,,
the-lord-of-the-rings-the-two-towers,,The Lord of the Rings: The Two Towers,Action,Fantasy,Adventure,,
catch-me-if-you-can-2002,,Catch Me If You Can,Drama,Crime,,,
the-hours,,The Hours,Drama,,,,
chicago,,Chicago,Comedy,Crime,Drama,,
gangs-of-new-york-2002,,Gangs of New York,Drama,History,Crime,,
adaptation,,Adaptation.,Drama,Comedy,Crime,,
jackass-the-movie,,Jackass: The Movie,Action,Documentary,Comedy,,
28-days-later,,28 Days Later,Science Fiction,Horror,Thriller,,
red-dragon,,Red Dragon,Crime,Horror,Thriller,,
cabin-fever,,Cabin Fever,Horror,,,,
swimfan,,Swimfan,Drama,Romance,Thriller,Mystery,
austin-powers-in-goldmember,,Austin Powers in Goldmember,Comedy,Crime,,,
the-cat-returns,,The Cat Returns,Adventure,Fantasy,Animation,Family,Drama
morvern-callar,,Morvern Callar,Drama,,,,
punch-drunk-love,,Punch-Drunk Love,Drama,Romance,Comedy,,
city-of-god,,City of God,Drama,Crime,,,
star-wars-episode-ii-attack-of-the-clones,,Star Wars: Episode II – Attack of the Clones,Science Fiction,Adventure,Action,,
insomnia-2002,,Insomnia,Crime,Thriller,Drama,,
femme-fatale,,Femme Fatale,Thriller,Mystery,Crime,,
spider-man,,Spider-Man,Action,Science Fiction,,,
bend-it-like-beckham,,Bend It Like Beckham,Romance,Comedy,Drama,,
secretary,,Secretary,Comedy,Drama,Romance,,
the-lord-of-the-rings-the-fellowship-of-the-ring,,The Lord of the Rings: The Fellowship of the Ring,Adventure,Action,Fantasy,,
oceans-eleven-2001,,Ocean's Eleven,Thriller,Crime,,,
harry-potter-and-the-philosophers-stone,,Harry Potter and the Philosopher's Stone,Adventure,Fantasy,,,
the-royal-tenenbaums,,The Royal Tenenbaums,Drama,Comedy,,,
zoolander,,Zoolander,Comedy,,,,
ichi-the-killer,,Ichi the Killer,Horror,Crime,Action,,
training-day,,Training Day,Crime,Action,Drama,,
the-princess-diaries,,The Princess Diaries,Comedy,Romance,Family,,
the-others,,The Others,Thriller,Mystery,Horror,,
jason-x,,Jason X,Horror,Science Fiction,,,
spirited-away,,Spirited Away,Family,Fantasy,Animation,,
y-tu-mama-tambien,,Y Tu Mamá También,Romance,Drama,,,
mulholland-drive,,Mulholland Drive,Drama,Mystery,Thriller,,
the-piano-teacher,,The Piano Teacher,Romance,Drama,,,
moulin-rouge-2001,,Moulin Rouge!,Romance,Music,Drama,,
amelie,,Amélie,Romance,Comedy,,,
shrek,,Shrek,Adventure,Fantasy,Family,Animation,Comedy
bridget-joness-diary,,Bridget Jones's Diary,Drama,Comedy,Romance,,
battle-royale,,Battle Royale,Action,Thriller,Drama,,
what-women-want,,What Women Want,Comedy,Romance,,,
the-emperors-new-groove,,The Emperor's New Groove,Comedy,Adventure,Animation,Family,Fantasy
how-the-grinch-stole-christmas-2000,,How the Grinch Stole Christmas,Comedy,Family,Fantasy,,
charlies-angels,,Charlie's Angels,Adventure,Comedy,Action,,
hellraiser-inferno,,Hellraiser: Inferno,Thriller,Horror,,,
bamboozled,,Bamboozled,Comedy,Drama,,,
sexy-beast,,Sexy Beast,Thriller,Drama,Crime,,
almost-famous,,Almost Famous,Drama,Music,,,
best-in-show,,Best in Show,Comedy,,,,
memento,,Memento,Thriller,Mystery,,,
snatch,,Snatch,Comedy,Crime,,,
hollow-man,,Hollow Man,Science Fiction,Action,Thriller,Horror,
x-men,,X-Men,Science Fiction,Action,Adventure,,
chicken-run,,Chicken Run,Animation,Family,Comedy,,
in-the-mood-for-love,,In the Mood for Love,Romance,Drama,,,
crouching-tiger-hidden-dragon,,"Crouching Tiger, Hidden Dragon",Drama,Romance,Action,Adventure,
mission-impossible-ii,,Mission: Impossible II,Thriller,Action,Adventure,,
cecil-b-demented,,Cecil B. Demented,Crime,Comedy,Action,,
requiem-for-a-dream,,Requiem for a Dream,Drama,Crime,,,
gladiator-2000,,Gladiator,Action,Adventure,Drama,,
final-destination,,Final Destination,Horror,,,,
cut,,Cut,Horror,Thriller,,,
barking-dogs-never-bite,,Barking Dogs Never Bite,Drama,Crime,Comedy,,
scream-3,,Scream 3,Horror,Mystery,,,
chuck-buck,,Chuck & Buck,Comedy,Drama,,,
american-psycho,,American Psycho,Crime,Drama,Thriller,Horror,
magnolia,,Magnolia,Drama,,,,
girl-interrupted,,"Girl, Interrupted",Drama,,,,
the-green-mile,,The Green Mile,Drama,Crime,Fantasy,,
bringing-out-the-dead,,Bringing Out the Dead,Drama,,,,
audition,,Audition,Drama,Horror,,,
but-im-a-cheerleader,,But I'm a Cheerleader,Romance,Comedy,,,
fight-club,,Fight Club,Drama,Thriller,,,
beau-travail,,Beau Travail,Drama,,,,
being-john-malkovich,,Being John Malkovich,Comedy,Drama,Fantasy,,
deep-blue-sea,,Deep Blue Sea,Action,Horror,Science Fiction,,
eyes-wide-shut,,Eyes Wide Shut,Thriller,Drama,Mystery,,
drop-dead-gorgeous,,Drop Dead Gorgeous,Comedy,,,,
austin-powers-the-spy-who-shagged-me,,Austin Powers: The Spy Who Shagged Me,Comedy,Crime,Adventure,,
the-straight-story,,The Straight Story,Drama,History,,,
the-virgin-suicides,,The Virgin Suicides,Romance,Drama,,,
star-wars-episode-i-the-phantom-menace,,Star Wars: Episode I – The Phantom Menace,Science Fiction,Adventure,Action,,
the-limey,,The Limey,Drama,Mystery,Thriller,Crime,
ratcatcher,,Ratcatcher,Drama,,,,
election,,Election,Drama,Comedy,,,
10-things-i-hate-about-you,,10 Things I Hate About You,Comedy,Drama,Romance,,
the-matrix,,The Matrix,Science Fiction,Action,,,
cruel-intentions,,Cruel Intentions,Romance,Drama,,,
existenz,,eXistenZ,Science Fiction,Horror,Thriller,Action,
shes-all-that,,She's All That,Romance,Comedy,,,
youve-got-mail,,You've Got Mail,Romance,Comedy,,,
bride-of-chucky,,Bride of Chucky,Comedy,Horror,,,
armageddon,,Armageddon,Action,Adventure,Thriller,Science Fiction,
the-truman-show,,The Truman Show,Comedy,Drama,,,
the-celebration,,The Celebration,Drama,,,,
happiness,,Happiness,Drama,Comedy,,,
deep-impact,,Deep Impact,Action,Science Fiction,Drama,,
buffalo-66,,Buffalo '66,Drama,Comedy,Romance,,
the-big-lebowski,,The Big Lebowski,Comedy,Crime,,,
spice-world,,Spice World,Comedy,Fantasy,Adventure,Drama,Music
scream-2,,Scream 2,Horror,Mystery,,,
jackie-brown,,Jackie Brown,Crime,Thriller,Drama,,
good-will-hunting,,Good Will Hunting,Drama,,,,
starship-troopers,,Starship Troopers,Adventure,Thriller,Action,Science Fiction,
titanic-1997,,Titanic,Drama,Romance,,,
the-devils-advocate,,The Devil's Advocate,Horror,Drama,Mystery,,
boogie-nights,,Boogie Nights,Drama,,,,
cube,,Cube,Science Fiction,Horror,Thriller,Mystery,
gummo,,Gummo,Drama,Comedy,,,
event-horizon,,Event Horizon,Science Fiction,Mystery,Horror,,
princess-mononoke,,Princess Mononoke,Fantasy,Adventure,Animation,,
face-off,,Face/Off,Crime,Action,Science Fiction,,
speed-2-cruise-control,,Speed 2: Cruise Control,Thriller,Action,,,
batman-robin,,Batman & Robin,Adventure,Science Fiction,Action,,
con-air,,Con Air,Action,Crime,Thriller,,
funny-games,,Funny Games,Thriller,Horror,Drama,,
austin-powers-international-man-of-mystery,,Austin Powers: International Man of Mystery,Comedy,Crime,,,
romy-and-micheles-high-school-reunion,,Romy and Michele's High School Reunion,Comedy,,,,
lost-highway,,Lost Highway,Drama,Thriller,Mystery,,
scream,,Scream,Mystery,Crime,Horror,,
jerry-maguire,,Jerry Maguire,Comedy,Romance,Drama,,
jingle-all-the-way,,Jingle All the Way,Adventure,Comedy,Family,,
romeo-juliet-1996,,Romeo + Juliet,Romance,Drama,,,
bound,,Bound,Crime,Thriller,Drama,,
the-rock,,The Rock,Thriller,Action,Adventure,,
mission-impossible,,Mission: Impossible,Thriller,Action,Adventure,,
crash,,Crash,Thriller,Drama,,,
secrets-lies,,Secrets & Lies,Drama,,,,
twister,,Twister,Adventure,Action,Drama,,
the-craft,,The Craft,Horror,Fantasy,Drama,,
james-and-the-giant-peach,,James and the Giant Peach,Adventure,Fantasy,Family,Animation,
fargo,,Fargo,Crime,Comedy,Drama,Thriller,
trainspotting,,Trainspotting,Crime,Drama,,,
muppet-treasure-island,,Muppet Treasure Island,Family,Comedy,Adventure,,
broken-arrow-1996,,Broken Arrow,Action,Thriller,,,
hard-eight,,Hard Eight,Drama,Crime,,,
from-dusk-till-dawn,,From Dusk Till Dawn,Thriller,Horror,Crime,Action,
twelve-monkeys,,Twelve Monkeys,Thriller,Mystery,Science Fiction,,
heat-1995,,Heat,Crime,Action,Drama,,
casino,,Casino,Crime,Drama,,,
forgotten-silver,,Forgotten Silver,TV Movie,Comedy,,,
halloween-the-curse-of-michael-myers,,Halloween: The Curse of Michael Myers,Horror,,,,
empire-records,,Empire Records,Comedy,Drama,,,
showgirls,,Showgirls,Drama,,,,
se7en,,Se7en,Mystery,Crime,Thriller,,
fallen-angels,,Fallen Angels,Crime,Romance,Action,,
the-net,,The Net,Mystery,Thriller,Action,Drama,Crime
clueless,,Clueless,Comedy,Romance,,,
la-haine,,La Haine,Drama,,,,
to-die-for,,To Die For,Comedy,Drama,Crime,,
billy-madison,,Billy Madison,Comedy,,,,
the-doom-generation,,The Doom Generation,Drama,Comedy,Crime,,
the-usual-suspects,,The Usual Suspects,Thriller,Drama,Crime,,
safe,,Safe,Drama,,,,
before-sunrise,,Before Sunrise,Romance,Drama,,,
little-women-1994,,Little Women,Romance,Drama,,,
the-santa-clause,,The Santa Clause,Family,Comedy,Fantasy,Drama,
interview-with-the-vampire,,Interview with the Vampire,Horror,Drama,Fantasy,,
the-puppet-masters,,The Puppet Masters,Horror,Thriller,Science Fiction,,
the-shawshank-redemption,,The Shawshank Redemption,Crime,Drama,,,
natural-born-killers,,Natural Born Killers,Drama,Thriller,Crime,,
in-the-mouth-of-madness,,In the Mouth of Madness,Mystery,Horror,,,
the-mask-1994,,The Mask,Fantasy,Romance,Crime,Comedy,
chungking-express,,Chungking Express,Comedy,Drama,Romance,,
true-lies,,True Lies,Thriller,Action,,,
speed,,Speed,Thriller,Action,,,
pulp-fiction,,Pulp Fiction,Comedy,Thriller,Crime,,
the-adventures-of-priscilla-queen-of-the-desert,,"The Adventures of Priscilla, Queen of the Desert",Drama,Comedy,,,
serial-mom,,Serial Mom,Crime,Comedy,,,
death-wish-v-the-face-of-death,,Death Wish V: The Face of Death,Action,Crime,Drama,,
mrs-doubtfire,,Mrs. Doubtfire,Family,Comedy,Drama,,
carlitos-way,,Carlito's Way,Thriller,Drama,Crime,,
the-remains-of-the-day,,The Remains of the Day,Romance,Drama,,,
the-nightmare-before-christmas,,The Nightmare Before Christmas,Family,Animation,Fantasy,,
true-romance,,True Romance,Romance,Crime,Action,,
the-age-of-innocence,,The Age of Innocence,Romance,Drama,,,
hocus-pocus,,Hocus Pocus,Comedy,Family,Fantasy,,
sleepless-in-seattle,,Sleepless in Seattle,Romance,Drama,Comedy,,
the-firm-1993,,The Firm,Drama,Mystery,Thriller,,
jurassic-park,,Jurassic Park,Science Fiction,Adventure,,,
dazed-and-confused,,Dazed and Confused,Comedy,Drama,,,
cliffhanger,,Cliffhanger,Thriller,Adventure,Action,,
the-piano,,The Piano,Romance,Drama,,,
naked,,Naked,Comedy,Drama,,,
hard-target,,Hard Target,Crime,Thriller,Action,,
falling-down,,Falling Down,Thriller,Drama,Crime,,
groundhog-day,,Groundhog Day,Comedy,Fantasy,Romance,,
leprechaun,,Leprechaun,Comedy,Horror,,,
scent-of-a-woman,,Scent of a Woman,Drama,,,,
the-muppet-christmas-carol,,The Muppet Christmas Carol,Drama,Family,Comedy,Music,Fantasy
a-few-good-men,,A Few Good Men,Drama,,,,
malcolm-x-1992,,Malcolm X,History,Drama,,,
home-alone-2-lost-in-new-york,,Home Alone 2: Lost in New York,Family,Comedy,Adventure,,
army-of-darkness,,Army of Darkness,Comedy,Fantasy,Horror,,
candyman,,Candyman,Thriller,Horror,Drama,,
death-becomes-her,,Death Becomes Her,Comedy,Fantasy,Horror,,
braindead-1992,,Braindead,Comedy,Horror,,,
alien-3,,Alien³,Horror,Action,Science Fiction,,
bad-lieutenant,,Bad Lieutenant,Drama,Crime,,,
strictly-ballroom,,Strictly Ballroom,Drama,Romance,Comedy,,
hard-boiled,,Hard Boiled,Action,Thriller,Crime,,
the-player,,The Player,Mystery,Drama,Thriller,Crime,Comedy
basic-instinct,,Basic Instinct,Thriller,Mystery,,,
reservoir-dogs,,Reservoir Dogs,Crime,Thriller,,,
naked-lunch,,Naked Lunch,Crime,Drama,,,
samurai-cop,,Samurai Cop,Action,Thriller,Crime,Comedy,
the-addams-family,,The Addams Family,Comedy,Fantasy,,,
cape-fear-1991,,Cape Fear,Drama,Thriller,Crime,,
point-break,,Point Break,Thriller,Action,Crime,,
terminator-2-judgment-day,,Terminator 2: Judgment Day,Thriller,Action,Science Fiction,,
thelma-louise,,Thelma & Louise,Drama,Adventure,Crime,Thriller,
boyz-n-the-hood,,Boyz n the Hood,Drama,Crime,,,
hearts-of-darkness-a-filmmakers-apocalypse,,Hearts of Darkness: A Filmmaker's Apocalypse,Documentary,,,,
my-own-private-idaho,,My Own Private Idaho,Drama,,,,
the-silence-of-the-lambs,,The Silence of the Lambs,Crime,Thriller,Horror,Drama,
kindergarten-cop,,Kindergarten Cop,Comedy,,,,
misery,,Misery,Drama,Horror,Thriller,,
predator-2,,Predator 2,Action,Science Fiction,Thriller,,
it-1990,,It,Mystery,Drama,Horror,,
home-alone,,Home Alone,Family,Comedy,,,
goodfellas,,GoodFellas,Crime,Drama,,,
days-of-thunder,,Days of Thunder,Drama,Adventure,Action,,
total-recall,,Total Recall,Action,Adventure,Science Fiction,,
king-of-new-york,,King of New York,Thriller,Crime,,,
wild-at-heart,,Wild at Heart,Crime,Thriller,Romance,,
central-park-1990,,Central Park,Documentary,,,,
tremors,,Tremors,Horror,Action,Science Fiction,Comedy,
elves,,Elves,Horror,,,,
the-cook-the-thief-his-wife-her-lover,,"The Cook, the Thief, His Wife & Her Lover",Crime,Drama,,,
uncle-buck,,Uncle Buck,Family,Drama,Comedy,,
kikis-delivery-service,,Kiki's Delivery Service,Fantasy,Animation,Family,,
friday-the-13th-part-viii-jason-takes-manhattan,,Friday the 13th Part VIII: Jason Takes Manhattan,Horror,Thriller,,,
when-harry-met-sally,,When Harry Met Sally...,Drama,Romance,Comedy,,
dead-poets-society,,Dead Poets Society,Drama,,,,
tetsuo-the-iron-man,,Tetsuo: The Iron Man,Science Fiction,Horror,,,
do-the-right-thing,,Do the Right Thing,Drama,,,,
society,,Society,Comedy,Horror,Mystery,,
pet-sematary,,Pet Sematary,Horror,,,,
heathers,,Heathers,Comedy,Crime,,,
sex-lies-and-videotape,,"sex, lies, and videotape",Drama,,,,
rain-man,,Rain Man,Drama,,,,
mississippi-burning,,Mississippi Burning,Crime,Thriller,Mystery,Drama,
the-naked-gun-from-the-files-of-police-squad,,The Naked Gun: From the Files of Police Squad!,Crime,Comedy,,,
scrooged,,Scrooged,Fantasy,Drama,Comedy,,
they-live,,They Live,Thriller,Action,Science Fiction,,
cinema-paradiso,,Cinema Paradiso,Drama,Romance,,,
the-lair-of-the-white-worm,,The Lair of the White Worm,Comedy,Horror,,,
hellbound-hellraiser-ii,,Hellbound: Hellraiser II,Horror,Thriller,,,
dead-ringers,,Dead Ringers,Thriller,Horror,,,
die-hard,,Die Hard,Thriller,Action,,,
akira,,Akira,Action,Animation,Science Fiction,,
the-last-temptation-of-christ,,The Last Temptation of Christ,Drama,,,,
killer-klowns-from-outer-space,,Killer Klowns from Outer Space,Science Fiction,Comedy,Horror,,
my-neighbor-totoro,,My Neighbor Totoro,Fantasy,Animation,Family,,
beetlejuice,,Beetlejuice,Fantasy,Comedy,,,
hairspray,,Hairspray,Romance,Music,Comedy,,
broadcast-news,,Broadcast News,Comedy,Romance,,,
bad-taste,,Bad Taste,Action,Comedy,Horror,Science Fiction,
moonstruck,,Moonstruck,Romance,Comedy,Drama,,
prince-of-darkness,,Prince of Darkness,Horror,,,,
the-princess-bride,,The Princess Bride,Adventure,Fantasy,Comedy,Family,Romance
hellraiser,,Hellraiser,Thriller,Horror,,,
the-lost-boys,,The Lost Boys,Thriller,Horror,Drama,Comedy,Romance
robocop,,RoboCop,Action,Thriller,Science Fiction,,
full-metal-jacket,,Full Metal Jacket,Drama,War,,,
death-wish-4-the-crackdown,,Death Wish 4: The Crackdown,Action,Crime,Drama,Thriller,
the-untouchables,,The Untouchables,History,Thriller,Crime,,
dirty-dancing,,Dirty Dancing,Music,Drama,Romance,,
withnail-i,,Withnail & I,Comedy,Drama,,,
evil-dead-ii,,Evil Dead II,Comedy,Fantasy,Horror,,
from-beyond,,From Beyond,Science Fiction,Horror,,,
the-color-of-money,,The Color of Money,Drama,,,,
blue-velvet,,Blue Velvet,Crime,Mystery,Thriller,,
the-fly-1986,,The Fly,Science Fiction,Horror,,,
shes-gotta-have-it,,She's Gotta Have It,Comedy,Romance,,,
stand-by-me,,Stand by Me,Drama,Crime,,,
aliens,,Aliens,Thriller,Science Fiction,Horror,Action,
top-gun,,Top Gun,Action,Romance,Drama,,
clue,,Clue,Crime,Comedy,Mystery,Thriller,
tampopo,,Tampopo,Comedy,,,,
to-live-and-die-in-la,,To Live and Die in L.A.,Action,Crime,Thriller,,
a-nightmare-on-elm-street-part-2-freddys-revenge,,A Nightmare on Elm Street Part 2: Freddy's Revenge,Horror,,,,
death-wish-3,,Death Wish 3,Drama,Thriller,Crime,Action,
re-animator,,Re-Animator,Comedy,Horror,Science Fiction,,
commando,,Commando,Adventure,Action,Thriller,,
after-hours,,After Hours,Thriller,Comedy,Drama,,
legend,,Legend,Adventure,Fantasy,,,
my-beautiful-laundrette,,My Beautiful Laundrette,Romance,Comedy,Drama,,
come-and-see,,Come and See,War,Drama,,,
day-of-the-dead,,Day of the Dead,Mystery,Drama,Horror,,
return-to-oz,,Return to Oz,Adventure,Fantasy,Family,,
ran,,Ran,Drama,History,Action,,
the-stuff,,The Stuff,Horror,Comedy,Science Fiction,,
silent-night-deadly-night,,"Silent Night, Deadly Night",Horror,Thriller,,,
a-nightmare-on-elm-street,,A Nightmare on Elm Street,Horror,,,,
the-terminator,,The Terminator,Action,Thriller,Science Fiction,,
body-double,,Body Double,Crime,Thriller,Mystery,,
threads,,Threads,Drama,War,Science Fiction,,
gremlins,,Gremlins,Fantasy,Comedy,Horror,,
ghostbusters,,Ghostbusters,Comedy,Fantasy,,,
paris-texas,,"Paris, Texas",Drama,,,,
stop-making-sense,,Stop Making Sense,Music,Documentary,,,
razorback,,Razorback,Thriller,Horror,,,
this-is-spinal-tap,,This Is Spinal Tap,Comedy,Music,,,
the-store,,The Store,Documentary,,,,
christine-1983,,Christine,Horror,,,,
scarface-1983,,Scarface,Drama,Action,Crime,,
the-dead-zone,,The Dead Zone,Science Fiction,Thriller,Horror,,
risky-business,,Risky Business,Drama,Comedy,Romance,,
return-of-the-jedi,,Return of the Jedi,Science Fiction,Adventure,Action,,
the-outsiders,,The Outsiders,Drama,Crime,,,
videodrome,,Videodrome,Mystery,Science Fiction,Horror,,
the-king-of-comedy,,The King of Comedy,Comedy,Drama,,,
first-blood,,First Blood,Adventure,War,Action,Thriller,
blade-runner,,Blade Runner,Thriller,Drama,Science Fiction,,
the-thing,,The Thing,Mystery,Science Fiction,Horror,,
et-the-extra-terrestrial,,E.T. the Extra-Terrestrial,Science Fiction,Family,Fantasy,Adventure,
poltergeist,,Poltergeist,Horror,,,,
death-wish-ii,,Death Wish II,Action,Drama,Thriller,Crime,
mad-max-2,,Mad Max 2,Adventure,Thriller,Action,Science Fiction,
the-evil-dead,,The Evil Dead,Horror,,,,
an-american-werewolf-in-london,,An American Werewolf in London,Horror,Comedy,,,
blow-out,,Blow Out,Thriller,Mystery,Crime,,
raiders-of-the-lost-ark,,Raiders of the Lost Ark,Adventure,Action,,,
possession,,Possession,Horror,,,,
friday-the-13th-part-2,,Friday the 13th Part 2,Thriller,Horror,,,
escape-from-new-york,,Escape from New York,Action,Science Fiction,Thriller,,
thief,,Thief,Thriller,Crime,Drama,,
the-howling,,The Howling,Horror,,,,
scanners,,Scanners,Horror,Science Fiction,,,
altered-states,,Altered States,Thriller,Horror,Science Fiction,,
raging-bull,,Raging Bull,History,Drama,,,
the-elephant-man,,The Elephant Man,History,Drama,,,
dressed-to-kill-1980,,Dressed to Kill,Horror,Mystery,Thriller,,
prom-night,,Prom Night,Thriller,Mystery,Horror,,
the-shining,,The Shining,Horror,Thriller,,,
the-empire-strikes-back,,The Empire Strikes Back,Science Fiction,Adventure,Action,,
friday-the-13th,,Friday the 13th,Horror,,,,
cruising,,Cruising,Thriller,Crime,Mystery,,
the-fog,,The Fog,Horror,,,,
all-that-jazz,,All That Jazz,Music,Drama,,,
kramer-vs-kramer,,Kramer vs. Kramer,Drama,,,,
the-brood,,The Brood,Science Fiction,Horror,,,
alien,,Alien,Horror,Science Fiction,,,
apocalypse-now,,Apocalypse Now,Drama,War,,,
hardcore,,Hardcore,Drama,Crime,Thriller,,
the-warriors,,The Warriors,Thriller,Action,,,
invasion-of-the-body-snatchers-1978,,Invasion of the Body Snatchers,Horror,Science Fiction,,,
the-deer-hunter,,The Deer Hunter,War,Drama,,,
halloween-1978,,Halloween,Thriller,Horror,,,
days-of-heaven,,Days of Heaven,Romance,Drama,,,
girlfriends-1978,,Girlfriends,Comedy,Drama,,,
piranha,,Piranha,Science Fiction,Horror,,,
jaws-2,,Jaws 2,Thriller,Horror,,,
grease,,Grease,Romance,Comedy,,,
the-shout,,The Shout,Mystery,Thriller,Horror,,
opening-night,,Opening Night,Drama,,,,
house,,House,Horror,Comedy,Fantasy,,
sorcerer,,Sorcerer,Drama,Thriller,Adventure,,
the-hills-have-eyes,,The Hills Have Eyes,Horror,,,,
the-duellists,,The Duellists,Drama,War,,,
star-wars,,Star Wars,Adventure,Science Fiction,Action,,
eraserhead,,Eraserhead,Science Fiction,Horror,,,
suspiria,,Suspiria,Horror,,,,
mikey-and-nicky,,Mikey and Nicky,Crime,Drama,,,
rocky,,Rocky,Drama,,,,
network,,Network,Drama,,,,
carrie-1976,,Carrie,Horror,Thriller,,,
harlan-county-usa,,Harlan County U.S.A.,Documentary,,,,
the-omen,,The Omen,Thriller,Horror,,,
all-the-presidents-men,,All the President's Men,Mystery,Thriller,Drama,,
taxi-driver,,Taxi Driver,Crime,Drama,,,
barry-lyndon,,Barry Lyndon,Drama,War,Romance,History,
salo-or-the-120-days-of-sodom,,"Salò, or the 120 Days of Sodom",Drama,Horror,,,
one-flew-over-the-cuckoos-nest,,One Flew Over the Cuckoo's Nest,Drama,,,,
dog-day-afternoon,,Dog Day Afternoon,Thriller,Crime,Drama,,
the-rocky-horror-picture-show,,The Rocky Horror Picture Show,Horror,Comedy,Science Fiction,,
picnic-at-hanging-rock,,Picnic at Hanging Rock,Mystery,Drama,,,
jaws,,Jaws,Adventure,Thriller,Horror,,
nashville,,Nashville,Music,Drama,Comedy,,
the-amusement-park,,The Amusement Park,Drama,Horror,Thriller,,
jeanne-dielman-23-quai-du-commerce-1080-bruxelles,,"Jeanne Dielman, 23, quai du Commerce, 1080 Bruxelles",Drama,,,,
shivers,,Shivers,Science Fiction,Horror,,,
monty-python-and-the-holy-grail,,Monty Python and the Holy Grail,Fantasy,Comedy,Adventure,,
the-godfather-part-ii,,The Godfather Part II,Drama,Crime,,,
a-woman-under-the-influence,,A Woman Under the Influence,Romance,Drama,,,
black-christmas,,Black Christmas,Horror,Mystery,Crime,,
italianamerican,,Italianamerican,Documentary,,,,
the-taking-of-pelham-one-two-three,,The Taking of Pelham One Two Three,Comedy,Thriller,Crime,,
death-wish,,Death Wish,Crime,Drama,Action,,
chinatown,,Chinatown,Thriller,Mystery,Crime,Drama,
the-parallax-view,,The Parallax View,Thriller,Crime,Drama,,
the-conversation,,The Conversation,Drama,Crime,Mystery,,
pendas-fen,,Penda's Fen,Fantasy,Drama,TV Movie,Horror,
zardoz,,Zardoz,Science Fiction,Fantasy,Action,Thriller,
the-exorcist,,The Exorcist,Horror,Drama,,,
the-wicker-man,,The Wicker Man,Horror,,,,
serpico,,Serpico,Drama,History,Crime,,
badlands,,Badlands,Crime,Romance,Drama,,
dont-look-now,,Don't Look Now,Drama,Thriller,Horror,,
mean-streets,,Mean Streets,Crime,Drama,,,
american-graffiti,,American Graffiti,Drama,Comedy,,,
paper-moon,,Paper Moon,Drama,Crime,Comedy,,
the-long-goodbye,,The Long Goodbye,Drama,Crime,Mystery,,
omer-the-tourist-in-star-trek,,Omer the Tourist in Star Trek,Comedy,Science Fiction,,,
deliverance,,Deliverance,Thriller,Adventure,Drama,,
pink-flamingos,,Pink Flamingos,Comedy,Crime,,,
the-godfather,,The Godfather,Crime,Drama,,,
cabaret,,Cabaret,Romance,Drama,Music,,
duel,,Duel,Thriller,Action,TV Movie,,
a-clockwork-orange,,A Clockwork Orange,Crime,Science Fiction,,,
the-french-connection,,The French Connection,Crime,Action,Thriller,,
the-last-picture-show,,The Last Picture Show,Drama,Romance,,,
the-devils,,The Devils,Drama,History,Horror,,
klute,,Klute,Thriller,Mystery,Crime,Drama,
wake-in-fright,,Wake in Fright,Thriller,Drama,,,
thx-1138,,THX 1138,Science Fiction,Drama,,,
get-carter,,Get Carter,Thriller,Crime,,,
deep-end,,Deep End,Drama,Comedy,,,
hi-mom,,"Hi, Mom!",Crime,Comedy,,,
they-shoot-horses-dont-they,,"They Shoot Horses, Don't They?",Drama,,,,
kes,,Kes,Drama,,,,
women-in-love,,Women in Love,Romance,Drama,,,
midnight-cowboy,,Midnight Cowboy,Drama,,,,
the-swimming-pool,,The Swimming Pool,Drama,Thriller,,,
chitty-chitty-bang-bang,,Chitty Chitty Bang Bang,Comedy,Family,Adventure,Fantasy,
targets,,Targets,Thriller,Crime,,,
rosemarys-baby,,Rosemary's Baby,Horror,Thriller,Drama,,
boom-1968,,Boom!,Horror,Thriller,Drama,,
2001-a-space-odyssey,,2001: A Space Odyssey,Science Fiction,Adventure,Mystery,,
the-graduate,,The Graduate,Drama,Comedy,Romance,,
point-blank,,Point Blank,Crime,Drama,Thriller,,
bonnie-and-clyde,,Bonnie and Clyde,Crime,Drama,,,
blow-up,,Blow-Up,Mystery,Drama,Thriller,,
persona,,Persona,Drama,,,,
the-umbrellas-of-cherbourg,,The Umbrellas of Cherbourg,Romance,Drama,,,
dr-strangelove-or-how-i-learned-to-stop-worrying-and-love-the-bomb,,Dr. Strangelove or: How I Learned to Stop Worrying and Love the Bomb,Comedy,War,,,
the-birds,,The Birds,Horror,Thriller,,,
cleo-from-5-to-7,,Cléo from 5 to 7,Drama,,,,
the-florida-project,,The Florida Project,Drama,,,,
a-quiet-place-part-ii,,A Quiet Place Part II,Science Fiction,Horror,Thriller,,
sound-of-metal,,Sound of Metal,Drama,Music,,,
blue-valentine,,Blue Valentine,Drama,Romance,,,
napoleon-dynamite,,Napoleon Dynamite,Comedy,,,,
pixel,,Pixel,,,,,
stranger-things-5-the-finale,,Stranger Things 5: The Finale,Action,Fantasy,Mystery,,
black-phone-2,,Black Phone 2,Horror,Thriller,,,
a-big-bold-beautiful-journey,,A Big Bold Beautiful Journey,Fantasy,Drama,Romance,,
caught-stealing,,Caught Stealing,Thriller,Crime,Comedy,,
the-fantastic-4-first-steps,,The Fantastic 4: First Steps,Action,Science Fiction,Adventure,,
superman-2025,,Superman,Science Fiction,Adventure,Action,,
f1,,F1,Drama,Action,,,
ballerina-2025,,Ballerina,Action,Crime,Thriller,,
karate-kid-legends,,Karate Kid: Legends,Action,Adventure,Drama,,
thunderbolts,,Thunderbolts*,Science Fiction,Adventure,Action,,
death-of-a-unicorn,,Death of a Unicorn,Comedy,Horror,Fantasy,,
last-breath-2025,,Last Breath,Thriller,Drama,,,
oh-hi,,"Oh, Hi!",Comedy,Romance,Thriller,,
together-2025,,Together,Horror,Romance,,,
dont-move-2024,,Don't Move,Horror,Thriller,,,
gladiator-ii,,Gladiator II,Drama,Action,Adventure,,
heretic-2024,,Heretic,Thriller,Horror,,,
friendship-2024,,Friendship,Comedy,,,,
speak-no-evil-2024,,Speak No Evil,Thriller,Horror,,,
wolfs,,Wolfs,Comedy,Crime,,,
beetlejuice-beetlejuice,,Beetlejuice Beetlejuice,Comedy,Fantasy,,,
incoming-2024,,Incoming,Comedy,,,,
blink-twice,,Blink Twice,Mystery,Horror,Thriller,,
a-family-affair-2024-1,,A Family Affair,Romance,Comedy,,,
the-fall-guy-2024,,The Fall Guy,Action,Romance,Comedy,,
road-house-2024,,Road House,Thriller,Drama,Action,,
cuckoo-2024,,Cuckoo,Horror,Mystery,Thriller,,
my-old-ass,,My Old Ass,Comedy,Drama,,,
anyone-but-you,,Anyone But You,Romance,Comedy,,,
leave-the-world-behind-2023,,Leave the World Behind,Drama,Mystery,Thriller,,
totally-killer,,Totally Killer,Comedy,Science Fiction,Horror,,
the-creator-2023,,The Creator,Action,Science Fiction,Adventure,,
society-of-the-snow,,Society of the Snow,History,Drama,,,
reptile-2023,,Reptile,Drama,Mystery,Thriller,Crime,
the-nun-ii,,The Nun II,Horror,,,,
you-are-so-not-invited-to-my-bat-mitzvah,,You Are So Not Invited to My Bat Mitzvah,Comedy,Drama,,,
river-wild,,River Wild,Thriller,Adventure,Mystery,,
bird-box-barcelona,,Bird Box Barcelona,Thriller,Horror,Science Fiction,,
no-hard-feelings-2023,,No Hard Feelings,Comedy,Romance,,,
extraction-2,,Extraction 2,Thriller,Action,Crime,,
guy-ritchies-the-covenant,,Guy Ritchie's The Covenant,Thriller,War,Action,,
shortcomings,,Shortcomings,Comedy,Drama,Romance,,
missing-2023,,Missing,Thriller,Mystery,Drama,,
the-pale-blue-eye,,The Pale Blue Eye,Mystery,Thriller,Horror,Crime,
babylon-2022,,Babylon,Comedy,Drama,,,
significant-other,,Significant Other,Mystery,Science Fiction,Thriller,Horror,
raymond-ray,,Raymond & Ray,Comedy,Drama,,,
loving-adults,,Loving Adults,Thriller,,,,
purple-hearts-2022,,Purple Hearts,Drama,Romance,,,
thirteen-lives,,Thirteen Lives,History,Drama,Thriller,,
the-northman,,The Northman,Adventure,Action,Fantasy,,
the-batman,,The Batman,Crime,Mystery,Thriller,,
when-you-finish-saving-the-world,,When You Finish Saving the World,Drama,Comedy,,,
intrusion-2021,,Intrusion,Drama,Thriller,Mystery,,
prey-2021,,Prey,Thriller,,,,
the-voyeurs-2021,,The Voyeurs,Thriller,,,,
the-trip-2021,,The Trip,Horror,Comedy,,,
blood-red-sky,,Blood Red Sky,Action,Thriller,Horror,,
cherry-2021,,Cherry,Crime,Drama,,,
coming-home-in-the-dark,,Coming Home in the Dark,Horror,Thriller,Crime,,
the-call-2020-3,,The Call,Thriller,Mystery,Science Fiction,,
love-and-monsters,,Love and Monsters,Comedy,Science Fiction,Adventure,Fantasy,
another-round,,Another Round,Drama,Comedy,,,
chemical-hearts,,Chemical Hearts,Drama,Romance,,,
the-rental,,The Rental,Thriller,Horror,,,
extraction-2020,,Extraction,Thriller,Action,,,
love-wedding-repeat,,Love Wedding Repeat,Romance,Comedy,,,
escape-from-pretoria,,Escape from Pretoria,History,Thriller,Drama,,
the-nest-2020,,The Nest,Drama,,,,
birds-of-prey-and-the-fantabulous-emancipation-of-one-harley-quinn,,Birds of Prey (and the Fantabulous Emancipation of One Harley Quinn),Action,Crime,,,
fractured-2019,,Fractured,Drama,Thriller,,,
in-the-tall-grass-2019,,In the Tall Grass,Horror,,,,
joker-2019,,Joker,Drama,Thriller,Crime,,
a-rainy-day-in-new-york,,A Rainy Day in New York,Comedy,Romance,,,
weathering-with-you,,Weathering with You,Fantasy,Animation,Romance,Drama,
toy-story-4,,Toy Story 4,Adventure,Animation,Comedy,Family,
brightburn,,Brightburn,Science Fiction,Horror,,,
aladdin-2019,,Aladdin,Fantasy,Romance,Family,Adventure,
plus-one-2019,,Plus One,Romance,Comedy,,,
dreamland-2019,,Dreamland,Thriller,Drama,,,
good-boys-2019,,Good Boys,Comedy,,,,
bumblebee,,Bumblebee,Adventure,Action,Science Fiction,,
fantastic-beasts-the-crimes-of-grindelwald,,Fantastic Beasts: The Crimes of Grindelwald,Fantasy,Adventure,,,
the-clovehitch-killer,,The Clovehitch Killer,Crime,Mystery,Drama,,
hotel-mumbai,,Hotel Mumbai,Thriller,History,Action,Drama,
the-nun-2018,,The Nun,Horror,,,,
bodyguard-1,,Bodyguard,Mystery,Crime,Drama,,
blockheads-set-my-friends-on-fire,,BlockheaDs Set My Friends On Fire,Comedy,Documentary,,,
14-cameras,,14 Cameras,Horror,Thriller,,,
how-it-ends,,How It Ends,Adventure,Science Fiction,Thriller,Action,Mystery
burning-2018,,Burning,Thriller,Mystery,Drama,,
sheherazade-2018,,Shéhérazade,Romance,Thriller,Drama,,
evil-genius,,Evil Genius,Documentary,Crime,Mystery,,
arctic-2018,,Arctic,Adventure,Drama,,,
milf-2018,,MILF,Comedy,Romance,,,
the-week-of,,The Week Of,Comedy,,,,
upgrade,,Upgrade,Thriller,Science Fiction,Action,,
beast-of-burden,,Beast of Burden,Crime,Thriller,Drama,Action,
jumanji-welcome-to-the-jungle,,Jumanji: Welcome to the Jungle,Action,Comedy,Fantasy,Adventure,
forgotten-2017,,Forgotten,Thriller,Crime,Mystery,,
creep-2,,Creep 2,Thriller,Horror,,,
the-mountain-between-us,,The Mountain Between Us,Drama,Adventure,Romance,,
the-upside,,The Upside,Drama,Comedy,,,
the-ritual-2017,,The Ritual,Horror,Mystery,,,
papillon-2017,,Papillon,Adventure,Crime,Drama,,
memoir-of-a-murderer,,Memoir of a Murderer,Thriller,Mystery,Crime,,
what-happened-to-monday,,What Happened to Monday,Science Fiction,Thriller,Action,Mystery,
the-layover,,The Layover,Comedy,Romance,,,
a-taxi-driver,,A Taxi Driver,Drama,History,Action,,
the-only-living-boy-in-new-york,,The Only Living Boy in New York,Drama,,,,
american-assassin,,American Assassin,Thriller,Action,Adventure,,
jungle-2017,,Jungle,Drama,Adventure,Thriller,,
wonder-woman-2017,,Wonder Woman,Action,Fantasy,Adventure,,
hot-summer-nights,,Hot Summer Nights,Drama,Crime,,,
wind-river-2017,,Wind River,Drama,Mystery,Thriller,Crime,
thoroughbreds-2017,,Thoroughbreds,Thriller,Drama,,,
berlin-syndrome,,Berlin Syndrome,Mystery,Horror,Thriller,Drama,
allied,,Allied,Thriller,Drama,Romance,Action,War
doctor-strange-2016,,Doctor Strange,Fantasy,Action,Adventure,,
the-girl-on-the-train-2016,,The Girl on the Train,Thriller,Mystery,Crime,,
the-edge-of-seventeen,,The Edge of Seventeen,Drama,Comedy,,,
the-autopsy-of-jane-doe,,The Autopsy of Jane Doe,Horror,Mystery,,,
hacksaw-ridge,,Hacksaw Ridge,War,Drama,History,,
wakefield,,Wakefield,Drama,,,,
imperium,,Imperium,Drama,Crime,,,
war-dogs-2016,,War Dogs,Drama,Comedy,Crime,,
your-name,,Your Name.,Romance,Animation,Drama,,
mike-and-dave-need-wedding-dates,,Mike and Dave Need Wedding Dates,Comedy,,,,
lights-out-2016,,Lights Out,Horror,,,,
finding-dory,,Finding Dory,Adventure,Animation,Family,,
me-before-you,,Me Before You,Drama,Romance,,,
train-to-busan,,Train to Busan,Thriller,Horror,Adventure,Action,
the-wailing,,The Wailing,Horror,Mystery,,,
dont-breathe-2016,,Don't Breathe,Thriller,Crime,Horror,,
hush-2016,,Hush,Horror,Thriller,,,
under-the-shadow,,Under the Shadow,Horror,Drama,War,,
concussion-2015,,Concussion,Drama,,,,
spectre-2015,,Spectre,Action,Thriller,Adventure,,
burnt,,Burnt,Drama,,,,
the-intern-2015,,The Intern,Comedy,,,,
legend-2015,,Legend,Crime,Thriller,,,
we-are-your-friends,,We Are Your Friends,Comedy,Romance,Drama,Music,
sinister-2,,Sinister 2,Horror,,,,
the-gift-2015-1,,The Gift,Mystery,Drama,Thriller,,
13-cameras,,13 Cameras,Crime,Horror,Thriller,,
self-less,,Self/less,Science Fiction,Thriller,Action,,
southpaw-2015,,Southpaw,Drama,Action,,,
jurassic-world,,Jurassic World,Adventure,Thriller,Science Fiction,,
insidious-chapter-3,,Insidious: Chapter 3,Horror,Thriller,,,
the-age-of-adaline,,The Age of Adaline,Drama,Fantasy,Romance,,
furious-7,,Furious 7,Thriller,Crime,Action,,
the-invitation-2015,,The Invitation,Horror,Thriller,,,
focus-2015,,Focus,Crime,Comedy,Romance,,
project-almanac,,Project Almanac,Science Fiction,Thriller,,,
the-stanford-prison-experiment,,The Stanford Prison Experiment,History,Drama,Thriller,,
z-for-zachariah-2015,,Z for Zachariah,Drama,Science Fiction,Romance,Thriller,
dope-2015,,Dope,Drama,Comedy,Crime,,
the-last-naruto-the-movie,,The Last: Naruto the Movie,Action,Animation,Romance,,
exodus-gods-and-kings,,Exodus: Gods and Kings,Drama,Action,Adventure,,
fury-2014,,Fury,War,Drama,Action,,
dracula-untold,,Dracula Untold,Fantasy,Horror,Action,,
annabelle,,Annabelle,Horror,,,,
two-night-stand,,Two Night Stand,Romance,Comedy,,,
the-maze-runner,,The Maze Runner,Science Fiction,Thriller,Action,Mystery,
this-is-where-i-leave-you,,This Is Where I Leave You,Comedy,Drama,,,
the-equalizer,,The Equalizer,Crime,Action,Thriller,,
while-were-young,,While We're Young,Comedy,Drama,,,
the-drop-2014,,The Drop,Drama,Crime,,,
the-imitation-game,,The Imitation Game,Drama,War,Thriller,History,
as-above-so-below-2014,,"As Above, So Below",Horror,Thriller,,,
transformers-age-of-extinction,,Transformers: Age of Extinction,Science Fiction,Adventure,Action,,
the-longest-week,,The Longest Week,Comedy,Drama,,,
maleficent,,Maleficent,Romance,Fantasy,Action,Adventure,Family
the-captive-2014,,The Captive,Thriller,Crime,Drama,,
neighbors-2014,,Neighbors,Comedy,,,,
noah,,Noah,Drama,Adventure,,,
the-two-faces-of-january,,The Two Faces of January,Thriller,,,,
that-awkward-moment,,That Awkward Moment,Comedy,Romance,,,
non-stop-2014,,Non-Stop,Thriller,Mystery,Action,,
paranormal-activity-the-marked-ones,,Paranormal Activity: The Marked Ones,Horror,Thriller,,,
frozen-2013,,Frozen,Fantasy,Animation,Adventure,Family,
lone-survivor,,Lone Survivor,War,Action,Drama,,
carrie-2013,,Carrie,Drama,Horror,,,
captain-phillips,,Captain Phillips,Action,Drama,Thriller,,
coherence,,Coherence,Science Fiction,Thriller,,,
insidious-chapter-2,,Insidious: Chapter 2,Thriller,Horror,,,
the-family-2013,,The Family,Comedy,Action,Crime,,
dallas-buyers-club,,Dallas Buyers Club,History,Drama,,,
what-if-2013,,What If,Drama,Romance,Comedy,,
begin-again,,Begin Again,Comedy,Drama,Music,Romance,
horns,,Horns,Fantasy,Thriller,Drama,,
locke,,Locke,Thriller,Drama,,,
percy-jackson-sea-of-monsters,,Percy Jackson: Sea of Monsters,Fantasy,Adventure,Family,,
were-the-millers,,We're the Millers,Comedy,Crime,,,
the-lone-ranger,,The Lone Ranger,Western,Action,Adventure,,
now-you-see-me,,Now You See Me,Thriller,Crime,,,
fast-furious-6,,Fast & Furious 6,Action,Crime,Thriller,,
the-big-wedding,,The Big Wedding,Comedy,,,,
olympus-has-fallen,,Olympus Has Fallen,Thriller,Action,,,
side-effects-2013,,Side Effects,Crime,Drama,Thriller,,
charlie-countryman,,Charlie Countryman,Drama,Romance,Thriller,Action,Comedy
before-midnight,,Before Midnight,Drama,Romance,,,
don-jon,,Don Jon,Comedy,Romance,Drama,,
the-spectacular-now,,The Spectacular Now,Romance,Drama,Comedy,,
this-is-40,,This Is 40,Comedy,,,,
looper,,Looper,Thriller,Science Fiction,Action,,
the-perks-of-being-a-wallflower,,The Perks of Being a Wallflower,Drama,,,,
end-of-watch,,End of Watch,Drama,Thriller,Crime,,
silver-linings-playbook,,Silver Linings Playbook,Romance,Drama,Comedy,,
premium-rush,,Premium Rush,Thriller,Crime,Action,,
seeking-a-friend-for-the-end-of-the-world,,Seeking a Friend for the End of the World,Comedy,Romance,Adventure,Drama,
ted,,Ted,Comedy,Fantasy,,,
thats-my-boy-2012,,That's My Boy,Comedy,,,,
chernobyl-diaries,,Chernobyl Diaries,Thriller,Horror,,,
the-hunt-2012,,The Hunt,Drama,,,,
lawless,,Lawless,Western,Crime,Drama,,
men-in-black-3,,Men in Black 3,Comedy,Action,Science Fiction,,
wrath-of-the-titans,,Wrath of the Titans,Action,Fantasy,Adventure,,
sinister,,Sinister,Thriller,Horror,Mystery,,
red-lights-2012,,Red Lights,Thriller,,,,
john-carter,,John Carter,Science Fiction,Adventure,Action,,
flight,,Flight,Drama,,,,
the-woman-in-black-2012,,The Woman in Black,Drama,Horror,Thriller,,
chronicle,,Chronicle,Thriller,Science Fiction,Drama,,
the-best-exotic-marigold-hotel,,The Best Exotic Marigold Hotel,Drama,Comedy,,,
sherlock-holmes-a-game-of-shadows,,Sherlock Holmes: A Game of Shadows,Action,Mystery,Adventure,,
jack-and-jill,,Jack and Jill,Comedy,Family,,,
paranormal-activity-3,,Paranormal Activity 3,Horror,Mystery,,,
retreat,,Retreat,Drama,Horror,Thriller,,
the-rum-diary,,The Rum Diary,Comedy,Drama,,,
hugo,,Hugo,Adventure,Family,Drama,,
real-steel,,Real Steel,Drama,Action,Science Fiction,,
the-intouchables,,The Intouchables,Drama,Comedy,,,
warrior,,Warrior,Action,Drama,,,
fright-night-2011,,Fright Night,Comedy,Horror,,,
harry-potter-and-the-deathly-hallows-part-2,,Harry Potter and the Deathly Hallows: Part 2,Fantasy,Adventure,,,
horrible-bosses,,Horrible Bosses,Crime,Comedy,,,
transformers-dark-of-the-moon,,Transformers: Dark of the Moon,Adventure,Action,Science Fiction,,
green-lantern,,Green Lantern,Action,Adventure,Science Fiction,,
super-8,,Super 8,Thriller,Science Fiction,Mystery,,
kung-fu-panda-2,,Kung Fu Panda 2,Family,Animation,Comedy,,
midnight-in-paris,,Midnight in Paris,Comedy,Fantasy,Romance,,
pirates-of-the-caribbean-on-stranger-tides,,Pirates of the Caribbean: On Stranger Tides,Adventure,Fantasy,Action,,
fast-five,,Fast Five,Crime,Thriller,Action,,
source-code,,Source Code,Science Fiction,Mystery,Thriller,,
i-am-number-four,,I Am Number Four,Adventure,Action,Science Fiction,Thriller,
just-go-with-it,,Just Go with It,Comedy,Romance,,,
the-details,,The Details,Drama,Comedy,,,
the-green-hornet,,The Green Hornet,Crime,Comedy,Action,,
the-tourist,,The Tourist,Romance,Action,Thriller,,
tron-legacy,,TRON: Legacy,Adventure,Science Fiction,Action,,
tangled-2010,,Tangled,Family,Adventure,Animation,,
love-other-drugs,,Love & Other Drugs,Comedy,Drama,Romance,,
harry-potter-and-the-deathly-hallows-part-1,,Harry Potter and the Deathly Hallows: Part 1,Adventure,Fantasy,,,
dont-be-afraid-of-the-dark-2010,,Don't Be Afraid of the Dark,Fantasy,Horror,Thriller,,
unstoppable-2010,,Unstoppable,Thriller,Action,,,
due-date,,Due Date,Comedy,Drama,,,
megamind,,Megamind,Comedy,Science Fiction,Action,Family,Animation
devil,,Devil,Horror,Thriller,Mystery,,
the-kings-speech,,The King's Speech,History,Drama,,,
the-switch,,The Switch,Romance,Drama,Comedy,,
charlie-st-cloud,,Charlie St. Cloud,Romance,Drama,,,
flipped,,Flipped,Drama,Romance,,,
salt-2010,,Salt,Mystery,Thriller,Action,,
the-sorcerers-apprentice-2010,,The Sorcerer's Apprentice,Fantasy,Action,Adventure,,
grown-ups,,Grown Ups,Comedy,,,,
toy-story-3,,Toy Story 3,Comedy,Family,Animation,,
killers-2010,,Killers,Thriller,Action,Comedy,Romance,
clash-of-the-titans-2010,,Clash of the Titans,Action,Adventure,Fantasy,,
how-to-train-your-dragon,,How to Train Your Dragon,Fantasy,Family,Adventure,Animation,
the-bounty-hunter,,The Bounty Hunter,Action,Romance,Comedy,,
shes-out-of-my-league,,She's Out of My League,Comedy,Romance,,,
shutter-island,,Shutter Island,Mystery,Drama,Thriller,,
percy-jackson-the-olympians-the-lightning-thief,,Percy Jackson & the Olympians: The Lightning Thief,Adventure,Fantasy,Family,,
legion-2010,,Legion,Fantasy,Horror,Action,,
sherlock-holmes-2009,,Sherlock Holmes,Mystery,Adventure,Crime,,
everybodys-fine-2009,,Everybody's Fine,Drama,,,,
the-lovely-bones,,The Lovely Bones,Fantasy,Drama,,,
brothers-2009,,Brothers,Drama,War,Thriller,,
2012,,2012,Adventure,Action,Science Fiction,,
zombieland,,Zombieland,Comedy,Horror,,,
the-rebound,,The Rebound,Romance,Comedy,,,
mr-nobody,,Mr. Nobody,Romance,Drama,Science Fiction,,
daybreakers,,Daybreakers,Action,Science Fiction,Fantasy,,
transformers-revenge-of-the-fallen,,Transformers: Revenge of the Fallen,Action,Adventure,Science Fiction,,
the-hangover,,The Hangover,Comedy,,,,
a-prophet,,A Prophet,Crime,Drama,,,
star-trek,,Star Trek,Action,Science Fiction,Adventure,,
fast-furious,,Fast & Furious,Action,Thriller,Crime,,
the-haunting-in-connecticut,,The Haunting in Connecticut,Horror,Thriller,,,
dragonball-evolution,,Dragonball Evolution,Thriller,Action,Science Fiction,Adventure,Fantasy
the-pink-panther-2,,The Pink Panther 2,Mystery,Comedy,,,
adventureland,,Adventureland,Romance,Comedy,Drama,,
500-days-of-summer,,(500) Days of Summer,Romance,Comedy,Drama,,
defiance,,Defiance,War,Action,History,Drama,
marley-me,,Marley & Me,Family,Comedy,,,
bedtime-stories,,Bedtime Stories,Fantasy,Comedy,Romance,Family,
seven-pounds,,Seven Pounds,Drama,,,,
inkheart,,Inkheart,Family,Adventure,Fantasy,,
quantum-of-solace,,Quantum of Solace,Thriller,Action,Adventure,,
eagle-eye,,Eagle Eye,Action,Thriller,Mystery,,
keith,,Keith,Romance,Drama,,,
slumdog-millionaire,,Slumdog Millionaire,Drama,Romance,,,
vicky-cristina-barcelona,,Vicky Cristina Barcelona,Romance,Drama,,,
walle,,WALL·E,Animation,Science Fiction,Family,,
hancock,,Hancock,Fantasy,Action,,,
get-smart,,Get Smart,Action,Thriller,Comedy,,
wanted-2008,,Wanted,Crime,Action,Thriller,,
indiana-jones-and-the-kingdom-of-the-crystal-skull,,Indiana Jones and the Kingdom of the Crystal Skull,Adventure,Action,,,
kung-fu-panda,,Kung Fu Panda,Comedy,Drama,Family,Animation,Action
the-boy-in-the-striped-pyjamas,,The Boy in the Striped Pyjamas,War,History,Drama,,
forgetting-sarah-marshall,,Forgetting Sarah Marshall,Drama,Comedy,Romance,,
21,,21,Crime,Drama,,,
the-other-boleyn-girl,,The Other Boleyn Girl,Romance,Drama,History,,
jumper,,Jumper,Science Fiction,Adventure,Action,,
i-am-legend,,I Am Legend,Drama,Thriller,Science Fiction,,
awake,,Awake,Mystery,Crime,Thriller,,
timecrimes,,Timecrimes,Science Fiction,Thriller,,,
december-boys,,December Boys,Romance,Drama,,,
into-the-wild,,Into the Wild,Drama,Adventure,,,
rush-hour-3,,Rush Hour 3,Action,Comedy,Crime,,
an-american-crime,,An American Crime,Horror,Drama,Crime,,
i-now-pronounce-you-chuck-larry,,I Now Pronounce You Chuck & Larry,Comedy,Romance,,,
harry-potter-and-the-order-of-the-phoenix,,Harry Potter and the Order of the Phoenix,Adventure,Fantasy,,,
watching-the-detectives,,Watching the Detectives,Romance,Comedy,,,
vacancy-2007,,Vacancy,Thriller,Horror,,,
spider-man-3,,Spider-Man 3,Science Fiction,Action,Adventure,,
the-invisible,,The Invisible,Mystery,Fantasy,Thriller,,
disturbia,,Disturbia,Drama,Mystery,Thriller,,
meet-the-robinsons,,Meet the Robinsons,Animation,Family,Comedy,Science Fiction,Adventure
the-number-23,,The Number 23,Thriller,Mystery,Crime,,
bridge-to-terabithia,,Bridge to Terabithia,Adventure,Family,Drama,,
eragon,,Eragon,Family,Adventure,Fantasy,Action,
the-pursuit-of-happyness,,The Pursuit of Happyness,Drama,,,,
blood-diamond,,Blood Diamond,Action,Thriller,Drama,,
the-covenant,,The Covenant,Horror,Action,Adventure,Fantasy,
pirates-of-the-caribbean-dead-mans-chest,,Pirates of the Caribbean: Dead Man's Chest,Action,Adventure,Fantasy,,
click,,Click,Fantasy,Drama,Comedy,,
superman-returns,,Superman Returns,Adventure,Action,Science Fiction,,
pans-labyrinth,,Pan's Labyrinth,War,Drama,Fantasy,,
the-break-up,,The Break-Up,Comedy,Romance,,,
inside-man,,Inside Man,Crime,Drama,Thriller,,
the-pink-panther,,The Pink Panther,Crime,Adventure,Comedy,Mystery,Family
king-kong-2005,,King Kong,Action,Adventure,Drama,,
zathura-a-space-adventure,,Zathura: A Space Adventure,Adventure,Family,Science Fiction,,
harry-potter-and-the-goblet-of-fire,,Harry Potter and the Goblet of Fire,Adventure,Fantasy,,,
just-like-heaven,,Just Like Heaven,Romance,Fantasy,Comedy,,
imagine-me-you,,Imagine Me & You,Drama,Comedy,Romance,,
goal-2005,,Goal!,Drama,,,,
the-exorcism-of-emily-rose,,The Exorcism of Emily Rose,Horror,Drama,Thriller,Crime,
tsotsi,,Tsotsi,Crime,Drama,,,
red-eye,,Red Eye,Mystery,Thriller,,,
sky-high-2005,,Sky High,Adventure,Family,Comedy,,
fantastic-four-2005,,Fantastic Four,Science Fiction,Action,Fantasy,,
mr-mrs-smith-2005,,Mr. & Mrs. Smith,Drama,Thriller,Action,Comedy,
cinderella-man,,Cinderella Man,History,Romance,Drama,,
the-longest-yard-2005,,The Longest Yard,Crime,Drama,Comedy,,
match-point,,Match Point,Romance,Thriller,Drama,,
the-sandlot-2,,The Sandlot 2,Comedy,Family,,,
robots,,Robots,Science Fiction,Animation,Comedy,Family,
the-pacifier,,The Pacifier,Action,Family,Comedy,,
hitch-2005,,Hitch,Romance,Comedy,Drama,,
unleashed,,Unleashed,Action,Crime,,,
in-good-company-2004,,In Good Company,Drama,Romance,Comedy,,
lemony-snickets-a-series-of-unfortunate-events,,Lemony Snicket's A Series of Unfortunate Events,Adventure,Family,Comedy,,
the-incredibles,,The Incredibles,Animation,Family,Adventure,Action,
howls-moving-castle,,Howl's Moving Castle,Animation,Fantasy,Adventure,,
i-robot,,"I, Robot",Action,Science Fiction,,,
the-terminal,,The Terminal,Comedy,Drama,,,
harry-potter-and-the-prisoner-of-azkaban,,Harry Potter and the Prisoner of Azkaban,Adventure,Fantasy,,,
the-notebook,,The Notebook,Romance,Drama,,,
the-day-after-tomorrow,,The Day After Tomorrow,Thriller,Science Fiction,Adventure,,
troy,,Troy,Action,History,War,,
mean-girls,,Mean Girls,Comedy,Drama,,,
kill-bill-vol-2,,Kill Bill: Vol. 2,Thriller,Action,Crime,,
hellboy,,Hellboy,Action,Fantasy,,,
secret-window,,Secret Window,Mystery,Thriller,,,
the-girl-next-door-2004,,The Girl Next Door,Romance,Comedy,,,
50-first-dates,,50 First Dates,Comedy,Romance,,,
before-sunset,,Before Sunset,Drama,Romance,,,
the-butterfly-effect,,The Butterfly Effect,Thriller,Science Fiction,,,
garden-state,,Garden State,Comedy,Drama,Romance,,
somethings-gotta-give,,Something's Gotta Give,Romance,Comedy,Drama,,
the-haunted-mansion,,The Haunted Mansion,Comedy,Mystery,Fantasy,Family,Thriller
the-matrix-revolutions,,The Matrix Revolutions,Thriller,Science Fiction,Adventure,Action,
kill-bill-vol-1,,Kill Bill: Vol. 1,Crime,Action,,,
school-of-rock,,School of Rock,Music,Family,Comedy,,
out-of-time,,Out of Time,Drama,Crime,Thriller,,
freaky-friday-2003,,Freaky Friday,Comedy,Romance,Family,Fantasy,
gigli,,Gigli,Crime,Drama,Comedy,Romance,
terminator-3-rise-of-the-machines,,Terminator 3: Rise of the Machines,Science Fiction,Thriller,Action,,
pirates-of-the-caribbean-the-curse-of-the-black-pearl,,Pirates of the Caribbean: The Curse of the Black Pearl,Fantasy,Adventure,Action,,
hulk,,Hulk,Science Fiction,Adventure,Action,,
2-fast-2-furious,,2 Fast 2 Furious,Crime,Action,Thriller,,
the-texas-chainsaw-massacre,,The Texas Chainsaw Massacre,Horror,,,,
finding-nemo,,Finding Nemo,Adventure,Family,Animation,,
evil,,Evil,Drama,,,,
the-matrix-reloaded,,The Matrix Reloaded,Thriller,Science Fiction,Action,Adventure,
identity,,Identity,Mystery,Thriller,,,
holes,,Holes,Drama,Comedy,Adventure,Family,
maid-in-manhattan,,Maid in Manhattan,Drama,Comedy,Romance,,
harry-potter-and-the-chamber-of-secrets,,Harry Potter and the Chamber of Secrets,Adventure,Fantasy,,,
8-mile,,8 Mile,Drama,Music,,,
men-in-black-ii,,Men in Black II,Science Fiction,Comedy,Action,,
lilo-stitch,,Lilo & Stitch,Comedy,Animation,Family,Science Fiction,
the-bourne-identity-2002,,The Bourne Identity,Drama,Action,Thriller,Mystery,
the-pianist,,The Pianist,War,Drama,,,
unfaithful,,Unfaithful,Drama,Thriller,Romance,,
john-q,,John Q,Thriller,Drama,Crime,,
gerry,,Gerry,Drama,Mystery,Adventure,,
a-beautiful-mind,,A Beautiful Mind,Romance,Drama,,,
monsters-inc,,"Monsters, Inc.",Comedy,Animation,Family,,
lovely-amazing,,Lovely & Amazing,Drama,Romance,Comedy,,
rush-hour-2,,Rush Hour 2,Action,Crime,Comedy,,
the-fast-and-the-furious-2001,,The Fast and the Furious,Action,Crime,Thriller,,
pearl-harbor,,Pearl Harbor,Romance,Action,War,History,
the-mummy-returns,,The Mummy Returns,Fantasy,Action,Adventure,,
blow,,Blow,Drama,Crime,,,
sweet-november,,Sweet November,Romance,Drama,,,
cast-away,,Cast Away,Drama,Adventure,,,
finding-forrester,,Finding Forrester,History,Drama,,,
malena,,Malena,Drama,,,,
remember-the-titans,,Remember the Titans,Drama,,,,
what-lies-beneath,,What Lies Beneath,Drama,Mystery,Horror,Thriller,
amores-perros,,Amores Perros,Thriller,Drama,,,
dinosaur,,Dinosaur,Adventure,Animation,Family,Drama,
the-beach,,The Beach,Drama,Romance,Thriller,Adventure,
love-basketball,,Love & Basketball,Drama,Romance,Comedy,,
the-cider-house-rules,,The Cider House Rules,Drama,,,,
the-talented-mr-ripley,,The Talented Mr. Ripley,Crime,Thriller,Drama,,
toy-story-2,,Toy Story 2,Comedy,Family,Animation,,
american-beauty,,American Beauty,Drama,,,,
the-sixth-sense,,The Sixth Sense,Thriller,Mystery,Horror,Drama,
the-iron-giant,,The Iron Giant,Animation,Drama,Science Fiction,Family,
the-wood,,The Wood,Romance,Drama,Comedy,,
tarzan,,Tarzan,Family,Animation,Adventure,,
the-mummy-1999,,The Mummy,Action,Adventure,Fantasy,,
october-sky,,October Sky,Drama,History,,,
the-blair-witch-project,,The Blair Witch Project,Mystery,Horror,,,
the-prince-of-egypt,,The Prince of Egypt,Adventure,Family,Animation,Drama,
shakespeare-in-love,,Shakespeare in Love,Comedy,Romance,History,,
jack-frost,,Jack Frost,Family,Drama,Comedy,Fantasy,
a-bugs-life,,A Bug's Life,Animation,Adventure,Comedy,Family,
meet-joe-black,,Meet Joe Black,Drama,Romance,Fantasy,,
practical-magic,,Practical Magic,Fantasy,Comedy,Romance,,
rush-hour,,Rush Hour,Crime,Action,Comedy,,
a-simple-plan,,A Simple Plan,Crime,Drama,Thriller,,
run-lola-run,,Run Lola Run,Action,Thriller,Drama,,
the-parent-trap-1998,,The Parent Trap,Family,Romance,Comedy,,
the-mask-of-zorro,,The Mask of Zorro,Action,Adventure,,,
doctor-dolittle-1998,,Doctor Dolittle,Comedy,Family,Fantasy,,
mulan,,Mulan,Family,Animation,Adventure,,
he-got-game,,He Got Game,Drama,,,,
following,,Following,Drama,Thriller,,,
wild-things,,Wild Things,Thriller,Mystery,Drama,,
kite,,Kite,Action,Animation,Thriller,,
life-is-beautiful,,Life Is Beautiful,Comedy,Drama,,,
home-alone-3,,Home Alone 3,Comedy,Family,,,
i-know-what-you-did-last-summer,,I Know What You Did Last Summer,Mystery,Horror,Thriller,,
the-edge,,The Edge,Action,Adventure,Drama,,
the-game,,The Game,Drama,Thriller,Mystery,,
perfect-blue,,Perfect Blue,Thriller,Animation,Horror,,
air-force-one,,Air Force One,Action,Thriller,,,
gattaca,,Gattaca,Romance,Mystery,Thriller,Science Fiction,
men-in-black,,Men in Black,Science Fiction,Comedy,Action,Adventure,
hercules-1997,,Hercules,Animation,Adventure,Romance,Comedy,Fantasy
the-odyssey,,The Odyssey,Drama,,,,
la-confidential,,L.A. Confidential,Mystery,Crime,Thriller,,
liar-liar,,Liar Liar,Comedy,,,,
donnie-brasco,,Donnie Brasco,Drama,Thriller,Crime,,
101-dalmatians,,101 Dalmatians,Family,Comedy,,,
sleepers,,Sleepers,Drama,Crime,Thriller,,
a-summers-tale,,A Summer's Tale,Comedy,Romance,Drama,,
jumanji,,Jumanji,Family,Adventure,Fantasy,,
toy-story,,Toy Story,Adventure,Comedy,Animation,Family,
leaving-las-vegas,,Leaving Las Vegas,Drama,Romance,,,
mortal-kombat,,Mortal Kombat,Fantasy,Action,,,
pocahontas,,Pocahontas,Romance,Animation,Family,Adventure,
batman-forever,,Batman Forever,Fantasy,Action,Crime,,
casper,,Casper,Family,Fantasy,Comedy,,
braveheart,,Braveheart,Action,History,Drama,War,
friday,,Friday,Drama,Comedy,,,
bad-boys-1995,,Bad Boys,Comedy,Thriller,Action,Crime,
rumble-in-the-bronx,,Rumble in the Bronx,Thriller,Comedy,Action,Crime,
dumb-and-dumber,,Dumb and Dumber,Comedy,,,,
leon-the-professional,,Léon: The Professional,Crime,Action,Drama,,
it-could-happen-to-you,,It Could Happen to You,Comedy,Romance,Drama,,
babys-day-out,,Baby's Day Out,Comedy,Adventure,Family,Crime,
forrest-gump,,Forrest Gump,Drama,Romance,Comedy,,
the-lion-king,,The Lion King,Animation,Drama,Family,,
shallow-grave,,Shallow Grave,Thriller,Crime,,,
the-crow,,The Crow,Action,Thriller,Fantasy,,
reality-bites,,Reality Bites,Romance,Comedy,Drama,,
schindlers-list,,Schindler's List,History,Drama,War,,
whats-eating-gilbert-grape,,What's Eating Gilbert Grape,Romance,Drama,,,
a-bronx-tale,,A Bronx Tale,Drama,Crime,,,
the-fugitive-1993,,The Fugitive,Drama,Thriller,Action,,
free-willy,,Free Willy,Adventure,Family,Drama,,
menace-ii-society,,Menace II Society,Crime,Drama,Thriller,,
indecent-proposal,,Indecent Proposal,Drama,Romance,,,
the-sandlot,,The Sandlot,Family,Comedy,Drama,,
alive,,Alive,History,Adventure,Drama,,
the-bodyguard-1992,,The Bodyguard,Drama,Action,Romance,,
bram-stokers-dracula,,Bram Stoker's Dracula,Horror,Romance,,,
aladdin,,Aladdin,Fantasy,Adventure,Romance,Family,Animation
batman-returns,,Batman Returns,Fantasy,Action,,,
my-cousin-vinny,,My Cousin Vinny,Drama,Comedy,,,
raise-the-red-lantern,,Raise the Red Lantern,Drama,,,,
hook,,Hook,Comedy,Adventure,Fantasy,Family,
the-godfather-part-iii,,The Godfather Part III,Drama,Thriller,Crime,,
edward-scissorhands,,Edward Scissorhands,Fantasy,Drama,Romance,,
ghost,,Ghost,Fantasy,Romance,Thriller,,
back-to-the-future-part-iii,,Back to the Future Part III,Comedy,Adventure,Science Fiction,,
pretty-woman,,Pretty Woman,Comedy,Romance,,,
back-to-the-future-part-ii,,Back to the Future Part II,Science Fiction,Comedy,Adventure,,
batman-1989,,Batman,Fantasy,Action,Crime,,
indiana-jones-and-the-last-crusade,,Indiana Jones and the Last Crusade,Adventure,Action,,,
midnight-run,,Midnight Run,Thriller,Crime,Comedy,,
coming-to-america,,Coming to America,Romance,Comedy,,,
the-pick-up-artist,,The Pick-up Artist,Romance,Crime,Comedy,,
predator,,Predator,Thriller,Adventure,Science Fiction,Action,
the-secret-of-my-success,,The Secret of My Success,Comedy,,,,
ferris-buellers-day-off,,Ferris Bueller's Day Off,Comedy,,,,
fright-night,,Fright Night,Comedy,Horror,,,
weird-science,,Weird Science,Romance,Fantasy,Comedy,Science Fiction,
back-to-the-future,,Back to the Future,Adventure,Comedy,Science Fiction,,
the-breakfast-club,,The Breakfast Club,Drama,Comedy,,,
the-karate-kid,,The Karate Kid,Action,Drama,Family,,
indiana-jones-and-the-temple-of-doom,,Indiana Jones and the Temple of Doom,Adventure,Action,,,
sixteen-candles,,Sixteen Candles,Romance,Comedy,,,
a-christmas-story-1983,,A Christmas Story,Family,Comedy,,,
psycho-ii,,Psycho II,Thriller,Crime,Mystery,Horror,
the-goodbye-girl,,The Goodbye Girl,Romance,Drama,Comedy,,
wait-until-dark,,Wait Until Dark,Horror,Thriller,,,
le-samourai,,Le Samouraï,Drama,Thriller,Crime,,
thunderball,,Thunderball,Action,Thriller,Adventure,,
goldfinger,,Goldfinger,Action,Adventure,Thriller,,
from-russia-with-love,,From Russia with Love,Action,Adventure,Thriller,,
to-kill-a-mockingbird,,To Kill a Mockingbird,Drama,,,,
dr-no,,Dr. No,Action,Thriller,Adventure,,
lolita,,Lolita,Comedy,Drama,,,
psycho,,Psycho,Mystery,Thriller,Horror,,
the-apartment,,The Apartment,Drama,Romance,Comedy,,
some-like-it-hot,,Some Like It Hot,Romance,Crime,Comedy,,
vertigo,,Vertigo,Thriller,Romance,Mystery,,
12-angry-men,,12 Angry Men,Drama,,,,
the-man-who-knew-too-much-1956,,The Man Who Knew Too Much,Mystery,Thriller,Drama,,
lady-and-the-tramp,,Lady and the Tramp,Romance,Animation,Adventure,Family,Comedy
rear-window,,Rear Window,Thriller,Mystery,Drama,,
strangers-on-a-train,,Strangers on a Train,Thriller,Crime,Drama,,
citizen-kane,,Citizen Kane,Drama,Mystery,,,
city-lights,,City Lights,Drama,Comedy,Romance,,
