username,movie_title,film_slug,film_id,rating,genre_1,genre_2,genre_3,genre_4,genre_5
jay,The Drama,the-drama,,4.0,Romance,Drama,Comedy,,
jay,Send Help,send-help,,2.5,Thriller,Horror,Comedy,,
jay,28 Years Later: The Bone Temple,28-years-later-the-bone-temple,,3.5,Horror,Science Fiction,Thriller,,
jay,Avatar: Fire and Ash,avatar-fire-and-ash,,3.0,Adventure,Fantasy,Science Fiction,,
jay,Marty Supreme,marty-supreme,,4.0,Thriller,Drama,,,
jay,Primate,primate-2025,,2.0,Horror,Thriller,,,
jay,One Battle After Another,one-battle-after-another,,4.0,Thriller,Comedy,Action,Crime,
jay,Bad Apples,bad-apples-2025,,4.0,Thriller,Comedy,,,
jay,Wake Up Dead Man,wake-up-dead-man,,3.0,Comedy,Thriller,Mystery,,
jay,Steve,steve-2025,,3.0,Drama,,,,
jay,The Smashing Machine,the-smashing-machine-2025,,3.0,Drama,Action,History,,
jay,Frankenstein,frankenstein-2025,,2.5,Fantasy,Drama,Horror,Science Fiction,
jay,Hamnet,hamnet,,2.0,History,Drama,Romance,,
jay,After the Hunt,after-the-hunt-2025,,3.5,Drama,,,,
jay,No Other Choice,no-other-choice-2025,,4.0,Crime,Comedy,Thriller,,
jay,Rose of Nevada,rose-of-nevada,,4.5,Science Fiction,Drama,Mystery,,
jay,Bugonia,bugonia,,3.5,Thriller,Science Fiction,Comedy,,
jay,Jay Kelly,jay-kelly,,3.5,Drama,Comedy,,,
jay,Weapons,weapons-2025,,3.0,Horror,Mystery,,,
jay,The Naked Gun,the-naked-gun,,3.0,Action,Comedy,Crime,,
jay,M3GAN 2.0,m3gan-20,,2.5,Action,Thriller,Science Fiction,,
jay,28 Years Later,28-years-later,,3.5,Science Fiction,Thriller,Horror,,
jay,Titan: The OceanGate Submersible Disaster,titan-the-oceangate-submersible-disaster,,2.5,Documentary,Drama,,,
jay,The Mastermind,the-mastermind-2025,,4.0,Crime,Drama,,,
jay,Fear Street: Prom Queen,fear-street-prom-queen,,1.5,Horror,Mystery,,,
jay,Sentimental Value,sentimental-value-2025,,4.0,Drama,,,,
jay,The History of Sound,the-history-of-sound,,2.5,Drama,Music,Romance,,
jay,Connemara,connemara,,1.0,Drama,,,,
jay,Romería,romeria,,3.0,Drama,,,,
jay,Eleanor the Great,eleanor-the-great,,2.5,Drama,,,,
jay,It Was Just an Accident,it-was-just-an-accident,,4.0,Thriller,Drama,Crime,Mystery,
jay,Splitsville,splitsville,,1.5,Comedy,Romance,,,
jay,Alpha,alpha-2025,,4.0,Horror,Science Fiction,Drama,,
jay,The Phoenician Scheme,the-phoenician-scheme,,3.5,Adventure,Comedy,Crime,,
jay,Pillion,pillion-2025,,4.0,Drama,Romance,Comedy,,
jay,Die My Love,die-my-love,,4.0,Drama,,,,
jay,Eddington,eddington,,2.5,Comedy,Western,Crime,,
jay,Bring Her Back,bring-her-back,,4.0,Horror,,,,
jay,Final Destination Bloodlines,final-destination-bloodlines,,3.5,Mystery,Horror,,,
jay,Mission: Impossible – The Final Reckoning,mission-impossible-the-final-reckoning,,3.0,Action,Adventure,Thriller,,
jay,Sinners,sinners-2025,,3.5,Thriller,Action,Horror,,
jay,A Minecraft Movie,a-minecraft-movie,,1.0,Adventure,Family,Fantasy,Comedy,
jay,Nirvanna the Band the Show the Movie,nirvanna-the-band-the-show-the-movie,,3.5,Comedy,Adventure,Science Fiction,,
jay,Mickey 17,mickey-17,,3.0,Comedy,Adventure,Science Fiction,,
jay,The Monkey,the-monkey-2025,,1.0,Comedy,Horror,,,
jay,Bridget Jones: Mad About the Boy,bridget-jones-mad-about-the-boy,,3.5,Drama,Comedy,Romance,,
jay,Lurker,lurker-2025,,3.5,Drama,Thriller,,,
jay,"Sorry, Baby",sorry-baby-2025,,4.0,Comedy,Drama,,,
jay,Train Dreams,train-dreams,,4.0,Drama,,,,
jay,If I Had Legs I'd Kick You,if-i-had-legs-id-kick-you,,4.0,Drama,,,,
jay,A Complete Unknown,a-complete-unknown,,3.5,Drama,Music,,,
jay,Sonic the Hedgehog 3,sonic-the-hedgehog-3,,3.0,Comedy,Science Fiction,Action,Family,
jay,Hot Frosty,hot-frosty,,1.5,Romance,Comedy,,,
jay,Nosferatu,nosferatu-2024,,3.0,Fantasy,Horror,,,
jay,Wallace & Gromit: Vengeance Most Fowl,wallace-gromit-vengeance-most-fowl,,4.0,Adventure,Comedy,Animation,Family,
jay,Wicked,wicked-2024,,3.0,Romance,Drama,Fantasy,,
jay,Smile 2,smile-2-2024,,3.0,Mystery,Horror,Music,,
jay,Terrifier 3,terrifier-3,,2.0,Horror,,,,
jay,Bring Them Down,bring-them-down,,3.5,Drama,Thriller,,,
jay,Hard Truths,hard-truths-2024,,4.0,Comedy,Drama,,,
jay,We Live in Time,we-live-in-time,,3.0,Drama,Romance,,,
jay,Joker: Folie à Deux,joker-folie-a-deux,,2.0,Thriller,Crime,Drama,,
jay,Queer,queer-2024,,4.0,Romance,Drama,,,
jay,The Room Next Door,the-room-next-door-2024,,4.0,Drama,Comedy,,,
jay,Saturday Night,saturday-night-2024,,2.5,Drama,Comedy,,,
jay,Better Man,better-man-2024,,4.0,Music,Drama,,,
jay,Conclave,conclave,,3.5,Drama,Thriller,,,
jay,Nickel Boys,nickel-boys,,4.0,Drama,History,,,
jay,The Crow,the-crow-2024,,1.0,Action,Fantasy,Horror,,
jay,Alien: Romulus,alien-romulus,,2.5,Science Fiction,Horror,,,
jay,Deadpool & Wolverine,deadpool-wolverine,,2.0,Science Fiction,Action,Comedy,,
jay,Trap,trap-2024,,3.5,Crime,Thriller,Horror,,
jay,Twisters,twisters,,3.0,Thriller,Action,,,
jay,Longlegs,longlegs,,3.0,Crime,Horror,Mystery,,
jay,MaXXXine,maxxxine,,2.0,Horror,Thriller,,,
jay,Flow,flow-2024,,3.5,Family,Fantasy,Animation,Adventure,
jay,Anora,anora,,3.5,Drama,Romance,Comedy,,
jay,The Apprentice,the-apprentice-2024,,3.5,Comedy,History,Drama,,
jay,The Substance,the-substance,,3.5,Horror,Science Fiction,,,
jay,The Surfer,the-surfer-2024,,3.5,Thriller,Drama,,,
jay,Kinds of Kindness,kinds-of-kindness,,3.5,Comedy,Drama,,,
jay,Bird,bird-2024,,3.0,Drama,,,,
jay,Megalopolis,megalopolis-2024,,2.0,Drama,Science Fiction,Fantasy,,
jay,Furiosa: A Mad Max Saga,furiosa-a-mad-max-saga,,4.0,Science Fiction,Action,Adventure,,
jay,Scoop,scoop-2024,,2.0,TV Movie,Drama,,,
jay,Challengers,challengers,,4.0,Romance,Drama,,,
jay,Godzilla × Kong: The New Empire,godzilla-kong-the-new-empire,,2.0,Science Fiction,Adventure,Action,,
jay,The Idea of You,the-idea-of-you-2024,,2.5,Drama,Romance,Comedy,Music,
jay,Irish Wish,irish-wish,,1.5,Romance,Fantasy,Comedy,,
jay,Brandy Hellville & the Cult of Fast Fashion,brandy-hellville-the-cult-of-fast-fashion,,1.5,Documentary,,,,
jay,Ren Faire,ren-faire,,4.0,Documentary,,,,
jay,Small Things Like These,small-things-like-these,,3.5,Drama,,,,
jay,Crossing,crossing-2024,,3.5,Drama,,,,
jay,Madame Web,madame-web,,1.0,Action,Fantasy,,,
jay,Dune: Part Two,dune-part-two,,4.0,Adventure,Science Fiction,,,
jay,A Real Pain,a-real-pain,,3.5,Comedy,Drama,,,
jay,Love Lies Bleeding,love-lies-bleeding-2024,,4.0,Thriller,Crime,Romance,,
jay,Kneecap,kneecap,,4.0,Comedy,Drama,Music,,
jay,Wonka,wonka,,3.0,Fantasy,Family,Comedy,,
jay,Merchant Ivory,merchant-ivory,,2.5,Documentary,,,,
jay,The Iron Claw,the-iron-claw-2023,,3.5,History,Drama,,,
jay,The Hunger Games: The Ballad of Songbirds & Snakes,the-hunger-games-the-ballad-of-songbirds-snakes,,3.0,Action,Science Fiction,,,
jay,Thanksgiving,thanksgiving-2023,,3.0,Mystery,Horror,,,
jay,Five Nights at Freddy's,five-nights-at-freddys,,2.0,Horror,Thriller,,,
jay,Chicken Run: Dawn of the Nugget,chicken-run-dawn-of-the-nugget,,2.5,Comedy,Adventure,Family,Animation,
jay,The Exorcist: Believer,the-exorcist-believer,,1.5,Horror,,,,
jay,Saw X,saw-x,,3.5,Horror,Mystery,,,
jay,No One Will Save You,no-one-will-save-you,,2.0,Science Fiction,Horror,,,
jay,A Haunting in Venice,a-haunting-in-venice,,2.5,Crime,Mystery,Thriller,,
jay,American Fiction,american-fiction,,2.5,Comedy,Drama,,,
jay,Hit Man,hit-man-2023,,3.0,Comedy,Crime,Romance,,
jay,Priscilla,priscilla,,3.5,Drama,Romance,,,
jay,The Killer,the-killer-2023,,3.5,Thriller,Crime,,,
jay,Maestro,maestro-2023,,3.0,Drama,Music,Romance,,
jay,NYAD,nyad,,2.0,Drama,History,,,
jay,Poor Things,poor-things-2023,,4.0,Romance,Science Fiction,Comedy,,
jay,The Royal Hotel,the-royal-hotel,,3.0,Drama,Thriller,,,
jay,The Wonderful Story of Henry Sugar,the-wonderful-story-of-henry-sugar,,2.5,Fantasy,Comedy,,,
jay,All of Us Strangers,all-of-us-strangers,,3.5,Drama,Romance,Fantasy,,
jay,Saltburn,saltburn,,3.0,Comedy,Drama,Thriller,,
jay,The Holdovers,the-holdovers,,4.5,Drama,Comedy,,,
jay,Ferrari,ferrari-2023,,2.5,History,Drama,,,
jay,The Bikeriders,the-bikeriders,,3.5,Crime,Drama,,,
jay,El Conde,el-conde,,2.5,Horror,Comedy,Fantasy,,
jay,Retribution,retribution-2023,,1.5,Adventure,Action,Thriller,,
jay,Teenage Mutant Ninja Turtles: Mutant Mayhem,teenage-mutant-ninja-turtles-mutant-mayhem,,3.5,Action,Comedy,Animation,Science Fiction,
jay,Gran Turismo,gran-turismo,,2.5,Adventure,Action,Drama,,
jay,The Boy and the Heron,the-boy-and-the-heron,,3.5,Animation,Fantasy,Drama,,
jay,Oppenheimer,oppenheimer-2023,,4.5,Drama,History,,,
jay,Barbie,barbie,,3.5,Comedy,Fantasy,Adventure,,
jay,Insidious: The Red Door,insidious-the-red-door,,2.5,Horror,Thriller,,,
jay,Paradise,paradise-2023-1,,2.5,Science Fiction,Thriller,,,
jay,Mission: Impossible – Dead Reckoning,mission-impossible-dead-reckoning,,3.5,Action,Thriller,Adventure,,
jay,Black Mirror: Demon 79,black-mirror-demon-79,,3.5,TV Movie,Science Fiction,Horror,Thriller,
jay,Black Mirror: Mazey Day,black-mirror-mazey-day,,1.5,Thriller,Science Fiction,Horror,TV Movie,
jay,Black Mirror: Beyond the Sea,black-mirror-beyond-the-sea,,3.0,Horror,Science Fiction,Thriller,TV Movie,
jay,Black Mirror: Loch Henry,black-mirror-loch-henry,,3.0,TV Movie,Science Fiction,Thriller,Mystery,
jay,Black Mirror: Joan Is Awful,black-mirror-joan-is-awful,,2.0,TV Movie,Drama,Thriller,Science Fiction,
jay,They Cloned Tyrone,they-cloned-tyrone,,3.5,Comedy,Science Fiction,Mystery,,
jay,The Flash,the-flash,,1.5,Adventure,Action,Science Fiction,,
jay,Meg 2: The Trench,meg-2-the-trench,,1.0,Action,Horror,Science Fiction,,
jay,Spider-Man: Across the Spider-Verse,spider-man-across-the-spider-verse,,3.0,Animation,Science Fiction,Adventure,Action,
jay,La Chimera,la-chimera,,4.0,Drama,Comedy,Fantasy,,
jay,Perfect Days,perfect-days-2023,,4.0,Drama,,,,
jay,In Our Day,in-our-day,,3.0,Drama,,,,
jay,Cobweb,cobweb-2023-1,,3.5,Drama,Comedy,,,
jay,The Taste of Things,the-taste-of-things,,4.5,Romance,Drama,,,
jay,Asteroid City,asteroid-city,,3.5,Drama,Comedy,,,
jay,Kidnapped,kidnapped-2023,,2.5,History,Drama,,,
jay,Kubi,kubi,,3.0,Action,Drama,Thriller,History,Comedy
jay,Fallen Leaves,fallen-leaves-2023,,4.0,Romance,Drama,Comedy,,
jay,The Boogeyman,the-boogeyman,,2.5,Horror,,,,
jay,Club Zero,club-zero,,2.0,Comedy,Drama,Thriller,,
jay,Anatomy of a Fall,anatomy-of-a-fall,,4.0,Crime,Thriller,Mystery,,
jay,Killers of the Flower Moon,killers-of-the-flower-moon,,4.0,Crime,History,Drama,,
jay,May December,may-december,,4.0,Drama,,,,
jay,The Zone of Interest,the-zone-of-interest,,4.0,War,Drama,History,,
jay,How to Have Sex,how-to-have-sex,,4.0,Drama,,,,
jay,The New Boy,the-new-boy,,3.0,Drama,,,,
jay,Monster,monster-2023,,4.0,Thriller,Mystery,Drama,,
jay,Strange Way of Life,strange-way-of-life,,2.5,Western,Romance,Drama,,
jay,Blood & Gold,blood-gold,,2.5,Drama,Action,War,,
jay,Beau Is Afraid,beau-is-afraid,,3.5,Comedy,Fantasy,Adventure,,
jay,The Super Mario Bros. Movie,the-super-mario-bros-movie,,3.0,Adventure,Animation,Comedy,Family,Fantasy
jay,Clock,clock-2023,,2.5,Thriller,Horror,,,
jay,Murder Mystery 2,murder-mystery-2,,1.5,Mystery,Comedy,Crime,,
jay,Air,air-2023,,3.5,Drama,History,,,
jay,Evil Dead Rise,evil-dead-rise,,3.5,Horror,Thriller,,,
jay,Bottoms,bottoms,,3.0,Comedy,,,,
jay,Dungeons & Dragons: Honor Among Thieves,dungeons-dragons-honor-among-thieves,,3.0,Fantasy,Adventure,Comedy,,
jay,John Wick: Chapter 4,john-wick-chapter-4,,4.0,Crime,Action,Thriller,,
jay,Scream VI,scream-vi,,3.5,Crime,Thriller,Horror,,
jay,Luther: The Fallen Sun,luther-the-fallen-sun,,2.5,Crime,Thriller,Mystery,,
jay,Cocaine Bear,cocaine-bear,,1.5,Crime,Comedy,Thriller,,
jay,"Orlando, My Political Biography",orlando-my-political-biography,,3.0,Documentary,,,,
jay,Reality,reality-2023,,3.5,Drama,Thriller,,,
jay,BlackBerry,blackberry-2023,,4.0,Drama,History,Comedy,,
jay,Ant-Man and the Wasp: Quantumania,ant-man-and-the-wasp-quantumania,,1.5,Adventure,Science Fiction,Action,,
jay,Knock at the Cabin,knock-at-the-cabin,,2.5,Mystery,Horror,Thriller,,
jay,Passages,passages-2023,,3.5,Drama,Romance,,,
jay,Rye Lane,rye-lane,,3.5,Comedy,Romance,,,
jay,Scrapper,scrapper-2023,,4.0,Comedy,Drama,,,
jay,Past Lives,past-lives,,4.0,Drama,Romance,,,
jay,Theater Camp,theater-camp-2023,,3.0,Comedy,,,,
jay,Polite Society,polite-society,,2.5,Action,Comedy,Drama,,
jay,M3GAN,m3gan,,2.5,Science Fiction,Horror,,,
jay,Avatar: The Way of Water,avatar-the-way-of-water,,4.0,Science Fiction,Action,Adventure,,
jay,Your Christmas or Mine?,your-christmas-or-mine,,2.5,Romance,Comedy,,,
jay,Troll,troll-2022,,2.0,Action,Fantasy,Adventure,,
jay,Puss in Boots: The Last Wish,puss-in-boots-the-last-wish,,4.0,Animation,Family,Fantasy,Comedy,Adventure
jay,Disenchanted,disenchanted,,1.5,Comedy,Fantasy,Family,,
jay,Stutz,stutz,,3.5,Documentary,,,,
jay,Talk to Me,talk-to-me-2022,,3.5,Fantasy,Horror,,,
jay,Black Panther: Wakanda Forever,black-panther-wakanda-forever,,3.0,Science Fiction,Adventure,Action,,
jay,Guillermo del Toro's Pinocchio,guillermo-del-toros-pinocchio,,4.0,Drama,Adventure,Animation,Fantasy,
jay,"Lyle, Lyle, Crocodile",lyle-lyle-crocodile,,2.0,Comedy,Music,Family,,
jay,Halloween Ends,halloween-ends,,2.5,Horror,Thriller,,,
jay,The Estate,the-estate-2022,,0.5,Comedy,Drama,,,
jay,Roald Dahl's Matilda the Musical,roald-dahls-matilda-the-musical,,3.0,Comedy,Family,Fantasy,,
jay,Hocus Pocus 2,hocus-pocus-2,,2.5,Comedy,Fantasy,,,
jay,The Almond and the Seahorse,the-almond-and-the-seahorse,,1.5,Drama,Romance,,,
jay,Smile,smile-2022,,1.0,Horror,Mystery,,,
jay,Amsterdam,amsterdam-2022,,1.5,Mystery,Comedy,Drama,,
jay,Do Revenge,do-revenge,,2.5,Thriller,Comedy,Romance,,
jay,Sanctuary,sanctuary-2022,,3.5,Thriller,Drama,,,
jay,Sick,sick-2022,,3.5,Horror,Mystery,,,
jay,My Policeman,my-policeman,,3.0,Drama,Romance,,,
jay,The Good Nurse,the-good-nurse,,3.0,Mystery,Crime,Drama,,
jay,Catherine Called Birdy,catherine-called-birdy,,3.0,Comedy,Adventure,,,
jay,How to Blow Up a Pipeline,how-to-blow-up-a-pipeline,,4.0,Thriller,Crime,Drama,,
jay,Causeway,causeway,,3.5,Drama,,,,
jay,The Fabelmans,the-fabelmans,,3.5,Drama,,,,
jay,Glass Onion,glass-onion,,2.5,Crime,Mystery,Comedy,,
jay,The Menu,the-menu-2022,,2.0,Comedy,Horror,,,
jay,Allelujah,allelujah,,1.5,Drama,,,,
jay,See How They Run,see-how-they-run-2022,,2.5,Comedy,Crime,Mystery,,
jay,Bros,bros,,1.5,Comedy,Romance,,,
jay,Blonde,blonde-2022,,2.0,Drama,,,,
jay,The Son,the-son-2022,,2.0,Drama,,,,
jay,Pinocchio,pinocchio-2022,,1.5,Adventure,Fantasy,Family,,
jay,Saint Omer,saint-omer,,3.0,Crime,Drama,,,
jay,The Banshees of Inisherin,the-banshees-of-inisherin,,4.0,Comedy,Drama,,,
jay,Don't Worry Darling,dont-worry-darling,,2.0,Mystery,Science Fiction,Thriller,,
jay,The Whale,the-whale-2022,,3.0,Drama,,,,
jay,Pearl,pearl-2022,,3.5,Horror,Thriller,,,
jay,The Wonder,the-wonder,,3.0,Drama,Mystery,,,
jay,Lady Chatterley's Lover,lady-chatterleys-lover-2022,,4.0,Romance,Drama,,,
jay,Women Talking,women-talking,,3.5,Drama,,,,
jay,Bones and All,bones-and-all,,4.0,Horror,Drama,Romance,,
jay,TÁR,tar-2022,,5.0,Music,Drama,,,
jay,Blue Jean,blue-jean,,4.5,Drama,,,,
jay,"BARDO, False Chronicle of a Handful of Truths",bardo-false-chronicle-of-a-handful-of-truths,,2.5,Drama,Comedy,,,
jay,White Noise,white-noise-2022,,3.0,Comedy,Drama,,,
jay,Terrifier 2,terrifier-2,,3.0,Horror,,,,
jay,Barbarian,barbarian-2022,,3.0,Horror,Mystery,,,
jay,I Came By,i-came-by,,2.0,Crime,Thriller,,,
jay,Beast,beast-2022-1,,2.0,Action,Horror,Thriller,Adventure,
jay,Fall,fall-2022,,3.0,Thriller,,,,
jay,Day Shift,day-shift-2022,,2.5,Fantasy,Comedy,Thriller,Horror,Action
jay,Medusa Deluxe,medusa-deluxe,,4.0,Comedy,Drama,Thriller,Mystery,
jay,Prey,prey-2022,,3.5,Action,Thriller,Science Fiction,,
jay,Orphan: First Kill,orphan-first-kill,,3.5,Horror,Thriller,,,
jay,Skinamarink,skinamarink,,3.0,Horror,,,,
jay,They/Them,they-them-2022-1,,1.5,Horror,Mystery,,,
jay,Nope,nope,,3.5,Science Fiction,Horror,,,
jay,Mrs. Harris Goes to Paris,mrs-harris-goes-to-paris,,3.5,History,Drama,Comedy,,
jay,The Gray Man,the-gray-man-2022,,2.0,Thriller,Action,,,
jay,Persuasion,persuasion-2022,,1.5,Drama,Comedy,Romance,,
jay,Minions: The Rise of Gru,minions-the-rise-of-gru,,3.0,Science Fiction,Family,Animation,Comedy,Adventure
jay,Thor: Love and Thunder,thor-love-and-thunder,,1.5,Action,Fantasy,Comedy,,
jay,Spiderhead,spiderhead,,2.0,Thriller,Science Fiction,,,
jay,Dragon Ball Super: Super Hero,dragon-ball-super-super-hero,,3.0,Animation,Action,Science Fiction,,
jay,Lightyear,lightyear-2022,,2.5,Family,Science Fiction,Adventure,Animation,
jay,Blood in the Water,blood-in-the-water-2022,,1.0,Horror,Thriller,,,
jay,Hustle,hustle-2022,,3.0,Comedy,Drama,,,
jay,Fire Island,fire-island-2022,,3.0,Romance,Comedy,,,
jay,Close,close-2022,,3.5,Drama,,,,
jay,Elvis,elvis-2022,,4.0,Music,History,Drama,,
jay,Decision to Leave,decision-to-leave,,3.5,Mystery,Thriller,Romance,,
jay,Jurassic World Dominion,jurassic-world-dominion,,1.5,Thriller,Science Fiction,Adventure,,
jay,Crimes of the Future,crimes-of-the-future-2022,,3.0,Horror,Thriller,Science Fiction,,
jay,Sick of Myself,sick-of-myself,,4.0,Comedy,Horror,,,
jay,Holy Spider,holy-spider,,3.0,Crime,Drama,Thriller,,
jay,Aftersun,aftersun,,4.5,Drama,,,,
jay,Triangle of Sadness,triangle-of-sadness,,2.5,Drama,Comedy,,,
jay,Enys Men,enys-men,,4.0,Drama,Horror,,,
jay,The Stranger,the-stranger-2022,,3.5,Thriller,Drama,Crime,,
jay,Chip 'n Dale: Rescue Rangers,chip-n-dale-rescue-rangers,,3.0,Mystery,Animation,Comedy,Adventure,Family
jay,Men,men-2022,,2.5,Fantasy,Horror,Thriller,,
jay,Jackass 4.5,jackass-45,,3.5,Action,Comedy,Documentary,,
jay,EO,eo,,4.0,Adventure,Drama,,,
jay,Senior Year,senior-year-2022,,2.0,Comedy,,,,
jay,Top Gun: Maverick,top-gun-maverick,,4.0,Action,Drama,,,
jay,Doctor Strange in the Multiverse of Madness,doctor-strange-in-the-multiverse-of-madness,,2.5,Fantasy,Action,Adventure,,
jay,Doctor Who: Legend of the Sea Devils,doctor-who-legend-of-the-sea-devils,,1.0,Drama,Science Fiction,Adventure,,
jay,Sonic the Hedgehog 2,sonic-the-hedgehog-2,,2.5,Adventure,Family,Comedy,Action,
jay,Gateways Grind,gateways-grind,,3.5,Documentary,,,,
jay,RRR,rrr,,4.0,Adventure,Action,Drama,,
jay,Morbius,morbius,,0.5,Science Fiction,Action,Fantasy,,
jay,Deep Water,deep-water-2022,,2.5,Drama,Mystery,Thriller,,
jay,Bodies Bodies Bodies,bodies-bodies-bodies,,3.0,Comedy,Mystery,Horror,Thriller,
jay,X,x-2022,,3.0,Horror,Thriller,,,
jay,The Unbearable Weight of Massive Talent,the-unbearable-weight-of-massive-talent,,2.0,Crime,Action,Comedy,,
jay,Everything Everywhere All at Once,everything-everywhere-all-at-once,,3.0,Science Fiction,Adventure,Comedy,Action,
jay,Windfall,windfall,,2.0,Crime,Drama,Thriller,,
jay,The Adam Project,the-adam-project,,2.0,Comedy,Adventure,Science Fiction,,
jay,Turning Red,turning-red,,3.0,Family,Fantasy,Animation,Comedy,
jay,Texas Chainsaw Massacre,texas-chainsaw-massacre,,1.5,Drama,Crime,Horror,,
jay,Tall Girl 2,tall-girl-2,,1.0,Comedy,Romance,Drama,,
jay,Death on the Nile,death-on-the-nile-2022,,2.0,Crime,Thriller,Mystery,,
jay,The Tinder Swindler,the-tinder-swindler,,3.0,Crime,Documentary,,,
jay,Marry Me,marry-me-2022,,3.0,Comedy,Romance,Music,,
jay,Jackass Forever,jackass-forever,,4.0,Action,Documentary,Comedy,,
jay,Emily the Criminal,emily-the-criminal,,3.5,Thriller,Crime,Drama,,
jay,Am I OK?,am-i-ok,,1.5,Romance,Comedy,Drama,,
jay,Cha Cha Real Smooth,cha-cha-real-smooth,,3.5,Romance,Drama,Comedy,,
jay,Alice,alice-2022,,2.0,Thriller,Drama,,,
jay,Sharp Stick,sharp-stick,,2.5,Drama,Romance,Comedy,,
jay,Living,living-2022,,3.5,Drama,,,,
jay,Fire of Love,fire-of-love-2022,,3.5,Documentary,,,,
jay,Fresh,fresh-2022,,3.0,Horror,Thriller,,,
jay,The Princess,the-princess-2022,,2.5,Documentary,History,,,
jay,Scream,scream-2022,,3.0,Mystery,Horror,,,
jay,Death to 2021,death-to-2021,,0.5,Comedy,,,,
jay,The Matrix Resurrections,the-matrix-resurrections,,4.0,Adventure,Science Fiction,Action,,
jay,Spider-Man: No Way Home,spider-man-no-way-home,,3.0,Adventure,Action,Science Fiction,,
jay,Don't Look Up,dont-look-up-2021,,2.0,Drama,Science Fiction,Comedy,,
jay,Nightmare Alley,nightmare-alley-2021,,3.5,Drama,Crime,Thriller,,
jay,West Side Story,west-side-story-2021,,3.5,Romance,Crime,Drama,,
jay,Licorice Pizza,licorice-pizza,,4.0,Drama,Romance,Comedy,,
jay,"tick, tick... BOOM!",tick-tick-boom-2021,,3.0,Drama,Music,,,
jay,House of Gucci,house-of-gucci,,2.0,Drama,Crime,History,,
jay,Millie Lies Low,millie-lies-low,,3.5,Comedy,Drama,,,
jay,Love Hard,love-hard,,2.0,Comedy,Romance,,,
jay,Eternals,eternals,,2.5,Action,Science Fiction,Adventure,,
jay,Encanto,encanto,,2.5,Comedy,Family,Fantasy,Animation,
jay,The Harder They Fall,the-harder-they-fall-2021,,3.5,Western,,,,
jay,Diana: The Musical,diana-the-musical,,1.5,Drama,History,Romance,,
jay,No Time to Die,no-time-to-die-2021,,3.0,Action,Adventure,Thriller,,
jay,The Black Phone,the-black-phone,,3.0,Thriller,Horror,,,
jay,The Tragedy of Macbeth,the-tragedy-of-macbeth,,3.5,Drama,,,,
jay,Venom: Let There Be Carnage,venom-let-there-be-carnage,,2.5,Science Fiction,Action,Adventure,,
jay,The Humans,the-humans,,3.5,Drama,,,,
jay,The Last Duel,the-last-duel-2021,,3.5,Thriller,History,Drama,Action,
jay,The Guilty,the-guilty-2021,,2.5,Drama,Thriller,,,
jay,Halloween Kills,halloween-kills,,2.0,Horror,Thriller,,,
jay,Official Competition,official-competition,,4.0,Drama,Comedy,,,
jay,Last Night in Soho,last-night-in-soho,,2.0,Horror,Mystery,,,
jay,Marcel the Shell with Shoes On,marcel-the-shell-with-shoes-on-2021,,4.0,Animation,Drama,Comedy,Family,
jay,The Lost Daughter,the-lost-daughter-2021,,3.5,Drama,,,,
jay,Spencer,spencer-2021,,4.5,Drama,,,,
jay,Cinderella,cinderella-2021,,0.5,Fantasy,Comedy,Romance,,
jay,Dune,dune-2021,,4.0,Science Fiction,Adventure,,,
jay,King Richard,king-richard,,2.5,History,Drama,,,
jay,C'mon C'mon,cmon-cmon,,4.0,Drama,,,,
jay,The Power of the Dog,the-power-of-the-dog,,4.0,Western,Drama,,,
jay,Malignant,malignant-2021,,4.0,Horror,Mystery,,,
jay,He's All That,hes-all-that,,0.5,Comedy,Romance,,,
jay,Ghostbusters: Afterlife,ghostbusters-afterlife,,1.5,Comedy,Adventure,Fantasy,,
jay,Candyman,candyman-2021,,3.0,Horror,Thriller,,,
jay,Shang-Chi and the Legend of the Ten Rings,shang-chi-and-the-legend-of-the-ten-rings,,3.0,Adventure,Fantasy,Action,,
jay,The Kissing Booth 3,the-kissing-booth-3,,0.5,Romance,Comedy,,,
jay,She Will,she-will,,2.5,Drama,Horror,,,
jay,Free Guy,free-guy,,2.0,Comedy,Adventure,Science Fiction,,
jay,The Suicide Squad,the-suicide-squad,,3.0,Action,Comedy,Adventure,,
jay,Old,old-2021,,1.5,Thriller,Mystery,Horror,,
jay,Red Rocket,red-rocket-2021,,4.0,Comedy,Drama,,,
jay,Fear Street: 1666,fear-street-1666,,2.5,Mystery,Horror,,,
jay,Lamb,lamb-2021,,3.0,Drama,Fantasy,Horror,,
jay,Titane,titane,,4.5,Thriller,Horror,Science Fiction,Drama,
jay,Pig,pig-2021,,3.5,Mystery,Thriller,Drama,,
jay,Bergman Island,bergman-island-2021,,3.5,Romance,Drama,,,
jay,"The French Dispatch of the Liberty, Kansas Evening Sun",the-french-dispatch-of-the-liberty-kansas,,3.5,Drama,Comedy,,,
jay,Drive My Car,drive-my-car,,4.0,Drama,,,,
jay,Benedetta,benedetta,,4.0,Drama,Romance,History,,
jay,After Yang,after-yang,,4.0,Drama,Science Fiction,,,
jay,The Worst Person in the World,the-worst-person-in-the-world,,4.5,Drama,Romance,Comedy,,
jay,Cow,cow-2021,,3.5,Documentary,,,,
jay,The Souvenir: Part II,the-souvenir-part-ii,,2.5,Drama,Romance,,,
jay,Fear Street: 1978,fear-street-1978,,3.5,Horror,Mystery,,,
jay,The Velvet Underground,the-velvet-underground-2021,,3.5,Music,Documentary,,,
jay,Space Jam: A New Legacy,space-jam-a-new-legacy,,1.0,Animation,Adventure,Comedy,Family,Science Fiction
jay,Boiling Point,boiling-point-2021,,4.0,Drama,Thriller,,,
jay,Escape Room: Tournament of Champions,escape-room-tournament-of-champions,,2.0,Thriller,Mystery,Horror,,
jay,Black Widow,black-widow-2021,,2.5,Action,Adventure,Science Fiction,,
jay,Fear Street: 1994,fear-street-1994,,3.5,Horror,Mystery,,,
jay,No Sudden Move,no-sudden-move,,3.0,Thriller,Crime,,,
jay,Luca,luca-2021,,3.0,Fantasy,Comedy,Drama,Family,Animation
jay,In the Heights,in-the-heights,,2.0,Romance,Drama,,,
jay,The Conjuring: The Devil Made Me Do It,the-conjuring-the-devil-made-me-do-it,,2.5,Thriller,Horror,Mystery,,
jay,Cruella,cruella,,3.0,Drama,Comedy,Crime,,
jay,The Woman in the Window,the-woman-in-the-window-2021,,2.0,Crime,Thriller,Mystery,,
jay,Oxygen,oxygen-2021,,3.5,Horror,Thriller,Science Fiction,,
jay,Spiral: From the Book of Saw,spiral-from-the-book-of-saw,,2.5,Horror,Mystery,,,
jay,Wrath of Man,wrath-of-man,,3.0,Thriller,Drama,Crime,,
jay,Army of the Dead,army-of-the-dead-2021,,2.5,Horror,Action,Crime,,
jay,Bad Trip,bad-trip-2021,,2.5,Comedy,,,,
jay,Godzilla vs. Kong,godzilla-vs-kong,,2.5,Science Fiction,Adventure,Action,,
jay,Charli XCX: Alone Together,charli-xcx-alone-together,,3.0,Documentary,Music,,,
jay,Nobody,nobody-2021,,3.5,Action,Thriller,,,
jay,Zack Snyder's Justice League,zack-snyders-justice-league,,2.5,Action,Fantasy,Adventure,,
jay,The Feast,the-feast-2021,,2.5,Thriller,Horror,,,
jay,YES DAY,yes-day,,2.0,Comedy,Family,,,
jay,Barb & Star Go to Vista Del Mar,barb-star-go-to-vista-del-mar,,3.5,Comedy,,,,
jay,Passing,passing-2021,,3.0,Drama,,,,
jay,Pleasure,pleasure-2021,,4.0,Drama,,,,
jay,A Glitch in the Matrix,a-glitch-in-the-matrix-2021,,2.5,Documentary,,,,
jay,CODA,coda-2021,,2.5,Drama,Music,Romance,,
jay,Malcolm & Marie,malcolm-marie,,2.5,Drama,Romance,,,
jay,Censor,censor-2021,,3.5,Horror,Mystery,,,
jay,Wrong Turn,wrong-turn-2021,,2.5,Thriller,Horror,,,
jay,The Dig,the-dig-2021,,3.0,Drama,History,,,
jay,Death to 2020,death-to-2020,,1.5,Comedy,,,,
jay,Wonder Woman 1984,wonder-woman-1984,,1.5,Action,Adventure,Fantasy,,
jay,The Midnight Sky,the-midnight-sky,,2.0,Drama,Science Fiction,,,
jay,The Prom,the-prom-2020,,2.0,Comedy,Romance,,,
jay,Lovers Rock,lovers-rock-2020,,4.0,Drama,Romance,,,
jay,Ma Rainey's Black Bottom,ma-raineys-black-bottom,,3.5,Music,Drama,,,
jay,Happiest Season,happiest-season,,3.0,Romance,Comedy,,,
jay,Mank,mank,,3.5,History,Drama,,,
jay,Hillbilly Elegy,hillbilly-elegy,,1.0,Drama,,,,
jay,Borat Subsequent Moviefilm: Delivery of Prodigious Bribe to American Regime for Make Benefit Once Glorious Nation of Kazakhstan,borat-subsequent-moviefilm-delivery-of-prodigious,,3.5,Comedy,,,,
jay,Roald Dahl's The Witches,roald-dahls-the-witches,,2.0,Comedy,Horror,Fantasy,Family,
jay,Soul,soul-2020,,4.0,Music,Drama,Family,Animation,Fantasy
jay,Run,run-2020,,3.0,Thriller,Horror,Drama,,
jay,Hubie Halloween,hubie-halloween,,1.5,Horror,Mystery,Comedy,,
jay,"Red, White and Blue",red-white-and-blue-2020,,3.5,Drama,,,,
jay,David Attenborough: A Life on Our Planet,david-attenborough-a-life-on-our-planet,,3.0,Documentary,Drama,,,
jay,The Trial of the Chicago 7,the-trial-of-the-chicago-7,,3.0,History,Drama,,,
jay,Enola Holmes,enola-holmes,,3.0,Mystery,Crime,Adventure,,
jay,On the Rocks,on-the-rocks-2020,,2.5,Romance,Comedy,Drama,,
jay,I Care a Lot,i-care-a-lot,,2.5,Drama,Crime,Thriller,Comedy,
jay,After Love,after-love-2020,,4.0,Drama,,,,
jay,Nomadland,nomadland,,3.5,Drama,,,,
jay,Ammonite,ammonite,,2.5,Romance,Drama,,,
jay,The Devil All the Time,the-devil-all-the-time,,2.5,Crime,Drama,Thriller,,
jay,Mainstream,mainstream-2020,,2.5,Comedy,Drama,,,
jay,Pieces of a Woman,pieces-of-a-woman,,3.0,Drama,,,,
jay,Antebellum,antebellum,,1.5,Horror,,,,
jay,I'm Thinking of Ending Things,im-thinking-of-ending-things,,4.0,Fantasy,Thriller,Mystery,Drama,
jay,Class Action Park,class-action-park,,3.5,Documentary,,,,
jay,Tenet,tenet,,3.0,Science Fiction,Action,Thriller,,
jay,PVT Chat,pvt-chat,,3.0,Drama,,,,
jay,Shithouse,shithouse,,3.5,Comedy,Romance,Drama,,
jay,An American Pickle,an-american-pickle,,3.0,Comedy,Drama,,,
jay,The Kissing Booth 2,the-kissing-booth-2,,0.5,Comedy,Romance,,,
jay,Follow Me,follow-me-2020,,1.0,Horror,Thriller,,,
jay,Eurovision Song Contest: The Story of Fire Saga,eurovision-song-contest-the-story-of-fire-saga,,1.5,Music,Comedy,,,
jay,Da 5 Bloods,da-5-bloods,,3.5,War,Drama,,,
jay,Freeze,freeze-2020,,3.5,,,,,
jay,Capone,capone-2020,,2.5,Drama,Crime,,,
jay,Tigertail,tigertail,,3.0,Drama,,,,
jay,Shiva Baby,shiva-baby-2020,,4.5,Comedy,Drama,,,
jay,The Hunt,the-hunt-2020,,1.0,Thriller,Action,Horror,,
jay,The Invisible Man,the-invisible-man-2020,,3.5,Science Fiction,Horror,Thriller,,
jay,Brahms: The Boy II,brahms-the-boy-ii,,1.5,Horror,Thriller,Mystery,,
jay,Emma.,emma-2020,,3.5,Romance,Comedy,,,
jay,The Father,the-father-2020,,4.0,Drama,,,,
jay,Some Kind of Heaven,some-kind-of-heaven,,4.0,Documentary,,,,
jay,Surge,surge-2020,,3.5,Thriller,,,,
jay,Palm Springs,palm-springs-2020,,3.5,Romance,Science Fiction,Comedy,,
jay,Promising Young Woman,promising-young-woman,,2.5,Crime,Drama,Thriller,,
jay,Possessor,possessor,,4.0,Thriller,Horror,Science Fiction,,
jay,Sonic the Hedgehog,sonic-the-hedgehog,,2.5,Comedy,Family,Science Fiction,Action,
jay,Spree,spree-2020,,3.0,Horror,Thriller,Comedy,Crime,
jay,Miss Americana,miss-americana,,3.5,Music,Documentary,,,
jay,Cats,cats-2019,,1.5,Comedy,Drama,Fantasy,,
jay,Star Wars: The Rise of Skywalker,star-wars-the-rise-of-skywalker,,2.0,Adventure,Action,Science Fiction,,
jay,Little Women,little-women-2019,,4.0,Drama,Romance,,,
jay,Last Christmas,last-christmas-2019,,2.0,Comedy,Drama,Romance,,
jay,Let It Snow,let-it-snow-2019,,2.0,Romance,Comedy,,,
jay,Klaus,klaus,,3.5,Animation,Family,Comedy,,
jay,Doctor Sleep,doctor-sleep,,3.5,Horror,Fantasy,,,
jay,El Camino: A Breaking Bad Movie,el-camino-a-breaking-bad-movie,,3.5,Crime,Drama,Thriller,,
jay,Zombieland: Double Tap,zombieland-double-tap,,2.0,Horror,Comedy,,,
jay,The Irishman,the-irishman-2019,,4.0,History,Drama,Crime,,
jay,Tall Girl,tall-girl,,0.5,Comedy,Drama,Romance,,
jay,Guns Akimbo,guns-akimbo,,1.5,Comedy,Crime,Thriller,Action,
jay,Saint Maud,saint-maud,,4.0,Horror,Thriller,Mystery,,
jay,Bad Education,bad-education-2019,,3.5,History,Crime,Drama,,
jay,Two of Us,two-of-us-2019,,3.5,Drama,Romance,,,
jay,Color Out of Space,color-out-of-space,,3.5,Mystery,Science Fiction,Thriller,Horror,
jay,Knives Out,knives-out-2019,,4.0,Mystery,Comedy,Crime,,
jay,A Beautiful Day in the Neighborhood,a-beautiful-day-in-the-neighborhood,,3.0,History,Family,Drama,,
jay,The Platform,the-platform,,3.5,Thriller,Drama,Science Fiction,,
jay,Hustlers,hustlers-2019,,3.5,Comedy,Crime,Drama,,
jay,The Personal History of David Copperfield,the-personal-history-of-david-copperfield,,3.5,Comedy,,,,
jay,Babyteeth,babyteeth,,4.0,Drama,Romance,Comedy,,
jay,The King,the-king-2019,,3.0,War,Drama,History,,
jay,The Laundromat,the-laundromat-2019,,1.5,Drama,Comedy,Crime,,
jay,The Two Popes,the-two-popes,,2.0,Drama,History,,,
jay,First Cow,first-cow,,4.0,Western,Drama,,,
jay,Waves,waves-2019,,2.5,Romance,Drama,,,
jay,Ford v Ferrari,ford-v-ferrari,,3.0,Drama,Action,History,,
jay,Uncut Gems,uncut-gems,,5.0,Crime,Thriller,Drama,,
jay,Marriage Story,marriage-story-2019,,5.0,Drama,,,,
jay,Ad Astra,ad-astra-2019,,3.0,Science Fiction,Drama,,,
jay,It Chapter Two,it-chapter-two,,1.5,Drama,Thriller,Horror,,
jay,Ready or Not,ready-or-not-2019,,3.5,Horror,Comedy,,,
jay,Bad Assistant,bad-assistant,,3.5,,,,,
jay,Fast & Furious Presents: Hobbs & Shaw,fast-furious-presents-hobbs-shaw,,3.0,Adventure,Action,Comedy,,
jay,Daughter,daughter-2019,,3.0,Animation,Drama,,,
jay,The Fabric of You,the-fabric-of-you,,3.0,Romance,Animation,Drama,Horror,
jay,Anima,anima-2019,,3.5,Music,,,,
jay,Spider-Man: Far From Home,spider-man-far-from-home,,3.0,Science Fiction,Adventure,Action,,
jay,Child's Play,childs-play-2019,,2.5,Science Fiction,Horror,,,
jay,Midsommar,midsommar,,4.0,Mystery,Drama,Horror,,
jay,Sequin in a Blue Room,sequin-in-a-blue-room,,3.5,Thriller,Drama,,,
jay,Chasing Happiness,jonas-brothers-chasing-happiness,,2.5,Music,Documentary,,,
jay,Always Be My Maybe,always-be-my-maybe-2019,,3.0,Romance,Comedy,,,
jay,Ma,ma-2019,,2.0,Horror,Thriller,,,
jay,Murder Mystery,murder-mystery,,1.0,Comedy,Mystery,,,
jay,Matthias & Maxime,matthias-maxime,,4.0,Romance,Drama,,,
jay,Parasite,parasite-2019,,5.0,Thriller,Comedy,Drama,,
jay,Once Upon a Time... in Hollywood,once-upon-a-time-in-hollywood,,2.5,Thriller,Drama,Comedy,,
jay,Portrait of a Lady on Fire,portrait-of-a-lady-on-fire,,4.0,Drama,Romance,,,
jay,The Lighthouse,the-lighthouse-2019,,5.0,Thriller,Fantasy,Horror,Drama,
jay,Rocketman,rocketman-2019,,3.0,Drama,Music,,,
jay,John Wick: Chapter 3 – Parabellum,john-wick-chapter-3-parabellum,,3.5,Action,Crime,Thriller,,
jay,Wine Country,wine-country,,2.0,Comedy,,,,
jay,Yesterday,yesterday-2019,,2.0,Comedy,Fantasy,Romance,Music,
jay,Tolkien,tolkien-2019,,2.0,Romance,War,Drama,,
jay,Pokémon Detective Pikachu,pokemon-detective-pikachu,,3.0,Action,Fantasy,Adventure,,
jay,The Kill Team,the-kill-team-2019,,2.5,Drama,Action,War,,
jay,Avengers: Endgame,avengers-endgame,,2.5,Science Fiction,Action,Adventure,,
jay,HOMECOMING: A film by Beyoncé,homecoming-a-film-by-beyonce,,4.0,Music,Documentary,,,
jay,The Perfect Date,the-perfect-date-2019,,2.0,Romance,Comedy,,,
jay,After,after-2019,,1.0,Romance,Drama,,,
jay,Hellboy,hellboy-2019,,1.0,Action,Fantasy,Adventure,Horror,
jay,The Silence,the-silence-2019,,1.5,Horror,Thriller,Drama,Fantasy,
jay,Five Feet Apart,five-feet-apart,,2.0,Romance,Drama,,,
jay,Dumbo,dumbo-2019,,2.5,Family,Adventure,Fantasy,,
jay,Booksmart,booksmart,,3.0,Comedy,,,,
jay,The Peanut Butter Falcon,the-peanut-butter-falcon,,3.0,Drama,Adventure,Comedy,,
jay,Long Shot,long-shot-2019,,3.5,Romance,Comedy,,,
jay,Us,us-2019,,3.0,Horror,Mystery,,,
jay,Triple Frontier,triple-frontier,,3.0,Action,Adventure,Thriller,Crime,
jay,Happy Death Day 2U,happy-death-day-2u,,3.0,Comedy,Horror,Science Fiction,,
jay,Isn't It Romantic,isnt-it-romantic-2019,,2.0,Romance,Comedy,Fantasy,,
jay,Alita: Battle Angel,alita-battle-angel,,2.5,Adventure,Science Fiction,Action,,
jay,The Souvenir,the-souvenir,,2.0,Drama,Romance,,,
jay,Velvet Buzzsaw,velvet-buzzsaw,,2.0,Thriller,Mystery,Horror,,
jay,Wounds,wounds,,1.0,Horror,Mystery,,,
jay,The Last Black Man in San Francisco,the-last-black-man-in-san-francisco,,4.0,Drama,,,,
jay,"Extremely Wicked, Shockingly Evil and Vile",extremely-wicked-shockingly-evil-and-vile,,2.5,Drama,Crime,,,
jay,The Hole in the Ground,the-hole-in-the-ground-2019,,3.0,Horror,,,,
jay,The Lodge,the-lodge-2019,,3.5,Horror,Thriller,Mystery,Drama,
jay,Honey Boy,honey-boy,,4.0,Drama,,,,
jay,Polar,polar-2019,,1.0,Drama,Action,Crime,,
jay,Serenity,serenity-2019,,1.0,Drama,Thriller,Mystery,,
jay,Fyre,fyre-2019,,3.0,Documentary,,,,
jay,Glass,glass-2019,,2.5,Science Fiction,Drama,Thriller,,
jay,Escape Room,escape-room-2019,,2.5,Thriller,Mystery,Horror,,
jay,Holmes & Watson,holmes-watson,,0.5,Crime,Mystery,Comedy,,
jay,Welcome to Marwen,welcome-to-marwen,,1.5,Comedy,Drama,,,
jay,Vice,vice-2018,,2.5,Drama,Comedy,,,
jay,Dumplin',dumplin,,3.5,Drama,Comedy,,,
jay,Spider-Man: Into the Spider-Verse,spider-man-into-the-spider-verse,,4.0,Adventure,Animation,Action,Science Fiction,
jay,Aquaman,aquaman-2018,,2.0,Fantasy,Action,Adventure,,
jay,Mary Queen of Scots,mary-queen-of-scots-2018,,2.0,Drama,History,,,
jay,Dragon Ball Super: Broly,dragon-ball-super-broly,,3.5,Science Fiction,Animation,Action,,
jay,Creed II,creed-ii,,3.5,Drama,Action,,,
jay,Bird Box,bird-box,,3.0,Thriller,Drama,Horror,,
jay,The Grinch,the-grinch,,2.0,Fantasy,Animation,Comedy,Family,
jay,The Nutcracker and the Four Realms,the-nutcracker-and-the-four-realms,,1.5,Fantasy,Family,Adventure,,
jay,The Princess Switch,the-princess-switch,,1.0,Comedy,Romance,,,
jay,Bohemian Rhapsody,bohemian-rhapsody,,1.5,Music,Drama,,,
jay,Venom,venom-2018,,2.0,Science Fiction,Action,,,
jay,Bad Times at the El Royale,bad-times-at-the-el-royale,,3.5,Crime,Mystery,Thriller,,
jay,Apostle,apostle-2018,,3.5,Mystery,Horror,,,
jay,Johnny English Strikes Again,johnny-english-strikes-again,,2.0,Comedy,Adventure,Action,,
jay,Hold the Dark,hold-the-dark,,3.0,Thriller,Crime,Mystery,,
jay,Green Book,green-book,,2.5,Drama,History,Comedy,,
jay,The Death & Life of John F. Donovan,the-death-life-of-john-f-donovan,,2.5,Drama,,,,
jay,Slice,slice-2018,,1.5,Horror,Comedy,,,
jay,If Beale Street Could Talk,if-beale-street-could-talk,,4.0,Drama,Romance,,,
jay,Widows,widows-2018,,4.0,Crime,Thriller,Drama,,
jay,Life Itself,life-itself-2018,,1.0,Drama,Romance,,,
jay,Halloween,halloween-2018,,3.0,Thriller,Horror,,,
jay,Sierra Burgess Is a Loser,sierra-burgess-is-a-loser,,2.0,Drama,Romance,Comedy,,
jay,The Predator,the-predator,,2.0,Science Fiction,Thriller,Action,,
jay,Vox Lux,vox-lux,,4.0,Music,Drama,,,
jay,At Eternity's Gate,at-eternitys-gate,,3.5,History,Drama,,,
jay,Suspiria,suspiria-2018,,4.0,Horror,Mystery,Drama,,
jay,The Quake,the-quake,,2.5,Drama,Thriller,Action,,
jay,A Star Is Born,a-star-is-born-2018,,3.5,Music,Romance,Drama,,
jay,The Front Runner,the-front-runner,,2.0,Drama,History,,,
jay,The Ballad of Buster Scruggs,the-ballad-of-buster-scruggs,,3.5,Western,Drama,Comedy,,
jay,Roma,roma-2018,,4.5,Drama,,,,
jay,The Favourite,the-favourite,,5.0,Drama,Comedy,History,,
jay,First Man,first-man,,3.5,History,Drama,,,
jay,Skin,skin-2018-1,,0.5,Drama,,,,
jay,To All the Boys I've Loved Before,to-all-the-boys-ive-loved-before,,3.0,Comedy,Romance,,,
jay,The Package,the-package-2018,,1.5,Comedy,,,,
jay,Billionaire Boys Club,billionaire-boys-club-2018,,1.5,Drama,,,,
jay,Mission: Impossible – Fallout,mission-impossible-fallout,,4.5,Action,Adventure,,,
jay,Mamma Mia! Here We Go Again,mamma-mia-here-we-go-again,,3.5,Comedy,Romance,,,
jay,Tau,tau-2018,,2.5,Thriller,Horror,Science Fiction,,
jay,Sicario: Day of the Soldado,sicario-day-of-the-soldado,,2.0,Thriller,Crime,Action,,
jay,Jurassic World: Fallen Kingdom,jurassic-world-fallen-kingdom,,2.5,Adventure,Science Fiction,Thriller,,
jay,Ocean's Eight,oceans-eight,,3.0,Crime,Action,Comedy,,
jay,Tag,tag-2018,,2.0,Action,Comedy,,,
jay,Slender Man,slender-man,,0.5,Horror,Thriller,Mystery,,
jay,Under the Silver Lake,under-the-silver-lake,,2.5,Mystery,Crime,Drama,,
jay,BlacKkKlansman,blackkklansman,,4.0,Drama,History,Crime,Comedy,
jay,Climax,climax-2018,,4.5,Horror,Drama,Thriller,Music,
jay,Fahrenheit 451,fahrenheit-451-2018,,2.0,Drama,Thriller,Science Fiction,,
jay,The Kissing Booth,the-kissing-booth,,0.5,Comedy,Romance,,,
jay,Anon,anon,,1.5,Mystery,Thriller,Science Fiction,Crime,
jay,Avengers: Infinity War,avengers-infinity-war,,3.0,Action,Science Fiction,Adventure,,
jay,Truth or Dare,truth-or-dare-2018,,1.0,Thriller,Horror,,,
jay,The Guernsey Literary & Potato Peel Pie Society,the-guernsey-literary-potato-peel-pie-society,,2.5,History,Drama,Romance,,
jay,Ideal Home,ideal-home,,3.0,Drama,Comedy,,,
jay,Shiva Baby,shiva-baby,,3.0,Drama,Comedy,,,
jay,Ready Player One,ready-player-one,,3.0,Science Fiction,Adventure,Action,,
jay,Unfriended: Dark Web,unfriended-dark-web,,2.5,Horror,Mystery,,,
jay,A Quiet Place,a-quiet-place-2018,,3.0,Drama,Science Fiction,Horror,,
jay,The Strangers: Prey at Night,the-strangers-prey-at-night,,2.5,Horror,Thriller,,,
jay,A Wrinkle in Time,a-wrinkle-in-time-2018,,2.0,Family,Fantasy,Adventure,Science Fiction,
jay,Mute,mute-2018,,1.0,Thriller,Science Fiction,Mystery,,
jay,Unsane,unsane,,3.5,Horror,Thriller,,,
jay,Irreplaceable You,irreplaceable-you,,2.5,Drama,Comedy,Romance,,
jay,Game Night,game-night,,3.5,Mystery,Comedy,Crime,,
jay,Isle of Dogs,isle-of-dogs-2018,,4.0,Comedy,Animation,Adventure,,
jay,Hellraiser: Judgment,hellraiser-judgment,,1.0,Thriller,Horror,,,
jay,Annihilation,annihilation,,3.5,Science Fiction,Horror,,,
jay,When We First Met,when-we-first-met,,1.5,Fantasy,Romance,Comedy,,
jay,The 15:17 to Paris,the-1517-to-paris,,1.0,Drama,Thriller,,,
jay,The Cloverfield Paradox,the-cloverfield-paradox,,2.5,Horror,Science Fiction,Mystery,,
jay,Black Panther,black-panther,,2.5,Adventure,Science Fiction,Action,,
jay,Tully,tully-2018,,3.5,Drama,Comedy,,,
jay,Skate Kitchen,skate-kitchen,,3.5,Drama,Comedy,,,
jay,Hereditary,hereditary,,4.5,Thriller,Horror,Mystery,,
jay,Sorry to Bother You,sorry-to-bother-you,,3.5,Fantasy,Science Fiction,Comedy,,
jay,Wildlife,wildlife-2018,,3.5,Drama,,,,
jay,Eighth Grade,eighth-grade,,4.0,Drama,Comedy,,,
jay,"Juliet, Naked",juliet-naked,,3.0,Drama,Comedy,Romance,,
jay,The Open House,the-open-house,,1.0,Horror,Thriller,,,
jay,Fauve,fauve,,3.5,Drama,,,,
jay,Searching,searching-2018,,3.0,Drama,Thriller,Mystery,,
jay,Maze Runner: The Death Cure,maze-runner-the-death-cure,,3.0,Action,Science Fiction,Adventure,Thriller,
jay,Insidious: The Last Key,insidious-the-last-key,,2.5,Horror,Thriller,,,
jay,Bright,bright,,1.5,Fantasy,Thriller,Action,,
jay,Phantom Thread,phantom-thread,,4.5,Drama,Romance,,,
jay,Star Wars: The Last Jedi,star-wars-the-last-jedi,,3.0,Adventure,Action,Science Fiction,,
jay,The Greatest Showman,the-greatest-showman,,1.5,Drama,,,,
jay,Wonder,wonder-2017,,3.0,Drama,Family,,,
jay,Marguerite,marguerite-2017,,3.5,Drama,,,,
jay,Paddington 2,paddington-2,,4.0,Comedy,Family,Adventure,,
jay,Murder on the Orient Express,murder-on-the-orient-express-2017,,2.5,Mystery,Drama,Crime,,
jay,Justice League,justice-league,,2.0,Adventure,Action,Science Fiction,,
jay,Jigsaw,jigsaw-2017,,2.0,Horror,Mystery,,,
jay,Coco,coco-2017,,4.0,Adventure,Animation,Music,Family,
jay,The Man Who Invented Christmas,the-man-who-invented-christmas,,2.5,History,Family,Drama,Comedy,
jay,Happy Death Day,happy-death-day,,2.0,Horror,Mystery,Comedy,,
jay,Blade Runner 2049,blade-runner-2049,,4.0,Science Fiction,Drama,,,
jay,Thor: Ragnarok,thor-ragnarok,,3.0,Comedy,Science Fiction,Action,,
jay,SPF-18,spf-18,,0.5,Drama,Romance,,,
jay,Kingsman: The Golden Circle,kingsman-the-golden-circle,,2.5,Crime,Action,Adventure,Comedy,
jay,Unicorn Store,unicorn-store,,3.0,Fantasy,Comedy,Drama,,
jay,Revenge,revenge-2017,,3.5,Horror,Action,Thriller,Drama,
jay,Mom and Dad,mom-and-dad-2017,,1.5,Horror,Comedy,Thriller,,
jay,The Death of Stalin,the-death-of-stalin,,3.5,Drama,Comedy,History,,
jay,9/11,9-11-2017,,0.5,Drama,Thriller,,,
jay,mother!,mother-2017,,3.5,Drama,Horror,,,
jay,It,it-2017,,3.0,Drama,Thriller,Horror,,
jay,"Three Billboards Outside Ebbing, Missouri",three-billboards-outside-ebbing-missouri,,3.5,Crime,Drama,,,
jay,Victoria & Abdul,victoria-abdul,,2.0,Drama,History,,,
jay,Lean on Pete,lean-on-pete,,3.5,Drama,Adventure,,,
jay,Lady Bird,lady-bird,,4.0,Comedy,Drama,,,
jay,Darkest Hour,darkest-hour,,3.0,Drama,History,,,
jay,First Reformed,first-reformed,,4.0,Drama,,,,
jay,The Shape of Water,the-shape-of-water,,4.0,Fantasy,Drama,Romance,,
jay,Leatherface,leatherface,,1.5,Horror,Crime,Drama,Thriller,
jay,The Snowman,the-snowman-2017,,1.0,Crime,Thriller,Mystery,Horror,
jay,Death Note,death-note-2017,,0.5,Crime,Fantasy,Horror,,
jay,Victor Crowley,victor-crowley,,1.5,Horror,Comedy,,,
jay,The Silent Child,the-silent-child,,3.0,Drama,,,,
jay,Logan Lucky,logan-lucky,,4.0,Crime,Comedy,Action,Drama,
jay,The Dark Tower,the-dark-tower,,2.0,Fantasy,Science Fiction,Action,,
jay,Dunkirk,dunkirk-2017,,3.0,Action,Drama,War,,
jay,Tour de Pharmacy,tour-de-pharmacy,,4.0,TV Movie,Comedy,,,
jay,Spider-Man: Homecoming,spider-man-homecoming,,3.0,Action,Adventure,Science Fiction,,
jay,Escape Room,escape-room-2017,,1.0,Horror,Thriller,,,
jay,Annabelle: Creation,annabelle-creation,,1.5,Horror,,,,
jay,Transformers: The Last Knight,transformers-the-last-knight,,1.0,Action,Science Fiction,Adventure,,
jay,The Book of Henry,the-book-of-henry,,1.0,Mystery,Drama,Thriller,,
jay,You Were Never Really Here,you-were-never-really-here,,4.5,Drama,Thriller,Crime,,
jay,Good Time,good-time,,4.0,Drama,Crime,Thriller,,
jay,The Beguiled,the-beguiled-2017,,3.0,Drama,,,,
jay,Pirates of the Caribbean: Dead Men Tell No Tales,pirates-of-the-caribbean-dead-men-tell-no-tales,,1.0,Action,Fantasy,Adventure,,
jay,The Killing of a Sacred Deer,the-killing-of-a-sacred-deer,,4.0,Mystery,Drama,Thriller,,
jay,The Mummy,the-mummy-2017,,1.5,Action,Horror,Fantasy,Adventure,Thriller
jay,How to Talk to Girls at Parties,how-to-talk-to-girls-at-parties,,2.5,Science Fiction,Romance,Music,Comedy,
jay,Okja,okja,,3.5,Drama,Science Fiction,Adventure,,
jay,Baywatch,baywatch,,1.0,Action,Crime,Comedy,,
jay,Alien: Covenant,alien-covenant,,3.0,Horror,Science Fiction,,,
jay,The Circle,the-circle-2017,,1.5,Science Fiction,Thriller,Drama,,
jay,Guardians of the Galaxy Vol. 2,guardians-of-the-galaxy-vol-2,,2.5,Action,Science Fiction,Adventure,,
jay,The Fate of the Furious,the-fate-of-the-furious,,2.0,Crime,Thriller,Action,,
jay,Gifted,gifted-2017,,2.5,Comedy,Drama,,,
jay,Power Rangers,power-rangers,,2.0,Adventure,Action,Science Fiction,,
jay,Life,life-2017,,2.5,Science Fiction,Horror,Mystery,,
jay,Mayhem,mayhem-2017,,3.0,Comedy,Action,Horror,,
jay,The Boss Baby,the-boss-baby,,1.5,Animation,Comedy,Family,,
jay,The Disaster Artist,the-disaster-artist,,3.5,Drama,Comedy,,,
jay,Atomic Blonde,atomic-blonde,,3.5,Thriller,Action,,,
jay,Baby Driver,baby-driver,,3.0,Crime,Action,,,
jay,Song to Song,song-to-song,,1.5,Drama,Romance,,,
jay,Amy Schumer: The Leather Special,amy-schumer-the-leather-special,,0.5,Comedy,,,,
jay,Beauty and the Beast,beauty-and-the-beast-2017,,2.0,Fantasy,Family,Romance,,
jay,Logan,logan-2017,,4.0,Drama,Science Fiction,Action,,
jay,The Lego Batman Movie,the-lego-batman-movie,,3.0,Comedy,Animation,Family,Action,
jay,Rings,rings-2017,,0.5,Horror,,,,
jay,John Wick: Chapter 2,john-wick-chapter-2,,3.5,Crime,Action,Thriller,,
jay,The Robbery,the-robbery,,3.0,Comedy,Action,,,
jay,78/52,78-52,,3.5,Documentary,,,,
jay,Marjorie Prime,marjorie-prime,,2.5,Science Fiction,Mystery,Drama,,
jay,Get Out,get-out-2017,,4.0,Horror,Mystery,Thriller,,
jay,Call Me by Your Name,call-me-by-your-name,,4.0,Romance,Drama,,,
jay,T2 Trainspotting,t2-trainspotting,,2.5,Crime,Comedy,Drama,,
jay,A Ghost Story,a-ghost-story-2017,,4.0,Fantasy,Drama,Romance,,
jay,The Big Sick,the-big-sick,,3.5,Comedy,Romance,Drama,,
jay,Ingrid Goes West,ingrid-goes-west,,3.5,Comedy,Drama,,,
jay,The Bye Bye Man,the-bye-bye-man,,0.5,Thriller,Horror,,,
jay,Eloise,eloise-2016,,1.0,Mystery,Horror,Thriller,,
jay,Assassin's Creed,assassins-creed,,1.5,Action,Science Fiction,Adventure,,
jay,Rogue One: A Star Wars Story,rogue-one-a-star-wars-story,,2.5,Adventure,Action,Science Fiction,,
jay,Silence,silence,,3.0,History,Drama,,,
jay,Fantastic Beasts and Where to Find Them,fantastic-beasts-and-where-to-find-them,,2.5,Fantasy,Adventure,,,
jay,Terrifier,terrifier-2016,,1.5,Horror,,,,
jay,Moana,moana-2016,,3.0,Animation,Adventure,Family,Comedy,
jay,Split,split-2016,,2.0,Horror,Thriller,,,
jay,The Void,the-void-2016,,2.5,Mystery,Horror,Science Fiction,,
jay,The Promise,the-promise-2016-1,,2.0,History,Drama,Romance,,
jay,Lion,lion,,3.5,Drama,,,,
jay,Free Fire,free-fire,,3.0,Action,Mystery,Crime,,
jay,The Bad Batch,the-bad-batch,,2.5,Science Fiction,Horror,Mystery,Thriller,Action
jay,Bridget Jones's Baby,bridget-joness-baby,,2.5,Romance,Drama,Comedy,,
jay,Nocturnal Animals,nocturnal-animals,,3.0,Drama,Thriller,,,
jay,Moonlight,moonlight-2016,,4.5,Drama,,,,
jay,Arrival,arrival-2016,,4.0,Mystery,Science Fiction,Drama,,
jay,La La Land,la-la-land,,3.5,Drama,Comedy,Romance,,
jay,Suicide Squad,suicide-squad-2016,,0.5,Action,Adventure,Fantasy,,
jay,Blair Witch,blair-witch,,1.5,Thriller,Horror,,,
jay,Ghostbusters,ghostbusters-2016,,1.5,Fantasy,Action,Comedy,,
jay,Nerve,nerve-2016,,1.5,Mystery,Adventure,Crime,,
jay,Popstar: Never Stop Never Stopping,popstar-never-stop-never-stopping,,4.0,Comedy,Music,,,
jay,The Neon Demon,the-neon-demon,,1.5,Horror,,,,
jay,Hell or High Water,hell-or-high-water,,3.0,Crime,Western,Drama,,
jay,Raw,raw-2016,,4.0,Drama,Horror,,,
jay,The Conjuring 2,the-conjuring-2,,3.0,Horror,,,,
jay,The Nice Guys,the-nice-guys,,4.0,Action,Comedy,Crime,,
jay,X-Men: Apocalypse,x-men-apocalypse,,2.5,Science Fiction,Action,Fantasy,,
jay,Captain America: Civil War,captain-america-civil-war,,2.5,Adventure,Action,Science Fiction,,
jay,Criminal,criminal-2016,,2.0,Science Fiction,Crime,Action,,
jay,The Belko Experiment,the-belko-experiment,,2.0,Thriller,Horror,,,
jay,Sausage Party,sausage-party,,0.5,Comedy,Animation,Adventure,Fantasy,
jay,Batman v Superman: Dawn of Justice,batman-v-superman-dawn-of-justice,,1.5,Action,Fantasy,Adventure,,
jay,10 Cloverfield Lane,10-cloverfield-lane,,3.5,Science Fiction,Thriller,Horror,Drama,
jay,Deadpool,deadpool,,2.5,Action,Adventure,Comedy,,
jay,Zootopia,zootopia,,2.5,Animation,Family,Comedy,Adventure,
jay,Cabin Fever,cabin-fever-2016,,1.0,Horror,,,,
jay,Manchester by the Sea,manchester-by-the-sea,,4.0,Drama,,,,
jay,31,31-2016,,1.5,Thriller,Horror,,,
jay,Hunt for the Wilderpeople,hunt-for-the-wilderpeople,,3.5,Comedy,Drama,Adventure,,
jay,Pride and Prejudice and Zombies,pride-and-prejudice-and-zombies,,2.0,Thriller,Romance,Horror,Comedy,
jay,Dirty Grandpa,dirty-grandpa,,1.5,Comedy,,,,
jay,Friend Request,friend-request,,1.0,Horror,Thriller,,,
jay,The Revenant,the-revenant-2015,,4.0,Adventure,Western,Drama,,
jay,Star Wars: The Force Awakens,star-wars-the-force-awakens,,3.0,Action,Adventure,Science Fiction,,
jay,Eddie the Eagle,eddie-the-eagle,,3.5,Comedy,Adventure,Drama,History,
jay,The Hateful Eight,the-hateful-eight,,4.0,Drama,Mystery,Western,,
jay,Krampus,krampus,,4.0,Horror,Comedy,Fantasy,,
jay,The Big Short,the-big-short,,2.5,Drama,Comedy,,,
jay,The Hunger Games: Mockingjay – Part 2,the-hunger-games-mockingjay-part-2,,2.0,Adventure,Action,Science Fiction,,
jay,Martyrs,martyrs-2015,,0.5,Horror,Mystery,,,
jay,Bone Tomahawk,bone-tomahawk,,3.5,Drama,Horror,Western,,
jay,I Spit on Your Grave III: Vengeance Is Mine,i-spit-on-your-grave-iii-vengeance-is-mine,,1.5,Horror,,,,
jay,Pan,pan-2015,,1.5,Fantasy,Adventure,Action,Family,
jay,The Dressmaker,the-dressmaker-2015,,2.5,Drama,Comedy,,,
jay,The Lady in the Van,the-lady-in-the-van,,2.5,Comedy,Drama,,,
jay,Baskin,baskin-2015,,2.5,Horror,Thriller,,,
jay,The Martian,the-martian,,3.5,Drama,Science Fiction,Adventure,,
jay,The Visit,the-visit-2015,,1.5,Horror,Thriller,,,
jay,Steve Jobs,steve-jobs,,3.5,Drama,History,,,
jay,The Man from U.N.C.L.E.,the-man-from-uncle,,3.5,Action,Comedy,Adventure,,
jay,Straight Outta Compton,straight-outta-compton,,3.5,Drama,History,Music,,
jay,Mission: Impossible – Rogue Nation,mission-impossible-rogue-nation,,3.5,Action,Adventure,,,
jay,Pixels,pixels-2015,,1.0,Science Fiction,Action,Comedy,,
jay,The Boy and the Beast,the-boy-and-the-beast,,3.0,Family,Adventure,Action,Drama,Animation
jay,Turbo Kid,turbo-kid,,3.5,Comedy,Adventure,Action,Science Fiction,
jay,Deathgasm,deathgasm,,2.0,Comedy,Horror,,,
jay,Ant-Man,ant-man,,2.5,Adventure,Science Fiction,Action,,
jay,Magic Mike XXL,magic-mike-xxl,,4.0,Drama,Comedy,,,
jay,Circle,circle-2015,,3.0,Thriller,Mystery,Science Fiction,Horror,
jay,Kung Fury,kung-fury,,2.0,Comedy,Science Fiction,Fantasy,Action,
jay,The Human Centipede 3 (Final Sequence),the-human-centipede-3-final-sequence,,0.5,Horror,,,,
jay,Sicario,sicario-2015,,4.0,Action,Thriller,Crime,,
jay,Louder Than Bombs,louder-than-bombs,,3.0,Drama,,,,
jay,Inside Out,inside-out-2015,,3.0,Animation,Adventure,Comedy,Family,Drama
jay,Carol,carol-2015,,4.5,Drama,Romance,,,
jay,Green Room,green-room,,4.0,Horror,Thriller,Crime,,
jay,The Lobster,the-lobster,,4.0,Romance,Drama,Comedy,,
jay,Mad Max: Fury Road,mad-max-fury-road,,5.0,Science Fiction,Adventure,Action,,
jay,Avengers: Age of Ultron,avengers-age-of-ultron,,2.0,Science Fiction,Action,Adventure,,
jay,Trainwreck,trainwreck,,0.5,Comedy,Romance,,,
jay,Tangerine,tangerine,,3.5,Comedy,Drama,,,
jay,Knock Knock,knock-knock-2015,,1.0,Horror,Thriller,,,
jay,The Witch,the-witch-2015,,4.5,Horror,,,,
jay,Ex Machina,ex-machina-2015,,4.5,Science Fiction,Drama,,,
jay,Paddington,paddington,,3.5,Comedy,Family,Adventure,,
jay,Clown,clown,,2.5,Horror,Thriller,,,
jay,The Hunger Games: Mockingjay – Part 1,the-hunger-games-mockingjay-part-1,,2.0,Thriller,Science Fiction,Adventure,,
jay,Interstellar,interstellar,,4.5,Science Fiction,Drama,Adventure,,
jay,Big Hero 6,big-hero-6,,3.0,Science Fiction,Comedy,Action,Family,Animation
jay,As the Gods Will,as-the-gods-will,,3.5,Horror,Comedy,Thriller,,
jay,Gone Girl,gone-girl,,4.0,Drama,Mystery,Thriller,,
jay,John Wick,john-wick,,3.5,Action,Thriller,,,
jay,Tusk,tusk-2014,,1.5,Horror,Comedy,,,
jay,Nightcrawler,nightcrawler,,4.0,Crime,Drama,Thriller,,
jay,Nymphomaniac,nymphomaniac,,2.0,Drama,Comedy,Crime,,
jay,Birdman or (The Unexpected Virtue of Ignorance),birdman-or-the-unexpected-virtue-of-ignorance,,5.0,Drama,Comedy,,,
jay,Wrong Turn 6: Last Resort,wrong-turn-6-last-resort,,0.5,Horror,,,,
jay,The Inbetweeners 2,the-inbetweeners-2,,1.5,Comedy,,,,
jay,Sharknado 2: The Second One,sharknado-2-the-second-one,,0.5,Thriller,Science Fiction,TV Movie,,
jay,Guardians of the Galaxy,guardians-of-the-galaxy,,3.0,Adventure,Action,Science Fiction,,
jay,Lucy,lucy-2014,,1.0,Action,Science Fiction,,,
jay,The Purge: Anarchy,the-purge-anarchy,,2.5,Horror,Thriller,,,
jay,Unfriended,unfriended,,0.5,Horror,Mystery,,,
jay,22 Jump Street,22-jump-street,,3.0,Action,Crime,Comedy,,
jay,Edge of Tomorrow,edge-of-tomorrow,,2.5,Science Fiction,Action,,,
jay,Foxcatcher,foxcatcher,,3.0,Thriller,Drama,,,
jay,It Follows,it-follows,,4.0,Horror,Mystery,,,
jay,The Fault in Our Stars,the-fault-in-our-stars,,2.0,Romance,Drama,,,
jay,X-Men: Days of Future Past,x-men-days-of-future-past,,3.5,Action,Science Fiction,Adventure,,
jay,The Amazing Spider-Man 2,the-amazing-spider-man-2,,2.0,Science Fiction,Action,Adventure,,
jay,God's Not Dead,gods-not-dead,,0.5,Drama,,,,
jay,Divergent,divergent,,1.5,Adventure,Action,Science Fiction,,
jay,Captain America: The Winter Soldier,captain-america-the-winter-soldier,,3.5,Adventure,Science Fiction,Action,,
jay,Creep,creep-2014,,3.0,Horror,Thriller,,,
jay,Chef,chef,,3.5,Comedy,,,,
jay,13 Sins,13-sins,,2.5,Horror,Thriller,,,
jay,Dead Snow 2: Red vs. Dead,dead-snow-2-red-vs-dead,,2.5,Horror,Comedy,Action,,
jay,The Grand Budapest Hotel,the-grand-budapest-hotel,,4.5,Comedy,Drama,,,
jay,RoboCop,robocop-2014,,1.0,Action,Thriller,Science Fiction,Crime,Adventure
jay,What We Do in the Shadows,what-we-do-in-the-shadows,,4.0,Horror,Comedy,,,
jay,Boyhood,boyhood,,2.0,Drama,,,,
jay,The Babadook,the-babadook,,3.5,Drama,Horror,,,
jay,Whiplash,whiplash-2014,,5.0,Drama,Music,Thriller,,
jay,Nymphomaniac: Vol. I,nymphomaniac-volume-i,,1.5,Drama,,,,
jay,The Wolf of Wall Street,the-wolf-of-wall-street,,4.0,Comedy,Drama,Crime,,
jay,The Hobbit: The Desolation of Smaug,the-hobbit-the-desolation-of-smaug,,3.5,Action,Fantasy,Adventure,,
jay,The Hunger Games: Catching Fire,the-hunger-games-catching-fire,,3.5,Science Fiction,Adventure,Action,,
jay,Oldboy,oldboy-2013,,1.0,Drama,Mystery,Action,Thriller,
jay,Thor: The Dark World,thor-the-dark-world,,2.0,Action,Adventure,Fantasy,,
jay,The Phone Call,the-phone-call,,3.5,Drama,,,,
jay,Her,her,,4.0,Science Fiction,Romance,Drama,,
jay,Machete Kills,machete-kills,,1.5,Thriller,Action,Crime,,
jay,R100,r100,,3.5,Comedy,Drama,,,
jay,Enemy,enemy,,4.0,Mystery,Thriller,,,
jay,The Green Inferno,the-green-inferno,,2.0,Adventure,Horror,,,
jay,Oculus,oculus,,3.5,Horror,,,,
jay,Wolf Creek 2,wolf-creek-2,,2.0,Thriller,Horror,,,
jay,Prisoners,prisoners,,4.0,Thriller,Crime,Drama,,
jay,Under the Skin,under-the-skin-2013,,4.0,Science Fiction,Thriller,Horror,Drama,
jay,Gravity,gravity-2013,,3.0,Thriller,Science Fiction,Drama,,
jay,Snowpiercer,snowpiercer,,3.5,Drama,Action,Science Fiction,,
jay,The Wolverine,the-wolverine,,2.5,Action,Science Fiction,Adventure,,
jay,The Wind Rises,the-wind-rises,,4.0,Romance,History,Drama,Animation,
jay,Pacific Rim,pacific-rim,,3.0,Science Fiction,Action,Adventure,,
jay,The World's End,the-worlds-end,,3.5,Action,Science Fiction,Comedy,,
jay,About Time,about-time,,3.5,Drama,Fantasy,Romance,,
jay,World War Z,world-war-z,,2.0,Action,Thriller,Science Fiction,Horror,
jay,Man of Steel,man-of-steel,,2.0,Action,Adventure,Science Fiction,,
jay,The Conjuring,the-conjuring,,2.5,Horror,Thriller,,,
jay,This Is the End,this-is-the-end,,3.0,Comedy,Action,,,
jay,The Purge,the-purge,,2.0,Thriller,Science Fiction,Horror,,
jay,After Earth,after-earth,,1.0,Science Fiction,Adventure,Action,,
jay,Inside Llewyn Davis,inside-llewyn-davis,,4.0,Music,Drama,,,
jay,The Bling Ring,the-bling-ring,,3.5,Drama,Crime,,,
jay,Star Trek Into Darkness,star-trek-into-darkness,,2.0,Science Fiction,Adventure,Action,,
jay,The Great Gatsby,the-great-gatsby-2013,,3.0,Drama,Romance,,,
jay,Iron Man 3,iron-man-3,,2.5,Action,Adventure,Science Fiction,,
jay,Oblivion,oblivion-2013,,2.0,Action,Adventure,Mystery,Science Fiction,
jay,The Host,the-host-2013,,1.5,Science Fiction,Action,Adventure,,
jay,Cheap Thrills,cheap-thrills,,2.5,Thriller,Crime,Comedy,,
jay,Evil Dead,evil-dead,,4.0,Horror,,,,
jay,Oz the Great and Powerful,oz-the-great-and-powerful,,2.0,Fantasy,Family,Adventure,,
jay,Movie 43,movie-43,,0.5,Comedy,,,,
jay,Stoker,stoker,,3.5,Horror,Drama,Thriller,,
jay,Mama,mama-2013,,1.5,Horror,,,,
jay,Texas Chainsaw 3D,texas-chainsaw-3d,,1.0,Horror,Thriller,,,
jay,Zero Dark Thirty,zero-dark-thirty,,3.0,Drama,Thriller,,,
jay,Django Unchained,django-unchained,,5.0,Drama,Western,,,
jay,The Hobbit: An Unexpected Journey,the-hobbit-an-unexpected-journey,,2.5,Fantasy,Action,Adventure,,
jay,The Twilight Saga: Breaking Dawn – Part 2,the-twilight-saga-breaking-dawn-part-2,,1.5,Drama,Fantasy,Adventure,Romance,
jay,Skyfall,skyfall,,3.5,Adventure,Thriller,Action,,
jay,Wrong Turn 5: Bloodlines,wrong-turn-5-bloodlines,,1.0,Thriller,Horror,,,
jay,Paranormal Activity 4,paranormal-activity-4,,0.5,Horror,,,,
jay,Would You Rather,would-you-rather,,2.0,Horror,Thriller,,,
jay,Lincoln,lincoln,,3.0,History,Drama,,,
jay,The Collection,the-collection,,2.5,Thriller,Horror,,,
jay,Scary or Die,scary-or-die,,0.5,Horror,,,,
jay,The Place Beyond the Pines,the-place-beyond-the-pines,,3.5,Drama,Crime,,,
jay,Seven Psychopaths,seven-psychopaths,,2.0,Comedy,Crime,,,
jay,Dredd,dredd,,3.5,Science Fiction,Action,,,
jay,Spring Breakers,spring-breakers,,2.5,Drama,Crime,,,
jay,Frances Ha,frances-ha,,4.0,Comedy,Drama,,,
jay,American Mary,american-mary,,3.5,Thriller,Horror,,,
jay,Chained,chained-2012,,2.5,Horror,Drama,Thriller,,
jay,The Dark Knight Rises,the-dark-knight-rises,,3.0,Thriller,Crime,Drama,Action,
jay,Magic Mike,magic-mike,,2.5,Comedy,Drama,,,
jay,The Amazing Spider-Man,the-amazing-spider-man,,2.5,Science Fiction,Adventure,Action,,
jay,Rock of Ages,rock-of-ages,,2.5,Romance,Comedy,Music,Drama,
jay,Moonrise Kingdom,moonrise-kingdom,,3.5,Romance,Drama,Comedy,,
jay,The Avengers,the-avengers-2012,,3.0,Science Fiction,Adventure,Action,,
jay,21 Jump Street,21-jump-street,,3.5,Crime,Action,Comedy,,
jay,The Hunger Games,the-hunger-games,,3.0,Action,Science Fiction,Thriller,Adventure,
jay,[REC]³ Genesis,rec-genesis,,2.0,Horror,,,,
jay,This Means War,this-means-war,,2.0,Romance,Comedy,Action,,
jay,Man on a Ledge,man-on-a-ledge,,2.0,Thriller,Crime,Action,,
jay,The Girl with the Dragon Tattoo,the-girl-with-the-dragon-tattoo-2011,,4.0,Crime,Mystery,Thriller,,
jay,The Cabin in the Woods,the-cabin-in-the-woods,,3.0,Comedy,Horror,Mystery,,
jay,Mission: Impossible – Ghost Protocol,mission-impossible-ghost-protocol,,4.0,Thriller,Adventure,Action,,
jay,Hostel: Part III,hostel-part-iii,,0.5,Horror,,,,
jay,The Twilight Saga: Breaking Dawn – Part 1,the-twilight-saga-breaking-dawn-part-1,,1.0,Adventure,Fantasy,Romance,,
jay,Puss in Boots,puss-in-boots,,2.0,Adventure,Animation,Fantasy,Comedy,Family
jay,In Time,in-time,,2.0,Thriller,Science Fiction,Action,,
jay,Wrong Turn 4: Bloody Beginnings,wrong-turn-4-bloody-beginnings,,1.0,Horror,Thriller,,,
jay,The Thing,the-thing-2011,,2.5,Mystery,Science Fiction,Horror,,
jay,Moneyball,moneyball,,3.5,Drama,,,,
jay,Johnny English Reborn,johnny-english-reborn,,2.0,Comedy,Crime,Action,,
jay,You're Next,youre-next,,3.5,Thriller,Mystery,Horror,,
jay,The Raid,the-raid-2011,,4.0,Action,Crime,Thriller,,
jay,Tinker Tailor Soldier Spy,tinker-tailor-soldier-spy,,2.0,Drama,Mystery,Thriller,,
jay,Vile,vile,,1.5,Horror,Thriller,,,
jay,The Human Centipede 2 (Full Sequence),the-human-centipede-2-full-sequence,,0.5,Horror,Drama,Crime,,
jay,The Help,the-help,,2.5,Drama,,,,
jay,Final Destination 5,final-destination-5,,2.5,Mystery,Horror,,,
jay,Captain America: The First Avenger,captain-america-the-first-avenger,,2.5,Action,Adventure,Science Fiction,,
jay,"Crazy, Stupid, Love.",crazy-stupid-love,,3.5,Comedy,Romance,Drama,,
jay,X-Men: First Class,x-men-first-class,,3.0,Science Fiction,Adventure,Action,,
jay,Drive,drive-2011,,4.0,Thriller,Drama,Crime,,
jay,The Skin I Live In,the-skin-i-live-in,,3.5,Horror,Drama,Mystery,Thriller,
jay,We Need to Talk About Kevin,we-need-to-talk-about-kevin,,4.5,Drama,Thriller,,,
jay,Hobo with a Shotgun,hobo-with-a-shotgun,,3.0,Thriller,Crime,Action,,
jay,Thor,thor,,2.0,Action,Adventure,Fantasy,,
jay,Scream 4,scream-4,,3.5,Mystery,Horror,,,
jay,Hanna,hanna,,3.0,Thriller,Action,Adventure,,
jay,Rio,rio-2011,,2.5,Comedy,Family,Adventure,Animation,
jay,Bridesmaids,bridesmaids,,3.5,Comedy,Romance,,,
jay,The Divide,the-divide,,2.5,Horror,Thriller,Science Fiction,,
jay,Limitless,limitless,,3.0,Thriller,Science Fiction,Mystery,,
jay,Justin Bieber: Never Say Never,justin-bieber-never-say-never,,1.0,Family,Documentary,Music,,
jay,The Strange Thing About the Johnsons,the-strange-thing-about-the-johnsons,,3.0,Drama,Horror,,,
jay,Saw 3D,saw-3d,,1.5,Crime,Horror,,,
jay,Paranormal Activity 2,paranormal-activity-2,,2.0,Horror,Mystery,,,
jay,Jackass 3D,jackass-3d,,2.5,Comedy,Documentary,Action,,
jay,The Social Network,the-social-network,,5.0,Drama,,,,
jay,Insidious,insidious,,3.0,Horror,Thriller,,,
jay,Easy A,easy-a,,3.0,Comedy,,,,
jay,127 Hours,127-hours,,3.0,Adventure,Thriller,Drama,,
jay,Black Swan,black-swan,,4.0,Drama,Thriller,Horror,,
jay,Hatchet II,hatchet-ii,,2.0,Comedy,Horror,Thriller,,
jay,Cats & Dogs: The Revenge of Kitty Galore,cats-dogs-the-revenge-of-kitty-galore,,0.5,Fantasy,Adventure,Comedy,Family,Action
jay,Scott Pilgrim vs. the World,scott-pilgrim-vs-the-world,,4.0,Romance,Action,Comedy,,
jay,Inception,inception,,4.0,Action,Adventure,Science Fiction,,
jay,The Last Airbender,the-last-airbender,,0.5,Fantasy,Action,Adventure,,
jay,The Karate Kid,the-karate-kid-2010,,2.0,Drama,Action,Family,Adventure,
jay,Despicable Me,despicable-me,,2.5,Animation,Science Fiction,Comedy,Family,Crime
jay,Sex and the City 2,sex-and-the-city-2,,1.0,Drama,Comedy,Romance,,
jay,Prince of Persia: The Sands of Time,prince-of-persia-the-sands-of-time,,0.5,Action,Fantasy,Adventure,,
jay,Iron Man 2,iron-man-2,,2.5,Adventure,Science Fiction,Action,,
jay,2001 Maniacs: Field of Screams,2001-maniacs-field-of-screams,,0.5,Horror,Comedy,,,
jay,Alice in Wonderland,alice-in-wonderland-2010,,1.5,Fantasy,Family,Adventure,,
jay,Birdemic: Shock and Terror,birdemic-shock-and-terror,,0.5,Thriller,Horror,Romance,,
jay,The Crazies,the-crazies-2010,,1.5,Mystery,Horror,Action,,
jay,Buried,buried,,2.5,Thriller,,,,
jay,Four Lions,four-lions,,4.0,Crime,Drama,Comedy,,
jay,Tucker and Dale vs. Evil,tucker-and-dale-vs-evil,,3.5,Comedy,Horror,,,
jay,Tooth Fairy,tooth-fairy-2010,,1.0,Fantasy,Comedy,Family,,
jay,Avatar,avatar,,3.0,Adventure,Science Fiction,Action,,
jay,The Twilight Saga: New Moon,the-twilight-saga-new-moon,,1.5,Romance,Drama,Adventure,Fantasy,
jay,A Christmas Carol,a-christmas-carol-2009,,2.5,Animation,Fantasy,Drama,Family,
jay,Saw VI,saw-vi,,3.5,Thriller,Horror,,,
jay,The Descent: Part 2,the-descent-part-2,,2.0,Adventure,Thriller,Horror,,
jay,Fantastic Mr. Fox,fantastic-mr-fox,,5.0,Comedy,Animation,Family,Adventure,
jay,Jennifer's Body,jennifers-body,,3.5,Horror,Comedy,,,
jay,Sorority Row,sorority-row,,2.0,Mystery,Horror,,,
jay,Halloween II,halloween-ii,,2.0,Horror,,,,
jay,Summer Wars,summer-wars,,3.0,Animation,Science Fiction,,,
jay,The Collector,the-collector-2009,,2.0,Horror,Thriller,,,
jay,Harry Potter and the Half-Blood Prince,harry-potter-and-the-half-blood-prince,,3.0,Adventure,Fantasy,,,
jay,Exam,exam,,1.5,Thriller,Mystery,,,
jay,The Proposal,the-proposal-2009,,2.0,Romance,Comedy,Drama,,
jay,The Final Destination,the-final-destination,,1.5,Horror,Mystery,,,
jay,Inglourious Basterds,inglourious-basterds,,4.5,War,Drama,Thriller,,
jay,Dogtooth,dogtooth,,4.0,Drama,,,,
jay,Antichrist,antichrist,,3.5,Thriller,Horror,Drama,,
jay,Fish Tank,fish-tank,,4.0,Drama,,,,
jay,Terminator Salvation,terminator-salvation,,1.5,Thriller,Action,Science Fiction,,
jay,Thirst,thirst-2009,,3.5,Horror,Drama,Thriller,,
jay,X-Men Origins: Wolverine,x-men-origins-wolverine,,1.0,Science Fiction,Adventure,Action,,
jay,Hannah Montana: The Movie,hannah-montana-the-movie,,3.0,Comedy,Music,Romance,Family,Drama
jay,"I Love You, Man",i-love-you-man,,2.5,Comedy,Romance,,,
jay,Monsters vs Aliens,monsters-vs-aliens,,2.0,Family,Science Fiction,Animation,Adventure,
jay,Drag Me to Hell,drag-me-to-hell,,3.0,Thriller,Horror,,,
jay,The Last House on the Left,the-last-house-on-the-left-2009,,1.5,Crime,Drama,Thriller,Horror,
jay,17 Again,17-again,,2.5,Comedy,Fantasy,Drama,Romance,
jay,Friday the 13th,friday-the-13th-2009,,2.0,Thriller,Horror,,,
jay,The Uninvited,the-uninvited-2009,,2.0,Horror,,,,
jay,Moon,moon,,4.0,Science Fiction,Drama,,,
jay,In the Loop,in-the-loop,,4.0,Comedy,,,,
jay,The Killing Room,the-killing-room,,1.5,Drama,Thriller,,,
jay,The Curious Case of Benjamin Button,the-curious-case-of-benjamin-button,,3.0,Drama,Romance,Fantasy,,
jay,Twilight,twilight-2008,,2.0,Drama,Fantasy,Romance,,
jay,Splinter,splinter-2008,,1.0,Horror,Science Fiction,Crime,Thriller,
jay,Vacancy 2: The First Cut,vacancy-2-the-first-cut,,1.0,Crime,Thriller,Horror,,
jay,Saw V,saw-v,,1.5,Crime,Thriller,Horror,,
jay,Bronson,bronson,,4.0,Crime,Drama,Action,,
jay,High School Musical 3: Senior Year,high-school-musical-3-senior-year,,3.0,Family,Romance,Drama,Music,Comedy
jay,Quarantine,quarantine,,1.5,Thriller,Horror,Science Fiction,,
jay,Wild Child,wild-child,,3.0,Romance,Drama,Comedy,,
jay,Step Brothers,step-brothers,,2.5,Comedy,,,,
jay,"Angus, Thongs and Perfect Snogging",angus-thongs-and-perfect-snogging,,2.0,Family,Drama,Romance,Comedy,
jay,The Dark Knight,the-dark-knight,,4.5,Thriller,Action,Crime,,
jay,Mamma Mia!,mamma-mia,,3.0,Comedy,Romance,,,
jay,Camp Rock,camp-rock,,2.0,Family,Music,Drama,TV Movie,Comedy
jay,The Incredible Hulk,the-incredible-hulk,,2.5,Science Fiction,Action,Adventure,,
jay,The Happening,the-happening,,1.0,Science Fiction,Horror,Thriller,,
jay,The Strangers,the-strangers,,1.0,Thriller,Horror,,,
jay,Martyrs,martyrs,,5.0,Horror,Thriller,Drama,,
jay,Sex and the City,sex-and-the-city,,2.5,Drama,Romance,Comedy,,
jay,Iron Man,iron-man-2008,,3.5,Adventure,Science Fiction,Action,,
jay,The Ruins,the-ruins,,2.0,Horror,,,,
jay,Let the Right One In,let-the-right-one-in,,5.0,Horror,Drama,,,
jay,In Bruges,in-bruges,,3.5,Drama,Comedy,Crime,,
jay,Cloverfield,cloverfield,,2.0,Action,Thriller,Horror,Science Fiction,
jay,Sweeney Todd: The Demon Barber of Fleet Street,sweeney-todd-the-demon-barber-of-fleet-street-2007,,3.5,Drama,Horror,,,
jay,Enchanted,enchanted,,3.0,Family,Fantasy,Comedy,Romance,
jay,The Mist,the-mist,,4.0,Thriller,Science Fiction,Horror,,
jay,Fred Claus,fred-claus,,2.5,Comedy,Action,Drama,,
jay,Saw IV,saw-iv,,2.0,Crime,Horror,Thriller,,
jay,Funny Games,funny-games-2007,,3.5,Thriller,Horror,,,
jay,American Gangster,american-gangster,,4.0,Crime,Drama,,,
jay,Fermat's Room,fermats-room,,3.0,Mystery,Thriller,,,
jay,There Will Be Blood,there-will-be-blood,,5.0,Drama,,,,
jay,Paranormal Activity,paranormal-activity,,1.0,Horror,Mystery,,,
jay,Eastern Promises,eastern-promises,,3.5,Thriller,Mystery,Crime,,
jay,The Darjeeling Limited,the-darjeeling-limited,,4.0,Comedy,Adventure,Drama,,
jay,Juno,juno,,3.5,Comedy,Romance,Drama,,
jay,Halloween,halloween,,2.5,Horror,,,,
jay,[REC],rec,,3.5,Mystery,Horror,,,
jay,Wrong Turn 2: Dead End,wrong-turn-2-dead-end,,3.0,Horror,Thriller,,,
jay,High School Musical 2,high-school-musical-2,,4.0,Music,TV Movie,Drama,Romance,Family
jay,Superbad,superbad,,3.0,Comedy,,,,
jay,Hot Rod,hot-rod,,3.5,Action,Comedy,,,
jay,Hairspray,hairspray-2007,,3.5,Comedy,Romance,Drama,,
jay,Ratatouille,ratatouille,,4.0,Family,Fantasy,Animation,Comedy,
jay,Fantastic Four: Rise of the Silver Surfer,fantastic-four-rise-of-the-silver-surfer,,1.0,Action,Science Fiction,Adventure,,
jay,Hostel: Part II,hostel-part-ii,,2.0,Horror,,,,
jay,Ocean's Thirteen,oceans-thirteen,,3.0,Crime,Thriller,,,
jay,Inside,inside-2007,,3.5,Horror,,,,
jay,Death Proof,death-proof,,3.5,Thriller,Action,,,
jay,No Country for Old Men,no-country-for-old-men,,3.5,Crime,Thriller,Western,,
jay,Pirates of the Caribbean: At World's End,pirates-of-the-caribbean-at-worlds-end,,2.0,Adventure,Action,Fantasy,,
jay,WΔZ,wz,,1.5,Crime,Thriller,Drama,Horror,
jay,Shrek the Third,shrek-the-third,,3.0,Adventure,Comedy,Fantasy,Family,Animation
jay,28 Weeks Later,28-weeks-later,,3.0,Horror,Science Fiction,Thriller,,
jay,Sunshine,sunshine-2007,,3.5,Science Fiction,Thriller,,,
jay,Mr. Bean's Holiday,mr-beans-holiday,,2.5,Family,Comedy,,,
jay,Dead Silence,dead-silence,,1.5,Horror,,,,
jay,Zodiac,zodiac,,3.5,Crime,Mystery,Thriller,,
jay,Atonement,atonement,,3.5,Romance,Drama,,,
jay,Hot Fuzz,hot-fuzz,,4.0,Action,Crime,Comedy,,
jay,Smiley Face,smiley-face,,4.0,Comedy,,,,
jay,The Hitcher,the-hitcher-2007,,1.5,Crime,Thriller,Horror,,
jay,Jump In!,jump-in,,1.0,Drama,Romance,Comedy,,
jay,Night at the Museum,night-at-the-museum,,3.0,Fantasy,Family,Comedy,,
jay,The Holiday,the-holiday,,4.0,Comedy,Romance,,,
jay,Deck the Halls,deck-the-halls,,2.0,Family,Comedy,,,
jay,Casino Royale,casino-royale-2006,,4.0,Thriller,Action,Adventure,,
jay,Saw III,saw-iii,,2.5,Crime,Thriller,Horror,,
jay,Flushed Away,flushed-away,,3.5,Family,Adventure,Comedy,Animation,
jay,The Prestige,the-prestige,,4.0,Science Fiction,Drama,Mystery,,
jay,The Departed,the-departed,,4.0,Thriller,Crime,Drama,,
jay,Jackass Number Two,jackass-number-two,,3.0,Documentary,Comedy,Action,,
jay,Inland Empire,inland-empire,,5.0,Mystery,Fantasy,Drama,Thriller,Horror
jay,Children of Men,children-of-men,,4.5,Science Fiction,Thriller,Action,,
jay,The Wicker Man,the-wicker-man-2006,,2.0,Thriller,Horror,Mystery,,
jay,Borat: Cultural Learnings of America for Make Benefit Glorious Nation of Kazakhstan,borat-cultural-learnings-of-america-for-make-benefit-glorious-nation-of-kazakhstan,,3.5,Comedy,,,,
jay,Miami Vice,miami-vice,,3.0,Crime,Thriller,Action,,
jay,The Devil Wears Prada,the-devil-wears-prada,,4.0,Comedy,Drama,,,
jay,The Fast and the Furious: Tokyo Drift,the-fast-and-the-furious-tokyo-drift,,2.5,Crime,Action,Drama,Thriller,
jay,Marie Antoinette,marie-antoinette-2006,,3.5,History,Drama,,,
jay,X-Men: The Last Stand,x-men-the-last-stand,,1.0,Science Fiction,Thriller,Action,Adventure,
jay,The Host,the-host,,3.5,Drama,Science Fiction,Horror,,
jay,Southland Tales,southland-tales,,4.0,Thriller,Comedy,Science Fiction,,
jay,Mission: Impossible III,mission-impossible-iii,,2.5,Thriller,Adventure,Action,,
jay,Over the Hedge,over-the-hedge,,2.0,Animation,Family,Adventure,Comedy,
jay,She's the Man,shes-the-man,,3.0,Romance,Comedy,,,
jay,The Hills Have Eyes,the-hills-have-eyes-2006,,2.0,Horror,Thriller,,,
jay,Final Destination 3,final-destination-3,,2.5,Mystery,Horror,,,
jay,Little Miss Sunshine,little-miss-sunshine,,4.0,Drama,Comedy,,,
jay,High School Musical,high-school-musical,,3.0,Music,Comedy,Family,TV Movie,Romance
jay,The Family Stone,the-family-stone,,3.5,Romance,Comedy,Drama,,
jay,"The Chronicles of Narnia: The Lion, the Witch and the Wardrobe",the-chronicles-of-narnia-the-lion-the-witch-and-the-wardrobe,,2.0,Fantasy,Family,Adventure,,
jay,Memoirs of a Geisha,memoirs-of-a-geisha,,3.5,Romance,History,Drama,,
jay,Saw II,saw-ii,,3.0,Horror,,,,
jay,Hostel,hostel,,2.5,Horror,,,,
jay,Pride & Prejudice,pride-prejudice,,4.0,Drama,Romance,,,
jay,Hellraiser: Hellworld,hellraiser-hellworld,,1.0,Horror,Thriller,,,
jay,Wallace & Gromit: The Curse of the Were-Rabbit,wallace-gromit-the-curse-of-the-were-rabbit,,2.5,Adventure,Comedy,Animation,Family,
jay,Capote,capote,,3.0,Drama,Crime,,,
jay,Brokeback Mountain,brokeback-mountain,,4.0,Drama,Romance,,,
jay,Kinky Boots,kinky-boots,,3.0,Music,Comedy,Drama,,
jay,Lenny The Wonder Dog,lenny-the-wonder-dog,,0.5,Adventure,Family,Comedy,,
jay,The Devil's Rejects,the-devils-rejects,,4.0,Drama,Horror,Crime,,
jay,Charlie and the Chocolate Factory,charlie-and-the-chocolate-factory,,3.0,Comedy,Adventure,Fantasy,Family,
jay,The Adventures of Sharkboy and Lavagirl,the-adventures-of-sharkboy-and-lavagirl,,1.5,Adventure,Family,Science Fiction,,
jay,Batman Begins,batman-begins,,3.0,Crime,Action,Drama,,
jay,A History of Violence,a-history-of-violence,,3.0,Thriller,Drama,Crime,,
jay,Star Wars: Episode III – Revenge of the Sith,star-wars-episode-iii-revenge-of-the-sith,,2.0,Science Fiction,Adventure,Action,,
jay,House of Wax,house-of-wax-2005,,2.0,Thriller,Mystery,Horror,,
jay,The Descent,the-descent,,4.0,Horror,Adventure,,,
jay,Grizzly Man,grizzly-man,,3.5,Documentary,,,,
jay,Wolf Creek,wolf-creek,,1.5,Thriller,Horror,,,
jay,Ocean's Twelve,oceans-twelve,,3.0,Crime,Thriller,,,
jay,The SpongeBob SquarePants Movie,the-spongebob-squarepants-movie,,4.0,Adventure,Comedy,Animation,Fantasy,Family
jay,The Polar Express,the-polar-express,,2.0,Animation,Family,Adventure,Fantasy,
jay,Layer Cake,layer-cake,,3.5,Crime,Thriller,Drama,,
jay,Hotel Rwanda,hotel-rwanda,,3.5,History,Drama,War,,
jay,Shark Tale,shark-tale,,2.5,Animation,Action,Comedy,Family,
jay,Birth,birth-2004,,4.0,Drama,Mystery,,,
jay,Mysterious Skin,mysterious-skin,,4.5,Drama,,,,
jay,AVP: Alien vs. Predator,avp-alien-vs-predator,,3.0,Science Fiction,Adventure,Action,Horror,
jay,The Princess Diaries 2: Royal Engagement,the-princess-diaries-2-royal-engagement,,2.5,Romance,Family,Drama,Comedy,
jay,Collateral,collateral,,4.5,Crime,Drama,Thriller,,
jay,Catwoman,catwoman,,1.0,Fantasy,Crime,Action,,
jay,A Cinderella Story,a-cinderella-story,,1.5,Family,Comedy,Romance,,
jay,Spider-Man 2,spider-man-2,,4.5,Action,Science Fiction,Adventure,,
jay,White Chicks,white-chicks,,3.0,Comedy,Crime,,,
jay,Calvaire,calvaire,,3.5,Horror,,,,
jay,Shrek 2,shrek-2,,3.5,Family,Comedy,Romance,Animation,Fantasy
jay,The Football Factory,the-football-factory,,2.5,Drama,,,,
jay,Shaun of the Dead,shaun-of-the-dead,,4.0,Horror,Comedy,,,
jay,Scooby-Doo 2: Monsters Unleashed,scooby-doo-2-monsters-unleashed,,1.5,Mystery,Comedy,Adventure,,
jay,Dawn of the Dead,dawn-of-the-dead-2004,,2.5,Action,Horror,,,
jay,Eternal Sunshine of the Spotless Mind,eternal-sunshine-of-the-spotless-mind,,4.0,Science Fiction,Romance,Drama,,
jay,Starsky & Hutch,starsky-hutch,,3.0,Crime,Comedy,,,
jay,Saw,saw,,4.5,Crime,Mystery,Horror,,
jay,The Lord of the Rings: The Return of the King,the-lord-of-the-rings-the-return-of-the-king,,5.0,Action,Fantasy,Adventure,,
jay,Oldboy,oldboy,,5.0,Thriller,Mystery,Drama,Action,
jay,The Cat in the Hat,the-cat-in-the-hat-2003,,1.0,Comedy,Fantasy,Adventure,Family,
jay,Elf,elf,,2.5,Fantasy,Family,Comedy,,
jay,Love Actually,love-actually,,2.0,Romance,Drama,Comedy,,
jay,Lost in Translation,lost-in-translation,,3.0,Comedy,Romance,Drama,,
jay,Freddy vs. Jason,freddy-vs-jason,,3.0,Horror,,,,
jay,Seabiscuit,seabiscuit,,3.0,History,Drama,,,
jay,"Legally Blonde 2: Red, White & Blonde",legally-blonde-2-red-white-blonde,,2.5,Comedy,Romance,,,
jay,The Room,the-room,,1.0,Drama,Romance,,,
jay,Charlie's Angels: Full Throttle,charlies-angels-full-throttle,,2.0,Comedy,Adventure,Action,,
jay,Wrong Turn,wrong-turn,,2.0,Horror,Thriller,,,
jay,Dogville,dogville,,4.0,Thriller,Crime,Drama,,
jay,Elephant,elephant-2003,,3.0,Crime,Drama,,,
jay,Memories of Murder,memories-of-murder,,4.0,Thriller,Crime,Drama,,
jay,X2,x2,,2.5,Science Fiction,Action,Adventure,,
jay,House of 1000 Corpses,house-of-1000-corpses,,3.0,Horror,,,,
jay,Daredevil,daredevil,,1.5,Fantasy,Action,,,
jay,Final Destination 2,final-destination-2,,2.5,Mystery,Horror,,,
jay,The Lord of the Rings: The Two Towers,the-lord-of-the-rings-the-two-towers,,4.0,Action,Fantasy,Adventure,,
jay,Catch Me If You Can,catch-me-if-you-can-2002,,4.0,Drama,Crime,,,
jay,The Hours,the-hours,,4.0,Drama,,,,
jay,Chicago,chicago,,4.0,Comedy,Crime,Drama,,
jay,Gangs of New York,gangs-of-new-york-2002,,3.5,Drama,History,Crime,,
jay,Adaptation.,adaptation,,4.0,Drama,Comedy,Crime,,
jay,Jackass: The Movie,jackass-the-movie,,3.0,Action,Documentary,Comedy,,
jay,28 Days Later,28-days-later,,4.0,Science Fiction,Horror,Thriller,,
jay,Red Dragon,red-dragon,,3.0,Crime,Horror,Thriller,,
jay,Cabin Fever,cabin-fever,,3.0,Horror,,,,
jay,Swimfan,swimfan,,3.0,Drama,Romance,Thriller,Mystery,
jay,Austin Powers in Goldmember,austin-powers-in-goldmember,,1.5,Comedy,Crime,,,
jay,The Cat Returns,the-cat-returns,,3.5,Adventure,Fantasy,Animation,Family,Drama
jay,Morvern Callar,morvern-callar,,4.0,Drama,,,,
jay,Punch-Drunk Love,punch-drunk-love,,4.0,Drama,Romance,Comedy,,
jay,City of God,city-of-god,,4.0,Drama,Crime,,,
jay,Star Wars: Episode II – Attack of the Clones,star-wars-episode-ii-attack-of-the-clones,,1.5,Science Fiction,Adventure,Action,,
jay,Insomnia,insomnia-2002,,3.0,Crime,Thriller,Drama,,
jay,Femme Fatale,femme-fatale,,4.0,Thriller,Mystery,Crime,,
jay,Spider-Man,spider-man,,4.0,Action,Science Fiction,,,
jay,Bend It Like Beckham,bend-it-like-beckham,,3.0,Romance,Comedy,Drama,,
jay,Secretary,secretary,,3.5,Comedy,Drama,Romance,,
jay,The Lord of the Rings: The Fellowship of the Ring,the-lord-of-the-rings-the-fellowship-of-the-ring,,4.5,Adventure,Action,Fantasy,,
jay,Ocean's Eleven,oceans-eleven-2001,,4.0,Thriller,Crime,,,
jay,Harry Potter and the Philosopher's Stone,harry-potter-and-the-philosophers-stone,,3.0,Adventure,Fantasy,,,
jay,The Royal Tenenbaums,the-royal-tenenbaums,,4.0,Drama,Comedy,,,
jay,Zoolander,zoolander,,3.5,Comedy,,,,
jay,Ichi the Killer,ichi-the-killer,,4.0,Horror,Crime,Action,,
jay,Training Day,training-day,,3.0,Crime,Action,Drama,,
jay,The Princess Diaries,the-princess-diaries,,3.5,Comedy,Romance,Family,,
jay,The Others,the-others,,3.5,Thriller,Mystery,Horror,,
jay,Jason X,jason-x,,0.5,Horror,Science Fiction,,,
jay,Spirited Away,spirited-away,,4.5,Family,Fantasy,Animation,,
jay,Y Tu Mamá También,y-tu-mama-tambien,,4.5,Romance,Drama,,,
jay,Mulholland Drive,mulholland-drive,,4.5,Drama,Mystery,Thriller,,
jay,The Piano Teacher,the-piano-teacher,,4.5,Romance,Drama,,,
jay,Moulin Rouge!,moulin-rouge-2001,,4.0,Romance,Music,Drama,,
jay,Amélie,amelie,,3.5,Romance,Comedy,,,
jay,Shrek,shrek,,3.5,Adventure,Fantasy,Family,Animation,Comedy
jay,Bridget Jones's Diary,bridget-joness-diary,,3.0,Drama,Comedy,Romance,,
jay,Battle Royale,battle-royale,,4.5,Action,Thriller,Drama,,
jay,What Women Want,what-women-want,,1.0,Comedy,Romance,,,
jay,The Emperor's New Groove,the-emperors-new-groove,,3.5,Comedy,Adventure,Animation,Family,Fantasy
jay,How the Grinch Stole Christmas,how-the-grinch-stole-christmas-2000,,3.0,Comedy,Family,Fantasy,,
jay,Charlie's Angels,charlies-angels,,2.5,Adventure,Comedy,Action,,
jay,Hellraiser: Inferno,hellraiser-inferno,,2.0,Thriller,Horror,,,
jay,Bamboozled,bamboozled,,4.0,Comedy,Drama,,,
jay,Sexy Beast,sexy-beast,,4.5,Thriller,Drama,Crime,,
jay,Almost Famous,almost-famous,,3.5,Drama,Music,,,
jay,Best in Show,best-in-show,,3.5,Comedy,,,,
jay,Memento,memento,,4.0,Thriller,Mystery,,,
jay,Snatch,snatch,,3.5,Comedy,Crime,,,
jay,Hollow Man,hollow-man,,3.0,Science Fiction,Action,Thriller,Horror,
jay,X-Men,x-men,,2.5,Science Fiction,Action,Adventure,,
jay,Chicken Run,chicken-run,,4.0,Animation,Family,Comedy,,
jay,In the Mood for Love,in-the-mood-for-love,,4.5,Romance,Drama,,,
jay,"Crouching Tiger, Hidden Dragon",crouching-tiger-hidden-dragon,,4.0,Drama,Romance,Action,Adventure,
jay,Mission: Impossible II,mission-impossible-ii,,3.5,Thriller,Action,Adventure,,
jay,Cecil B. Demented,cecil-b-demented,,4.0,Crime,Comedy,Action,,
jay,Requiem for a Dream,requiem-for-a-dream,,3.0,Drama,Crime,,,
jay,Gladiator,gladiator-2000,,3.5,Action,Adventure,Drama,,
jay,Final Destination,final-destination,,3.5,Horror,,,,
jay,Cut,cut,,2.0,Horror,Thriller,,,
jay,Barking Dogs Never Bite,barking-dogs-never-bite,,4.0,Drama,Crime,Comedy,,
jay,Scream 3,scream-3,,2.5,Horror,Mystery,,,
jay,Chuck & Buck,chuck-buck,,3.5,Comedy,Drama,,,
jay,American Psycho,american-psycho,,4.0,Crime,Drama,Thriller,Horror,
jay,Magnolia,magnolia,,4.0,Drama,,,,
jay,"Girl, Interrupted",girl-interrupted,,3.5,Drama,,,,
jay,The Green Mile,the-green-mile,,4.0,Drama,Crime,Fantasy,,
jay,Bringing Out the Dead,bringing-out-the-dead,,3.0,Drama,,,,
jay,Audition,audition,,4.0,Drama,Horror,,,
jay,But I'm a Cheerleader,but-im-a-cheerleader,,4.0,Romance,Comedy,,,
jay,Fight Club,fight-club,,3.5,Drama,Thriller,,,
jay,Beau Travail,beau-travail,,4.0,Drama,,,,
jay,Being John Malkovich,being-john-malkovich,,3.5,Comedy,Drama,Fantasy,,
jay,Deep Blue Sea,deep-blue-sea,,2.5,Action,Horror,Science Fiction,,
jay,Eyes Wide Shut,eyes-wide-shut,,4.5,Thriller,Drama,Mystery,,
jay,Drop Dead Gorgeous,drop-dead-gorgeous,,4.0,Comedy,,,,
jay,Austin Powers: The Spy Who Shagged Me,austin-powers-the-spy-who-shagged-me,,3.0,Comedy,Crime,Adventure,,
jay,The Straight Story,the-straight-story,,4.0,Drama,History,,,
jay,The Virgin Suicides,the-virgin-suicides,,3.5,Romance,Drama,,,
jay,Star Wars: Episode I – The Phantom Menace,star-wars-episode-i-the-phantom-menace,,1.0,Science Fiction,Adventure,Action,,
jay,The Limey,the-limey,,4.0,Drama,Mystery,Thriller,Crime,
jay,Ratcatcher,ratcatcher,,4.0,Drama,,,,
jay,Election,election,,3.5,Drama,Comedy,,,
jay,10 Things I Hate About You,10-things-i-hate-about-you,,3.5,Comedy,Drama,Romance,,
jay,The Matrix,the-matrix,,5.0,Science Fiction,Action,,,
jay,Cruel Intentions,cruel-intentions,,4.0,Romance,Drama,,,
jay,eXistenZ,existenz,,3.5,Science Fiction,Horror,Thriller,Action,
jay,She's All That,shes-all-that,,2.5,Romance,Comedy,,,
jay,You've Got Mail,youve-got-mail,,3.0,Romance,Comedy,,,
jay,Bride of Chucky,bride-of-chucky,,3.0,Comedy,Horror,,,
jay,Armageddon,armageddon,,3.5,Action,Adventure,Thriller,Science Fiction,
jay,The Truman Show,the-truman-show,,4.0,Comedy,Drama,,,
jay,The Celebration,the-celebration,,4.5,Drama,,,,
jay,Happiness,happiness,,4.0,Drama,Comedy,,,
jay,Deep Impact,deep-impact,,3.0,Action,Science Fiction,Drama,,
jay,Buffalo '66,buffalo-66,,2.0,Drama,Comedy,Romance,,
jay,The Big Lebowski,the-big-lebowski,,3.5,Comedy,Crime,,,
jay,Spice World,spice-world,,4.0,Comedy,Fantasy,Adventure,Drama,Music
jay,Scream 2,scream-2,,3.5,Horror,Mystery,,,
jay,Jackie Brown,jackie-brown,,4.0,Crime,Thriller,Drama,,
jay,Good Will Hunting,good-will-hunting,,4.0,Drama,,,,
jay,Starship Troopers,starship-troopers,,4.5,Adventure,Thriller,Action,Science Fiction,
jay,Titanic,titanic-1997,,4.5,Drama,Romance,,,
jay,The Devil's Advocate,the-devils-advocate,,2.5,Horror,Drama,Mystery,,
jay,Boogie Nights,boogie-nights,,4.5,Drama,,,,
jay,Cube,cube,,3.0,Science Fiction,Horror,Thriller,Mystery,
jay,Gummo,gummo,,4.5,Drama,Comedy,,,
jay,Event Horizon,event-horizon,,2.5,Science Fiction,Mystery,Horror,,
jay,Princess Mononoke,princess-mononoke,,4.0,Fantasy,Adventure,Animation,,
jay,Face/Off,face-off,,5.0,Crime,Action,Science Fiction,,
jay,Speed 2: Cruise Control,speed-2-cruise-control,,1.5,Thriller,Action,,,
jay,Batman & Robin,batman-robin,,2.5,Adventure,Science Fiction,Action,,
jay,Con Air,con-air,,3.0,Action,Crime,Thriller,,
jay,Funny Games,funny-games,,4.0,Thriller,Horror,Drama,,
jay,Austin Powers: International Man of Mystery,austin-powers-international-man-of-mystery,,3.5,Comedy,Crime,,,
jay,Romy and Michele's High School Reunion,romy-and-micheles-high-school-reunion,,4.0,Comedy,,,,
jay,Lost Highway,lost-highway,,4.0,Drama,Thriller,Mystery,,
jay,Scream,scream,,4.0,Mystery,Crime,Horror,,
jay,Jerry Maguire,jerry-maguire,,3.0,Comedy,Romance,Drama,,
jay,Jingle All the Way,jingle-all-the-way,,3.0,Adventure,Comedy,Family,,
jay,Romeo + Juliet,romeo-juliet-1996,,3.5,Romance,Drama,,,
jay,Bound,bound,,4.0,Crime,Thriller,Drama,,
jay,The Rock,the-rock,,3.0,Thriller,Action,Adventure,,
jay,Mission: Impossible,mission-impossible,,3.5,Thriller,Action,Adventure,,
jay,Crash,crash,,5.0,Thriller,Drama,,,
jay,Secrets & Lies,secrets-lies,,4.5,Drama,,,,
jay,Twister,twister,,3.5,Adventure,Action,Drama,,
jay,The Craft,the-craft,,3.0,Horror,Fantasy,Drama,,
jay,James and the Giant Peach,james-and-the-giant-peach,,3.0,Adventure,Fantasy,Family,Animation,
jay,Fargo,fargo,,3.5,Crime,Comedy,Drama,Thriller,
jay,Trainspotting,trainspotting,,4.0,Crime,Drama,,,
jay,Muppet Treasure Island,muppet-treasure-island,,3.0,Family,Comedy,Adventure,,
jay,Broken Arrow,broken-arrow-1996,,3.5,Action,Thriller,,,
jay,Hard Eight,hard-eight,,3.5,Drama,Crime,,,
jay,From Dusk Till Dawn,from-dusk-till-dawn,,3.5,Thriller,Horror,Crime,Action,
jay,Twelve Monkeys,twelve-monkeys,,3.0,Thriller,Mystery,Science Fiction,,
jay,Heat,heat-1995,,4.0,Crime,Action,Drama,,
jay,Casino,casino,,4.0,Crime,Drama,,,
jay,Forgotten Silver,forgotten-silver,,3.5,TV Movie,Comedy,,,
jay,Halloween: The Curse of Michael Myers,halloween-the-curse-of-michael-myers,,1.5,Horror,,,,
jay,Empire Records,empire-records,,3.5,Comedy,Drama,,,
jay,Showgirls,showgirls,,3.5,Drama,,,,
jay,Se7en,se7en,,5.0,Mystery,Crime,Thriller,,
jay,Fallen Angels,fallen-angels,,4.5,Crime,Romance,Action,,
jay,The Net,the-net,,2.5,Mystery,Thriller,Action,Drama,Crime
jay,Clueless,clueless,,4.0,Comedy,Romance,,,
jay,La Haine,la-haine,,4.0,Drama,,,,
jay,To Die For,to-die-for,,3.5,Comedy,Drama,Crime,,
jay,Billy Madison,billy-madison,,2.5,Comedy,,,,
jay,The Doom Generation,the-doom-generation,,4.0,Drama,Comedy,Crime,,
jay,The Usual Suspects,the-usual-suspects,,2.0,Thriller,Drama,Crime,,
jay,Safe,safe,,3.5,Drama,,,,
jay,Before Sunrise,before-sunrise,,4.5,Romance,Drama,,,
jay,Little Women,little-women-1994,,3.5,Romance,Drama,,,
jay,The Santa Clause,the-santa-clause,,3.0,Family,Comedy,Fantasy,Drama,
jay,Interview with the Vampire,interview-with-the-vampire,,3.5,Horror,Drama,Fantasy,,
jay,The Puppet Masters,the-puppet-masters,,1.0,Horror,Thriller,Science Fiction,,
jay,The Shawshank Redemption,the-shawshank-redemption,,4.0,Crime,Drama,,,
jay,Natural Born Killers,natural-born-killers,,3.5,Drama,Thriller,Crime,,
jay,In the Mouth of Madness,in-the-mouth-of-madness,,4.5,Mystery,Horror,,,
jay,The Mask,the-mask-1994,,3.0,Fantasy,Romance,Crime,Comedy,
jay,Chungking Express,chungking-express,,4.0,Comedy,Drama,Romance,,
jay,True Lies,true-lies,,3.0,Thriller,Action,,,
jay,Speed,speed,,3.5,Thriller,Action,,,
jay,Pulp Fiction,pulp-fiction,,4.0,Comedy,Thriller,Crime,,
jay,"The Adventures of Priscilla, Queen of the Desert",the-adventures-of-priscilla-queen-of-the-desert,,4.0,Drama,Comedy,,,
jay,Serial Mom,serial-mom,,4.0,Crime,Comedy,,,
jay,Death Wish V: The Face of Death,death-wish-v-the-face-of-death,,1.5,Action,Crime,Drama,,
jay,Mrs. Doubtfire,mrs-doubtfire,,3.0,Family,Comedy,Drama,,
jay,Carlito's Way,carlitos-way,,4.5,Thriller,Drama,Crime,,
jay,The Remains of the Day,the-remains-of-the-day,,4.0,Romance,Drama,,,
jay,The Nightmare Before Christmas,the-nightmare-before-christmas,,4.0,Family,Animation,Fantasy,,
jay,True Romance,true-romance,,3.0,Romance,Crime,Action,,
jay,The Age of Innocence,the-age-of-innocence,,4.0,Romance,Drama,,,
jay,Hocus Pocus,hocus-pocus,,3.5,Comedy,Family,Fantasy,,
jay,Sleepless in Seattle,sleepless-in-seattle,,2.5,Romance,Drama,Comedy,,
jay,The Firm,the-firm-1993,,2.5,Drama,Mystery,Thriller,,
jay,Jurassic Park,jurassic-park,,4.5,Science Fiction,Adventure,,,
jay,Dazed and Confused,dazed-and-confused,,4.0,Comedy,Drama,,,
jay,Cliffhanger,cliffhanger,,4.0,Thriller,Adventure,Action,,
jay,The Piano,the-piano,,3.5,Romance,Drama,,,
jay,Naked,naked,,4.5,Comedy,Drama,,,
jay,Hard Target,hard-target,,3.5,Crime,Thriller,Action,,
jay,Falling Down,falling-down,,3.5,Thriller,Drama,Crime,,
jay,Groundhog Day,groundhog-day,,3.0,Comedy,Fantasy,Romance,,
jay,Leprechaun,leprechaun,,2.5,Comedy,Horror,,,
jay,Scent of a Woman,scent-of-a-woman,,3.0,Drama,,,,
jay,The Muppet Christmas Carol,the-muppet-christmas-carol,,4.0,Drama,Family,Comedy,Music,Fantasy
jay,A Few Good Men,a-few-good-men,,4.0,Drama,,,,
jay,Malcolm X,malcolm-x-1992,,4.0,History,Drama,,,
jay,Home Alone 2: Lost in New York,home-alone-2-lost-in-new-york,,3.0,Family,Comedy,Adventure,,
jay,Army of Darkness,army-of-darkness,,4.5,Comedy,Fantasy,Horror,,
jay,Candyman,candyman,,4.0,Thriller,Horror,Drama,,
jay,Death Becomes Her,death-becomes-her,,4.0,Comedy,Fantasy,Horror,,
jay,Braindead,braindead-1992,,4.5,Comedy,Horror,,,
jay,Alien³,alien-3,,2.0,Horror,Action,Science Fiction,,
jay,Bad Lieutenant,bad-lieutenant,,3.5,Drama,Crime,,,
jay,Strictly Ballroom,strictly-ballroom,,3.0,Drama,Romance,Comedy,,
jay,Hard Boiled,hard-boiled,,4.5,Action,Thriller,Crime,,
jay,The Player,the-player,,3.5,Mystery,Drama,Thriller,Crime,Comedy
jay,Basic Instinct,basic-instinct,,4.0,Thriller,Mystery,,,
jay,Reservoir Dogs,reservoir-dogs,,4.0,Crime,Thriller,,,
jay,Naked Lunch,naked-lunch,,3.0,Crime,Drama,,,
jay,Samurai Cop,samurai-cop,,1.5,Action,Thriller,Crime,Comedy,
jay,The Addams Family,the-addams-family,,3.5,Comedy,Fantasy,,,
jay,Cape Fear,cape-fear-1991,,3.5,Drama,Thriller,Crime,,
jay,Point Break,point-break,,4.0,Thriller,Action,Crime,,
jay,Terminator 2: Judgment Day,terminator-2-judgment-day,,5.0,Thriller,Action,Science Fiction,,
jay,Thelma & Louise,thelma-louise,,4.0,Drama,Adventure,Crime,Thriller,
jay,Boyz n the Hood,boyz-n-the-hood,,4.0,Drama,Crime,,,
jay,Hearts of Darkness: A Filmmaker's Apocalypse,hearts-of-darkness-a-filmmakers-apocalypse,,4.0,Documentary,,,,
jay,My Own Private Idaho,my-own-private-idaho,,4.0,Drama,,,,
jay,The Silence of the Lambs,the-silence-of-the-lambs,,4.5,Crime,Thriller,Horror,Drama,
jay,Kindergarten Cop,kindergarten-cop,,2.0,Comedy,,,,
jay,Misery,misery,,4.0,Drama,Horror,Thriller,,
jay,Predator 2,predator-2,,2.5,Action,Science Fiction,Thriller,,
jay,It,it-1990,,2.5,Mystery,Drama,Horror,,
jay,Home Alone,home-alone,,4.0,Family,Comedy,,,
jay,GoodFellas,goodfellas,,4.5,Crime,Drama,,,
jay,Days of Thunder,days-of-thunder,,3.0,Drama,Adventure,Action,,
jay,Total Recall,total-recall,,4.0,Action,Adventure,Science Fiction,,
jay,King of New York,king-of-new-york,,4.0,Thriller,Crime,,,
jay,Wild at Heart,wild-at-heart,,3.5,Crime,Thriller,Romance,,
jay,Central Park,central-park-1990,,4.0,Documentary,,,,
jay,Tremors,tremors,,3.5,Horror,Action,Science Fiction,Comedy,
jay,Elves,elves,,1.0,Horror,,,,
jay,"The Cook, the Thief, His Wife & Her Lover",the-cook-the-thief-his-wife-her-lover,,4.5,Crime,Drama,,,
jay,Uncle Buck,uncle-buck,,3.0,Family,Drama,Comedy,,
jay,Kiki's Delivery Service,kikis-delivery-service,,4.0,Fantasy,Animation,Family,,
jay,Friday the 13th Part VIII: Jason Takes Manhattan,friday-the-13th-part-viii-jason-takes-manhattan,,1.5,Horror,Thriller,,,
jay,When Harry Met Sally...,when-harry-met-sally,,5.0,Drama,Romance,Comedy,,
jay,Dead Poets Society,dead-poets-society,,4.0,Drama,,,,
jay,Tetsuo: The Iron Man,tetsuo-the-iron-man,,3.0,Science Fiction,Horror,,,
jay,Do the Right Thing,do-the-right-thing,,4.0,Drama,,,,
jay,Society,society,,3.5,Comedy,Horror,Mystery,,
jay,Pet Sematary,pet-sematary,,3.0,Horror,,,,
jay,Heathers,heathers,,4.0,Comedy,Crime,,,
jay,"sex, lies, and videotape",sex-lies-and-videotape,,4.0,Drama,,,,
jay,Rain Man,rain-man,,3.0,Drama,,,,
jay,Mississippi Burning,mississippi-burning,,3.0,Crime,Thriller,Mystery,Drama,
jay,The Naked Gun: From the Files of Police Squad!,the-naked-gun-from-the-files-of-police-squad,,3.5,Crime,Comedy,,,
jay,Scrooged,scrooged,,3.5,Fantasy,Drama,Comedy,,
jay,They Live,they-live,,4.0,Thriller,Action,Science Fiction,,
jay,Cinema Paradiso,cinema-paradiso,,4.0,Drama,Romance,,,
jay,The Lair of the White Worm,the-lair-of-the-white-worm,,4.0,Comedy,Horror,,,
jay,Hellbound: Hellraiser II,hellbound-hellraiser-ii,,2.5,Horror,Thriller,,,
jay,Dead Ringers,dead-ringers,,4.0,Thriller,Horror,,,
jay,Die Hard,die-hard,,4.0,Thriller,Action,,,
jay,Akira,akira,,3.5,Action,Animation,Science Fiction,,
jay,The Last Temptation of Christ,the-last-temptation-of-christ,,3.5,Drama,,,,
jay,Killer Klowns from Outer Space,killer-klowns-from-outer-space,,3.0,Science Fiction,Comedy,Horror,,
jay,My Neighbor Totoro,my-neighbor-totoro,,4.0,Fantasy,Animation,Family,,
jay,Beetlejuice,beetlejuice,,3.0,Fantasy,Comedy,,,
jay,Hairspray,hairspray,,4.0,Romance,Music,Comedy,,
jay,Broadcast News,broadcast-news,,4.0,Comedy,Romance,,,
jay,Bad Taste,bad-taste,,3.0,Action,Comedy,Horror,Science Fiction,
jay,Moonstruck,moonstruck,,3.5,Romance,Comedy,Drama,,
jay,Prince of Darkness,prince-of-darkness,,3.0,Horror,,,,
jay,The Princess Bride,the-princess-bride,,4.0,Adventure,Fantasy,Comedy,Family,Romance
jay,Hellraiser,hellraiser,,3.5,Thriller,Horror,,,
jay,The Lost Boys,the-lost-boys,,4.0,Thriller,Horror,Drama,Comedy,Romance
jay,RoboCop,robocop,,4.0,Action,Thriller,Science Fiction,,
jay,Full Metal Jacket,full-metal-jacket,,4.0,Drama,War,,,
jay,Death Wish 4: The Crackdown,death-wish-4-the-crackdown,,2.0,Action,Crime,Drama,Thriller,
jay,The Untouchables,the-untouchables,,3.5,History,Thriller,Crime,,
jay,Dirty Dancing,dirty-dancing,,4.0,Music,Drama,Romance,,
jay,Withnail & I,withnail-i,,4.5,Comedy,Drama,,,
jay,Evil Dead II,evil-dead-ii,,4.5,Comedy,Fantasy,Horror,,
jay,From Beyond,from-beyond,,4.0,Science Fiction,Horror,,,
jay,The Color of Money,the-color-of-money,,4.5,Drama,,,,
jay,Blue Velvet,blue-velvet,,4.5,Crime,Mystery,Thriller,,
jay,The Fly,the-fly-1986,,4.0,Science Fiction,Horror,,,
jay,She's Gotta Have It,shes-gotta-have-it,,3.0,Comedy,Romance,,,
jay,Stand by Me,stand-by-me,,3.5,Drama,Crime,,,
jay,Aliens,aliens,,5.0,Thriller,Science Fiction,Horror,Action,
jay,Top Gun,top-gun,,2.5,Action,Romance,Drama,,
jay,Clue,clue,,4.0,Crime,Comedy,Mystery,Thriller,
jay,Tampopo,tampopo,,4.5,Comedy,,,,
jay,To Live and Die in L.A.,to-live-and-die-in-la,,4.5,Action,Crime,Thriller,,
jay,A Nightmare on Elm Street Part 2: Freddy's Revenge,a-nightmare-on-elm-street-part-2-freddys-revenge,,3.5,Horror,,,,
jay,Death Wish 3,death-wish-3,,2.5,Drama,Thriller,Crime,Action,
jay,Re-Animator,re-animator,,4.0,Comedy,Horror,Science Fiction,,
jay,Commando,commando,,2.5,Adventure,Action,Thriller,,
jay,After Hours,after-hours,,4.0,Thriller,Comedy,Drama,,
jay,Legend,legend,,3.0,Adventure,Fantasy,,,
jay,My Beautiful Laundrette,my-beautiful-laundrette,,4.0,Romance,Comedy,Drama,,
jay,Come and See,come-and-see,,4.5,War,Drama,,,
jay,Day of the Dead,day-of-the-dead,,4.0,Mystery,Drama,Horror,,
jay,Return to Oz,return-to-oz,,3.5,Adventure,Fantasy,Family,,
jay,Ran,ran,,4.5,Drama,History,Action,,
jay,The Stuff,the-stuff,,2.5,Horror,Comedy,Science Fiction,,
jay,"Silent Night, Deadly Night",silent-night-deadly-night,,4.0,Horror,Thriller,,,
jay,A Nightmare on Elm Street,a-nightmare-on-elm-street,,4.0,Horror,,,,
jay,The Terminator,the-terminator,,4.0,Action,Thriller,Science Fiction,,
jay,Body Double,body-double,,4.0,Crime,Thriller,Mystery,,
jay,Threads,threads,,4.5,Drama,War,Science Fiction,,
jay,Gremlins,gremlins,,4.0,Fantasy,Comedy,Horror,,
jay,Ghostbusters,ghostbusters,,4.0,Comedy,Fantasy,,,
jay,"Paris, Texas",paris-texas,,4.5,Drama,,,,
jay,Stop Making Sense,stop-making-sense,,4.0,Music,Documentary,,,
jay,Razorback,razorback,,2.0,Thriller,Horror,,,
jay,This Is Spinal Tap,this-is-spinal-tap,,3.5,Comedy,Music,,,
jay,The Store,the-store,,4.0,Documentary,,,,
jay,Christine,christine-1983,,3.5,Horror,,,,
jay,Scarface,scarface-1983,,4.0,Drama,Action,Crime,,
jay,The Dead Zone,the-dead-zone,,2.0,Science Fiction,Thriller,Horror,,
jay,Risky Business,risky-business,,2.0,Drama,Comedy,Romance,,
jay,Return of the Jedi,return-of-the-jedi,,3.5,Science Fiction,Adventure,Action,,
jay,The Outsiders,the-outsiders,,3.5,Drama,Crime,,,
jay,Videodrome,videodrome,,4.0,Mystery,Science Fiction,Horror,,
jay,The King of Comedy,the-king-of-comedy,,4.0,Comedy,Drama,,,
jay,First Blood,first-blood,,3.0,Adventure,War,Action,Thriller,
jay,Blade Runner,blade-runner,,3.0,Thriller,Drama,Science Fiction,,
jay,The Thing,the-thing,,5.0,Mystery,Science Fiction,Horror,,
jay,E.T. the Extra-Terrestrial,et-the-extra-terrestrial,,4.0,Science Fiction,Family,Fantasy,Adventure,
jay,Poltergeist,poltergeist,,3.5,Horror,,,,
jay,Death Wish II,death-wish-ii,,1.5,Action,Drama,Thriller,Crime,
jay,Mad Max 2,mad-max-2,,4.0,Adventure,Thriller,Action,Science Fiction,
jay,The Evil Dead,the-evil-dead,,4.0,Horror,,,,
jay,An American Werewolf in London,an-american-werewolf-in-london,,4.0,Horror,Comedy,,,
jay,Blow Out,blow-out,,4.5,Thriller,Mystery,Crime,,
jay,Raiders of the Lost Ark,raiders-of-the-lost-ark,,4.5,Adventure,Action,,,
jay,Possession,possession,,4.5,Horror,,,,
jay,Friday the 13th Part 2,friday-the-13th-part-2,,2.5,Thriller,Horror,,,
jay,Escape from New York,escape-from-new-york,,3.5,Action,Science Fiction,Thriller,,
jay,Thief,thief,,4.0,Thriller,Crime,Drama,,
jay,The Howling,the-howling,,3.0,Horror,,,,
jay,Scanners,scanners,,3.0,Horror,Science Fiction,,,
jay,Altered States,altered-states,,3.5,Thriller,Horror,Science Fiction,,
jay,Raging Bull,raging-bull,,4.0,History,Drama,,,
jay,The Elephant Man,the-elephant-man,,4.0,History,Drama,,,
jay,Dressed to Kill,dressed-to-kill-1980,,3.0,Horror,Mystery,Thriller,,
jay,Prom Night,prom-night,,2.5,Thriller,Mystery,Horror,,
jay,The Shining,the-shining,,5.0,Horror,Thriller,,,
jay,The Empire Strikes Back,the-empire-strikes-back,,5.0,Science Fiction,Adventure,Action,,
jay,Friday the 13th,friday-the-13th,,3.0,Horror,,,,
jay,Cruising,cruising,,3.5,Thriller,Crime,Mystery,,
jay,The Fog,the-fog,,3.0,Horror,,,,
jay,All That Jazz,all-that-jazz,,4.5,Music,Drama,,,
jay,Kramer vs. Kramer,kramer-vs-kramer,,4.0,Drama,,,,
jay,The Brood,the-brood,,3.5,Science Fiction,Horror,,,
jay,Alien,alien,,5.0,Horror,Science Fiction,,,
jay,Apocalypse Now,apocalypse-now,,4.5,Drama,War,,,
jay,Hardcore,hardcore,,3.5,Drama,Crime,Thriller,,
jay,The Warriors,the-warriors,,4.0,Thriller,Action,,,
jay,Invasion of the Body Snatchers,invasion-of-the-body-snatchers-1978,,4.0,Horror,Science Fiction,,,
jay,The Deer Hunter,the-deer-hunter,,4.0,War,Drama,,,
jay,Halloween,halloween-1978,,5.0,Thriller,Horror,,,
jay,Days of Heaven,days-of-heaven,,4.0,Romance,Drama,,,
jay,Girlfriends,girlfriends-1978,,3.5,Comedy,Drama,,,
jay,Piranha,piranha,,3.5,Science Fiction,Horror,,,
jay,Jaws 2,jaws-2,,2.0,Thriller,Horror,,,
jay,Grease,grease,,3.0,Romance,Comedy,,,
jay,The Shout,the-shout,,4.0,Mystery,Thriller,Horror,,
jay,Opening Night,opening-night,,4.0,Drama,,,,
jay,House,house,,4.0,Horror,Comedy,Fantasy,,
jay,Sorcerer,sorcerer,,4.5,Drama,Thriller,Adventure,,
jay,The Hills Have Eyes,the-hills-have-eyes,,3.0,Horror,,,,
jay,The Duellists,the-duellists,,4.0,Drama,War,,,
jay,Star Wars,star-wars,,4.0,Adventure,Science Fiction,Action,,
jay,Eraserhead,eraserhead,,4.5,Science Fiction,Horror,,,
jay,Suspiria,suspiria,,4.0,Horror,,,,
jay,Mikey and Nicky,mikey-and-nicky,,4.0,Crime,Drama,,,
jay,Rocky,rocky,,2.5,Drama,,,,
jay,Network,network,,4.0,Drama,,,,
jay,Carrie,carrie-1976,,4.5,Horror,Thriller,,,
jay,Harlan County U.S.A.,harlan-county-usa,,4.0,Documentary,,,,
jay,The Omen,the-omen,,3.5,Thriller,Horror,,,
jay,All the President's Men,all-the-presidents-men,,4.0,Mystery,Thriller,Drama,,
jay,Taxi Driver,taxi-driver,,4.0,Crime,Drama,,,
jay,Barry Lyndon,barry-lyndon,,4.5,Drama,War,Romance,History,
jay,"Salò, or the 120 Days of Sodom",salo-or-the-120-days-of-sodom,,3.5,Drama,Horror,,,
jay,One Flew Over the Cuckoo's Nest,one-flew-over-the-cuckoos-nest,,4.0,Drama,,,,
jay,Dog Day Afternoon,dog-day-afternoon,,4.5,Thriller,Crime,Drama,,
jay,The Rocky Horror Picture Show,the-rocky-horror-picture-show,,4.0,Horror,Comedy,Science Fiction,,
jay,Picnic at Hanging Rock,picnic-at-hanging-rock,,4.0,Mystery,Drama,,,
jay,Jaws,jaws,,4.0,Adventure,Thriller,Horror,,
jay,Nashville,nashville,,5.0,Music,Drama,Comedy,,
jay,The Amusement Park,the-amusement-park,,3.5,Drama,Horror,Thriller,,
jay,"Jeanne Dielman, 23, quai du Commerce, 1080 Bruxelles",jeanne-dielman-23-quai-du-commerce-1080-bruxelles,,4.0,Drama,,,,
jay,Shivers,shivers,,2.5,Science Fiction,Horror,,,
jay,Monty Python and the Holy Grail,monty-python-and-the-holy-grail,,3.5,Fantasy,Comedy,Adventure,,
jay,The Godfather Part II,the-godfather-part-ii,,4.5,Drama,Crime,,,
jay,A Woman Under the Influence,a-woman-under-the-influence,,4.5,Romance,Drama,,,
jay,Black Christmas,black-christmas,,4.0,Horror,Mystery,Crime,,
jay,Italianamerican,italianamerican,,4.0,Documentary,,,,
jay,The Taking of Pelham One Two Three,the-taking-of-pelham-one-two-three,,4.0,Comedy,Thriller,Crime,,
jay,Death Wish,death-wish,,2.5,Crime,Drama,Action,,
jay,Chinatown,chinatown,,4.0,Thriller,Mystery,Crime,Drama,
jay,The Parallax View,the-parallax-view,,4.0,Thriller,Crime,Drama,,
jay,The Conversation,the-conversation,,4.5,Drama,Crime,Mystery,,
jay,Penda's Fen,pendas-fen,,3.0,Fantasy,Drama,TV Movie,Horror,
jay,Zardoz,zardoz,,2.0,Science Fiction,Fantasy,Action,Thriller,
jay,The Exorcist,the-exorcist,,4.0,Horror,Drama,,,
jay,The Wicker Man,the-wicker-man,,4.5,Horror,,,,
jay,Serpico,serpico,,4.0,Drama,History,Crime,,
jay,Badlands,badlands,,3.5,Crime,Romance,Drama,,
jay,Don't Look Now,dont-look-now,,4.0,Drama,Thriller,Horror,,
jay,Mean Streets,mean-streets,,3.0,Crime,Drama,,,
jay,American Graffiti,american-graffiti,,3.5,Drama,Comedy,,,
jay,Paper Moon,paper-moon,,4.5,Drama,Crime,Comedy,,
jay,The Long Goodbye,the-long-goodbye,,4.5,Drama,Crime,Mystery,,
jay,Omer the Tourist in Star Trek,omer-the-tourist-in-star-trek,,3.0,Comedy,Science Fiction,,,
jay,Deliverance,deliverance,,3.0,Thriller,Adventure,Drama,,
jay,Pink Flamingos,pink-flamingos,,4.0,Comedy,Crime,,,
jay,The Godfather,the-godfather,,4.5,Crime,Drama,,,
jay,Cabaret,cabaret,,4.5,Romance,Drama,Music,,
jay,Duel,duel,,4.5,Thriller,Action,TV Movie,,
jay,A Clockwork Orange,a-clockwork-orange,,4.5,Crime,Science Fiction,,,
jay,The French Connection,the-french-connection,,4.0,Crime,Action,Thriller,,
jay,The Last Picture Show,the-last-picture-show,,4.0,Drama,Romance,,,
jay,The Devils,the-devils,,4.5,Drama,History,Horror,,
jay,Klute,klute,,4.0,Thriller,Mystery,Crime,Drama,
jay,Wake in Fright,wake-in-fright,,4.5,Thriller,Drama,,,
jay,THX 1138,thx-1138,,3.5,Science Fiction,Drama,,,
jay,Get Carter,get-carter,,4.0,Thriller,Crime,,,
jay,Deep End,deep-end,,4.0,Drama,Comedy,,,
jay,"Hi, Mom!",hi-mom,,3.0,Crime,Comedy,,,
jay,"They Shoot Horses, Don't They?",they-shoot-horses-dont-they,,4.0,Drama,,,,
jay,Kes,kes,,4.0,Drama,,,,
jay,Women in Love,women-in-love,,4.5,Romance,Drama,,,
jay,Midnight Cowboy,midnight-cowboy,,4.5,Drama,,,,
jay,The Swimming Pool,the-swimming-pool,,3.0,Drama,Thriller,,,
jay,Chitty Chitty Bang Bang,chitty-chitty-bang-bang,,3.5,Comedy,Family,Adventure,Fantasy,
jay,Targets,targets,,4.0,Thriller,Crime,,,
jay,Rosemary's Baby,rosemarys-baby,,4.5,Horror,Thriller,Drama,,
jay,Boom!,boom-1968,,3.0,Horror,Thriller,Drama,,
jay,2001: A Space Odyssey,2001-a-space-odyssey,,4.5,Science Fiction,Adventure,Mystery,,
jay,The Graduate,the-graduate,,4.0,Drama,Comedy,Romance,,
jay,Point Blank,point-blank,,4.0,Crime,Drama,Thriller,,
jay,Bonnie and Clyde,bonnie-and-clyde,,4.0,Crime,Drama,,,
jay,Blow-Up,blow-up,,3.0,Mystery,Drama,Thriller,,
jay,Persona,persona,,4.0,Drama,,,,
jay,The Umbrellas of Cherbourg,the-umbrellas-of-cherbourg,,4.0,Romance,Drama,,,
jay,Dr. Strangelove or: How I Learned to Stop Worrying and Love the Bomb,dr-strangelove-or-how-i-learned-to-stop-worrying-and-love-the-bomb,,4.0,Comedy,War,,,
jay,The Birds,the-birds,,4.0,Horror,Thriller,,,
jay,Cléo from 5 to 7,cleo-from-5-to-7,,4.0,Drama,,,,
lilfilm,The Florida Project,the-florida-project,,1.0,Drama,,,,
theneedledrop,A Quiet Place Part II,a-quiet-place-part-ii,,4.0,Science Fiction,Horror,Thriller,,
theneedledrop,Sound of Metal,sound-of-metal,,4.0,Drama,Music,,,
theneedledrop,Marriage Story,marriage-story-2019,,4.5,Drama,,,,
theneedledrop,John Wick: Chapter 2,john-wick-chapter-2,,4.0,Crime,Action,Thriller,,
theneedledrop,John Wick,john-wick,,3.0,Action,Thriller,,,
theneedledrop,Whiplash,whiplash-2014,,5.0,Drama,Music,Thriller,,
theneedledrop,The Wolf of Wall Street,the-wolf-of-wall-street,,0.5,Comedy,Drama,Crime,,
theneedledrop,We Need to Talk About Kevin,we-need-to-talk-about-kevin,,4.5,Drama,Thriller,,,
theneedledrop,Blue Valentine,blue-valentine,,3.5,Drama,Romance,,,
theneedledrop,Death Proof,death-proof,,5.0,Thriller,Action,,,
theneedledrop,Eternal Sunshine of the Spotless Mind,eternal-sunshine-of-the-spotless-mind,,5.0,Science Fiction,Romance,Drama,,
theneedledrop,Napoleon Dynamite,napoleon-dynamite,,4.0,Comedy,,,,
theneedledrop,Adaptation.,adaptation,,5.0,Drama,Comedy,Crime,,
theneedledrop,The Truman Show,the-truman-show,,5.0,Comedy,Drama,,,
theneedledrop,Fargo,fargo,,3.5,Crime,Comedy,Drama,Thriller,
theneedledrop,Reservoir Dogs,reservoir-dogs,,4.0,Crime,Thriller,,,
theneedledrop,Pixel,pixel,,5.0,,,,,
theneedledrop,Taxi Driver,taxi-driver,,3.5,Crime,Drama,,,
fcbarcelona,28 Years Later: The Bone Temple,28-years-later-the-bone-temple,,3.5,Horror,Science Fiction,Thriller,,
fcbarcelona,Stranger Things 5: The Finale,stranger-things-5-the-finale,,1.0,Action,Fantasy,Mystery,,
fcbarcelona,Marty Supreme,marty-supreme,,3.0,Thriller,Drama,,,
fcbarcelona,Black Phone 2,black-phone-2,,2.0,Horror,Thriller,,,
fcbarcelona,A Big Bold Beautiful Journey,a-big-bold-beautiful-journey,,1.0,Fantasy,Drama,Romance,,
fcbarcelona,One Battle After Another,one-battle-after-another,,3.0,Thriller,Comedy,Action,Crime,
fcbarcelona,Frankenstein,frankenstein-2025,,3.5,Fantasy,Drama,Horror,Science Fiction,
fcbarcelona,Caught Stealing,caught-stealing,,3.0,Thriller,Crime,Comedy,,
fcbarcelona,Weapons,weapons-2025,,3.5,Horror,Mystery,,,
fcbarcelona,The Fantastic 4: First Steps,the-fantastic-4-first-steps,,2.5,Action,Science Fiction,Adventure,,
fcbarcelona,Superman,superman-2025,,3.5,Science Fiction,Adventure,Action,,
fcbarcelona,F1,f1,,3.5,Drama,Action,,,
fcbarcelona,Ballerina,ballerina-2025,,2.5,Action,Crime,Thriller,,
fcbarcelona,Karate Kid: Legends,karate-kid-legends,,1.0,Action,Adventure,Drama,,
fcbarcelona,Thunderbolts*,thunderbolts,,2.5,Science Fiction,Adventure,Action,,
fcbarcelona,Sinners,sinners-2025,,3.0,Thriller,Action,Horror,,
fcbarcelona,Death of a Unicorn,death-of-a-unicorn,,1.0,Comedy,Horror,Fantasy,,
fcbarcelona,Last Breath,last-breath-2025,,2.0,Thriller,Drama,,,
fcbarcelona,Mickey 17,mickey-17,,2.5,Comedy,Adventure,Science Fiction,,
fcbarcelona,"Oh, Hi!",oh-hi,,2.0,Comedy,Romance,Thriller,,
fcbarcelona,Together,together-2025,,3.0,Horror,Romance,,,
fcbarcelona,Don't Move,dont-move-2024,,2.0,Horror,Thriller,,,
fcbarcelona,Gladiator II,gladiator-ii,,2.5,Drama,Action,Adventure,,
fcbarcelona,Heretic,heretic-2024,,3.0,Thriller,Horror,,,
fcbarcelona,Friendship,friendship-2024,,2.0,Comedy,,,,
fcbarcelona,Speak No Evil,speak-no-evil-2024,,3.0,Thriller,Horror,,,
fcbarcelona,Wolfs,wolfs,,3.0,Comedy,Crime,,,
fcbarcelona,Conclave,conclave,,3.0,Drama,Thriller,,,
fcbarcelona,Beetlejuice Beetlejuice,beetlejuice-beetlejuice,,2.5,Comedy,Fantasy,,,
fcbarcelona,Incoming,incoming-2024,,1.5,Comedy,,,,
fcbarcelona,Alien: Romulus,alien-romulus,,3.5,Science Fiction,Horror,,,
fcbarcelona,Blink Twice,blink-twice,,3.0,Mystery,Horror,Thriller,,
fcbarcelona,Deadpool & Wolverine,deadpool-wolverine,,2.5,Science Fiction,Action,Comedy,,
fcbarcelona,Trap,trap-2024,,1.0,Crime,Thriller,Horror,,
fcbarcelona,Longlegs,longlegs,,3.0,Crime,Horror,Mystery,,
fcbarcelona,A Family Affair,a-family-affair-2024-1,,1.0,Romance,Comedy,,,
fcbarcelona,Anora,anora,,3.5,Drama,Romance,Comedy,,
fcbarcelona,The Substance,the-substance,,3.5,Horror,Science Fiction,,,
fcbarcelona,Furiosa: A Mad Max Saga,furiosa-a-mad-max-saga,,3.5,Science Fiction,Action,Adventure,,
fcbarcelona,The Fall Guy,the-fall-guy-2024,,2.0,Action,Romance,Comedy,,
fcbarcelona,Road House,road-house-2024,,1.0,Thriller,Drama,Action,,
fcbarcelona,Cuckoo,cuckoo-2024,,2.0,Horror,Mystery,Thriller,,
fcbarcelona,Dune: Part Two,dune-part-two,,5.0,Adventure,Science Fiction,,,
fcbarcelona,My Old Ass,my-old-ass,,3.5,Comedy,Drama,,,
fcbarcelona,A Real Pain,a-real-pain,,3.5,Comedy,Drama,,,
fcbarcelona,Anyone But You,anyone-but-you,,2.5,Romance,Comedy,,,
fcbarcelona,The Iron Claw,the-iron-claw-2023,,3.0,History,Drama,,,
fcbarcelona,Leave the World Behind,leave-the-world-behind-2023,,2.5,Drama,Mystery,Thriller,,
fcbarcelona,Five Nights at Freddy's,five-nights-at-freddys,,1.0,Horror,Thriller,,,
fcbarcelona,Totally Killer,totally-killer,,1.0,Comedy,Science Fiction,Horror,,
fcbarcelona,The Creator,the-creator-2023,,2.5,Action,Science Fiction,Adventure,,
fcbarcelona,Society of the Snow,society-of-the-snow,,3.5,History,Drama,,,
fcbarcelona,Reptile,reptile-2023,,1.0,Drama,Mystery,Thriller,Crime,
fcbarcelona,The Nun II,the-nun-ii,,1.0,Horror,,,,
fcbarcelona,The Wonderful Story of Henry Sugar,the-wonderful-story-of-henry-sugar,,3.0,Fantasy,Comedy,,,
fcbarcelona,Saltburn,saltburn,,1.0,Comedy,Drama,Thriller,,
fcbarcelona,The Holdovers,the-holdovers,,3.5,Drama,Comedy,,,
fcbarcelona,Ferrari,ferrari-2023,,2.5,History,Drama,,,
fcbarcelona,You Are So Not Invited to My Bat Mitzvah,you-are-so-not-invited-to-my-bat-mitzvah,,1.0,Comedy,Drama,,,
fcbarcelona,River Wild,river-wild,,2.0,Thriller,Adventure,Mystery,,
fcbarcelona,Bird Box Barcelona,bird-box-barcelona,,3.0,Thriller,Horror,Science Fiction,,
fcbarcelona,Oppenheimer,oppenheimer-2023,,3.0,Drama,History,,,
fcbarcelona,Barbie,barbie,,1.5,Comedy,Fantasy,Adventure,,
fcbarcelona,No Hard Feelings,no-hard-feelings-2023,,3.0,Comedy,Romance,,,
fcbarcelona,The Flash,the-flash,,1.0,Adventure,Action,Science Fiction,,
fcbarcelona,Extraction 2,extraction-2,,2.5,Thriller,Action,Crime,,
fcbarcelona,Spider-Man: Across the Spider-Verse,spider-man-across-the-spider-verse,,4.0,Animation,Science Fiction,Adventure,Action,
fcbarcelona,Anatomy of a Fall,anatomy-of-a-fall,,3.5,Crime,Thriller,Mystery,,
fcbarcelona,Killers of the Flower Moon,killers-of-the-flower-moon,,4.0,Crime,History,Drama,,
fcbarcelona,May December,may-december,,3.5,Drama,,,,
fcbarcelona,How to Have Sex,how-to-have-sex,,2.5,Drama,,,,
fcbarcelona,Guy Ritchie's The Covenant,guy-ritchies-the-covenant,,3.0,Thriller,War,Action,,
fcbarcelona,Evil Dead Rise,evil-dead-rise,,3.0,Horror,Thriller,,,
fcbarcelona,Bottoms,bottoms,,2.0,Comedy,,,,
fcbarcelona,Shortcomings,shortcomings,,1.0,Comedy,Drama,Romance,,
fcbarcelona,Past Lives,past-lives,,3.5,Drama,Romance,,,
fcbarcelona,Missing,missing-2023,,3.0,Thriller,Mystery,Drama,,
fcbarcelona,The Pale Blue Eye,the-pale-blue-eye,,2.5,Mystery,Thriller,Horror,Crime,
fcbarcelona,Babylon,babylon-2022,,3.0,Comedy,Drama,,,
fcbarcelona,Talk to Me,talk-to-me-2022,,3.5,Fantasy,Horror,,,
fcbarcelona,Significant Other,significant-other,,1.0,Mystery,Science Fiction,Thriller,Horror,
fcbarcelona,Amsterdam,amsterdam-2022,,2.5,Mystery,Comedy,Drama,,
fcbarcelona,Raymond & Ray,raymond-ray,,3.0,Comedy,Drama,,,
fcbarcelona,The Menu,the-menu-2022,,3.5,Comedy,Horror,,,
fcbarcelona,Glass Onion,glass-onion,,3.0,Crime,Mystery,Comedy,,
fcbarcelona,Barbarian,barbarian-2022,,3.5,Horror,Mystery,,,
fcbarcelona,Loving Adults,loving-adults,,3.0,Thriller,,,,
fcbarcelona,Day Shift,day-shift-2022,,3.0,Fantasy,Comedy,Thriller,Horror,Action
fcbarcelona,Purple Hearts,purple-hearts-2022,,1.0,Drama,Romance,,,
fcbarcelona,Thirteen Lives,thirteen-lives,,3.5,History,Drama,Thriller,,
fcbarcelona,The Gray Man,the-gray-man-2022,,2.5,Thriller,Action,,,
fcbarcelona,Thor: Love and Thunder,thor-love-and-thunder,,2.0,Action,Fantasy,Comedy,,
fcbarcelona,Hustle,hustle-2022,,3.0,Comedy,Drama,,,
fcbarcelona,Elvis,elvis-2022,,3.0,Music,History,Drama,,
fcbarcelona,Aftersun,aftersun,,3.0,Drama,,,,
fcbarcelona,Top Gun: Maverick,top-gun-maverick,,4.0,Action,Drama,,,
fcbarcelona,Doctor Strange in the Multiverse of Madness,doctor-strange-in-the-multiverse-of-madness,,3.5,Fantasy,Action,Adventure,,
fcbarcelona,The Northman,the-northman,,2.5,Adventure,Action,Fantasy,,
fcbarcelona,X,x-2022,,4.0,Horror,Thriller,,,
fcbarcelona,Everything Everywhere All at Once,everything-everywhere-all-at-once,,5.0,Science Fiction,Adventure,Comedy,Action,
fcbarcelona,Windfall,windfall,,3.0,Crime,Drama,Thriller,,
fcbarcelona,The Adam Project,the-adam-project,,3.5,Comedy,Adventure,Science Fiction,,
fcbarcelona,The Batman,the-batman,,5.0,Crime,Mystery,Thriller,,
fcbarcelona,When You Finish Saving the World,when-you-finish-saving-the-world,,1.0,Drama,Comedy,,,
fcbarcelona,Spider-Man: No Way Home,spider-man-no-way-home,,3.5,Adventure,Action,Science Fiction,,
fcbarcelona,Don't Look Up,dont-look-up-2021,,3.5,Drama,Science Fiction,Comedy,,
fcbarcelona,"tick, tick... BOOM!",tick-tick-boom-2021,,2.5,Drama,Music,,,
fcbarcelona,Encanto,encanto,,3.0,Comedy,Family,Fantasy,Animation,
fcbarcelona,No Time to Die,no-time-to-die-2021,,2.5,Action,Adventure,Thriller,,
fcbarcelona,The Black Phone,the-black-phone,,3.0,Thriller,Horror,,,
fcbarcelona,Intrusion,intrusion-2021,,2.5,Drama,Thriller,Mystery,,
fcbarcelona,Prey,prey-2021,,3.0,Thriller,,,,
fcbarcelona,Last Night in Soho,last-night-in-soho,,1.0,Horror,Mystery,,,
fcbarcelona,Dune,dune-2021,,4.0,Science Fiction,Adventure,,,
fcbarcelona,King Richard,king-richard,,3.5,History,Drama,,,
fcbarcelona,The Voyeurs,the-voyeurs-2021,,2.5,Thriller,,,,
fcbarcelona,Shang-Chi and the Legend of the Ten Rings,shang-chi-and-the-legend-of-the-ten-rings,,2.0,Adventure,Fantasy,Action,,
fcbarcelona,The Trip,the-trip-2021,,3.0,Horror,Comedy,,,
fcbarcelona,Blood Red Sky,blood-red-sky,,2.0,Action,Thriller,Horror,,
fcbarcelona,Black Widow,black-widow-2021,,2.5,Action,Adventure,Science Fiction,,
fcbarcelona,The Conjuring: The Devil Made Me Do It,the-conjuring-the-devil-made-me-do-it,,2.0,Thriller,Horror,Mystery,,
fcbarcelona,Cherry,cherry-2021,,2.0,Crime,Drama,,,
fcbarcelona,Coming Home in the Dark,coming-home-in-the-dark,,3.0,Horror,Thriller,Crime,,
fcbarcelona,Wonder Woman 1984,wonder-woman-1984,,1.0,Action,Adventure,Fantasy,,
fcbarcelona,The Call,the-call-2020-3,,4.0,Thriller,Mystery,Science Fiction,,
fcbarcelona,Love and Monsters,love-and-monsters,,3.0,Comedy,Science Fiction,Adventure,Fantasy,
fcbarcelona,Another Round,another-round,,3.0,Drama,Comedy,,,
fcbarcelona,I'm Thinking of Ending Things,im-thinking-of-ending-things,,3.0,Fantasy,Thriller,Mystery,Drama,
fcbarcelona,Chemical Hearts,chemical-hearts,,3.0,Drama,Romance,,,
fcbarcelona,The Rental,the-rental,,2.5,Thriller,Horror,,,
fcbarcelona,Extraction,extraction-2020,,2.5,Thriller,Action,,,
fcbarcelona,Love Wedding Repeat,love-wedding-repeat,,1.5,Romance,Comedy,,,
fcbarcelona,A Quiet Place Part II,a-quiet-place-part-ii,,3.5,Science Fiction,Horror,Thriller,,
fcbarcelona,Escape from Pretoria,escape-from-pretoria,,3.0,History,Thriller,Drama,,
fcbarcelona,The Nest,the-nest-2020,,2.0,Drama,,,,
fcbarcelona,Birds of Prey (and the Fantabulous Emancipation of One Harley Quinn),birds-of-prey-and-the-fantabulous-emancipation-of-one-harley-quinn,,1.0,Action,Crime,,,
fcbarcelona,Star Wars: The Rise of Skywalker,star-wars-the-rise-of-skywalker,,1.0,Adventure,Action,Science Fiction,,
fcbarcelona,El Camino: A Breaking Bad Movie,el-camino-a-breaking-bad-movie,,2.5,Crime,Drama,Thriller,,
fcbarcelona,The Irishman,the-irishman-2019,,2.5,History,Drama,Crime,,
fcbarcelona,Fractured,fractured-2019,,3.0,Drama,Thriller,,,
fcbarcelona,In the Tall Grass,in-the-tall-grass-2019,,3.0,Horror,,,,
fcbarcelona,Knives Out,knives-out-2019,,4.0,Mystery,Comedy,Crime,,
fcbarcelona,The Platform,the-platform,,3.0,Thriller,Drama,Science Fiction,,
fcbarcelona,The King,the-king-2019,,3.5,War,Drama,History,,
fcbarcelona,The Laundromat,the-laundromat-2019,,3.0,Drama,Comedy,Crime,,
fcbarcelona,Joker,joker-2019,,3.5,Drama,Thriller,Crime,,
fcbarcelona,Waves,waves-2019,,4.0,Romance,Drama,,,
fcbarcelona,Ford v Ferrari,ford-v-ferrari,,3.0,Drama,Action,History,,
fcbarcelona,Uncut Gems,uncut-gems,,4.5,Crime,Thriller,Drama,,
fcbarcelona,Ad Astra,ad-astra-2019,,2.0,Science Fiction,Drama,,,
fcbarcelona,Marriage Story,marriage-story-2019,,4.0,Drama,,,,
fcbarcelona,It Chapter Two,it-chapter-two,,3.5,Drama,Thriller,Horror,,
fcbarcelona,A Rainy Day in New York,a-rainy-day-in-new-york,,3.0,Comedy,Romance,,,
fcbarcelona,Weathering with You,weathering-with-you,,3.0,Fantasy,Animation,Romance,Drama,
fcbarcelona,Fast & Furious Presents: Hobbs & Shaw,fast-furious-presents-hobbs-shaw,,1.0,Adventure,Action,Comedy,,
fcbarcelona,Spider-Man: Far From Home,spider-man-far-from-home,,3.0,Science Fiction,Adventure,Action,,
fcbarcelona,Toy Story 4,toy-story-4,,3.0,Adventure,Animation,Comedy,Family,
fcbarcelona,Always Be My Maybe,always-be-my-maybe-2019,,3.0,Romance,Comedy,,,
fcbarcelona,Murder Mystery,murder-mystery,,3.0,Comedy,Mystery,,,
fcbarcelona,Once Upon a Time... in Hollywood,once-upon-a-time-in-hollywood,,2.5,Thriller,Drama,Comedy,,
fcbarcelona,Parasite,parasite-2019,,4.5,Thriller,Comedy,Drama,,
fcbarcelona,John Wick: Chapter 3 – Parabellum,john-wick-chapter-3-parabellum,,3.0,Action,Crime,Thriller,,
fcbarcelona,Brightburn,brightburn,,2.5,Science Fiction,Horror,,,
fcbarcelona,Aladdin,aladdin-2019,,3.5,Fantasy,Romance,Family,Adventure,
fcbarcelona,Yesterday,yesterday-2019,,2.0,Comedy,Fantasy,Romance,Music,
fcbarcelona,Plus One,plus-one-2019,,3.0,Romance,Comedy,,,
fcbarcelona,Avengers: Endgame,avengers-endgame,,3.5,Science Fiction,Action,Adventure,,
fcbarcelona,Dreamland,dreamland-2019,,2.5,Thriller,Drama,,,
fcbarcelona,The Silence,the-silence-2019,,2.0,Horror,Thriller,Drama,Fantasy,
fcbarcelona,Good Boys,good-boys-2019,,3.0,Comedy,,,,
fcbarcelona,The Peanut Butter Falcon,the-peanut-butter-falcon,,4.0,Drama,Adventure,Comedy,,
fcbarcelona,"Extremely Wicked, Shockingly Evil and Vile",extremely-wicked-shockingly-evil-and-vile,,1.0,Drama,Crime,,,
fcbarcelona,Polar,polar-2019,,3.0,Drama,Action,Crime,,
fcbarcelona,Spider-Man: Into the Spider-Verse,spider-man-into-the-spider-verse,,4.0,Adventure,Animation,Action,Science Fiction,
fcbarcelona,Aquaman,aquaman-2018,,2.5,Fantasy,Action,Adventure,,
fcbarcelona,Bumblebee,bumblebee,,3.5,Adventure,Action,Science Fiction,,
fcbarcelona,Bird Box,bird-box,,3.5,Thriller,Drama,Horror,,
fcbarcelona,Fantastic Beasts: The Crimes of Grindelwald,fantastic-beasts-the-crimes-of-grindelwald,,2.5,Fantasy,Adventure,,,
fcbarcelona,Bohemian Rhapsody,bohemian-rhapsody,,3.5,Music,Drama,,,
fcbarcelona,The Clovehitch Killer,the-clovehitch-killer,,2.5,Crime,Mystery,Drama,,
fcbarcelona,Green Book,green-book,,3.5,Drama,History,Comedy,,
fcbarcelona,Hotel Mumbai,hotel-mumbai,,3.0,Thriller,History,Action,Drama,
fcbarcelona,The Nun,the-nun-2018,,2.0,Horror,,,,
fcbarcelona,A Star Is Born,a-star-is-born-2018,,3.5,Music,Romance,Drama,,
fcbarcelona,Bodyguard,bodyguard-1,,4.5,Mystery,Crime,Drama,,
fcbarcelona,BlockheaDs Set My Friends On Fire,blockheads-set-my-friends-on-fire,,3.0,Comedy,Documentary,,,
fcbarcelona,14 Cameras,14-cameras,,3.0,Horror,Thriller,,,
fcbarcelona,How It Ends,how-it-ends,,3.0,Adventure,Science Fiction,Thriller,Action,Mystery
fcbarcelona,Burning,burning-2018,,3.0,Thriller,Mystery,Drama,,
fcbarcelona,Shéhérazade,sheherazade-2018,,3.5,Romance,Thriller,Drama,,
fcbarcelona,Under the Silver Lake,under-the-silver-lake,,3.5,Mystery,Crime,Drama,,
fcbarcelona,Evil Genius,evil-genius,,3.5,Documentary,Crime,Mystery,,
fcbarcelona,Arctic,arctic-2018,,3.0,Adventure,Drama,,,
fcbarcelona,MILF,milf-2018,,1.0,Comedy,Romance,,,
fcbarcelona,The Week Of,the-week-of,,3.5,Comedy,,,,
fcbarcelona,Avengers: Infinity War,avengers-infinity-war,,4.5,Action,Science Fiction,Adventure,,
fcbarcelona,Truth or Dare,truth-or-dare-2018,,3.0,Thriller,Horror,,,
fcbarcelona,Ready Player One,ready-player-one,,3.5,Science Fiction,Adventure,Action,,
fcbarcelona,Upgrade,upgrade,,3.5,Thriller,Science Fiction,Action,,
fcbarcelona,A Quiet Place,a-quiet-place-2018,,4.0,Drama,Science Fiction,Horror,,
fcbarcelona,The Strangers: Prey at Night,the-strangers-prey-at-night,,1.0,Horror,Thriller,,,
fcbarcelona,Beast of Burden,beast-of-burden,,1.0,Crime,Thriller,Drama,Action,
fcbarcelona,Isle of Dogs,isle-of-dogs-2018,,4.0,Comedy,Animation,Adventure,,
fcbarcelona,Game Night,game-night,,3.5,Mystery,Comedy,Crime,,
fcbarcelona,When We First Met,when-we-first-met,,3.5,Fantasy,Romance,Comedy,,
fcbarcelona,Black Panther,black-panther,,4.0,Adventure,Science Fiction,Action,,
fcbarcelona,The Open House,the-open-house,,1.0,Horror,Thriller,,,
fcbarcelona,Insidious: The Last Key,insidious-the-last-key,,2.5,Horror,Thriller,,,
fcbarcelona,Phantom Thread,phantom-thread,,3.0,Drama,Romance,,,
fcbarcelona,Star Wars: The Last Jedi,star-wars-the-last-jedi,,2.5,Adventure,Action,Science Fiction,,
fcbarcelona,Jumanji: Welcome to the Jungle,jumanji-welcome-to-the-jungle,,3.5,Action,Comedy,Fantasy,Adventure,
fcbarcelona,Forgotten,forgotten-2017,,3.5,Thriller,Crime,Mystery,,
fcbarcelona,Justice League,justice-league,,1.0,Adventure,Action,Science Fiction,,
fcbarcelona,Coco,coco-2017,,4.0,Adventure,Animation,Music,Family,
fcbarcelona,Creep 2,creep-2,,3.0,Thriller,Horror,,,
fcbarcelona,Thor: Ragnarok,thor-ragnarok,,3.5,Comedy,Science Fiction,Action,,
fcbarcelona,Kingsman: The Golden Circle,kingsman-the-golden-circle,,3.5,Crime,Action,Adventure,Comedy,
fcbarcelona,Revenge,revenge-2017,,2.0,Horror,Action,Thriller,Drama,
fcbarcelona,The Mountain Between Us,the-mountain-between-us,,3.0,Drama,Adventure,Romance,,
fcbarcelona,The Upside,the-upside,,3.0,Drama,Comedy,,,
fcbarcelona,The Ritual,the-ritual-2017,,3.5,Horror,Mystery,,,
fcbarcelona,Papillon,papillon-2017,,3.0,Adventure,Crime,Drama,,
fcbarcelona,Memoir of a Murderer,memoir-of-a-murderer,,3.0,Thriller,Mystery,Crime,,
fcbarcelona,It,it-2017,,3.5,Drama,Thriller,Horror,,
fcbarcelona,Death Note,death-note-2017,,0.5,Crime,Fantasy,Horror,,
fcbarcelona,The Snowman,the-snowman-2017,,1.0,Crime,Thriller,Mystery,Horror,
fcbarcelona,What Happened to Monday,what-happened-to-monday,,3.5,Science Fiction,Thriller,Action,Mystery,
fcbarcelona,The Layover,the-layover,,1.5,Comedy,Romance,,,
fcbarcelona,A Taxi Driver,a-taxi-driver,,3.5,Drama,History,Action,,
fcbarcelona,The Only Living Boy in New York,the-only-living-boy-in-new-york,,2.5,Drama,,,,
fcbarcelona,American Assassin,american-assassin,,3.0,Thriller,Action,Adventure,,
fcbarcelona,Spider-Man: Homecoming,spider-man-homecoming,,2.5,Action,Adventure,Science Fiction,,
fcbarcelona,Jungle,jungle-2017,,3.5,Drama,Adventure,Thriller,,
fcbarcelona,Good Time,good-time,,4.0,Drama,Crime,Thriller,,
fcbarcelona,Pirates of the Caribbean: Dead Men Tell No Tales,pirates-of-the-caribbean-dead-men-tell-no-tales,,2.0,Action,Fantasy,Adventure,,
fcbarcelona,The Killing of a Sacred Deer,the-killing-of-a-sacred-deer,,3.5,Mystery,Drama,Thriller,,
fcbarcelona,The Mummy,the-mummy-2017,,2.0,Action,Horror,Fantasy,Adventure,Thriller
fcbarcelona,Baywatch,baywatch,,1.5,Action,Crime,Comedy,,
fcbarcelona,Wonder Woman,wonder-woman-2017,,3.5,Action,Fantasy,Adventure,,
fcbarcelona,Power Rangers,power-rangers,,1.0,Adventure,Action,Science Fiction,,
fcbarcelona,Life,life-2017,,3.5,Science Fiction,Horror,Mystery,,
fcbarcelona,Hot Summer Nights,hot-summer-nights,,3.0,Drama,Crime,,,
fcbarcelona,Baby Driver,baby-driver,,2.5,Crime,Action,,,
fcbarcelona,John Wick: Chapter 2,john-wick-chapter-2,,3.5,Crime,Action,Thriller,,
fcbarcelona,Get Out,get-out-2017,,3.5,Horror,Mystery,Thriller,,
fcbarcelona,Wind River,wind-river-2017,,3.0,Drama,Mystery,Thriller,Crime,
fcbarcelona,Thoroughbreds,thoroughbreds-2017,,2.0,Thriller,Drama,,,
fcbarcelona,Berlin Syndrome,berlin-syndrome,,3.0,Mystery,Horror,Thriller,Drama,
fcbarcelona,Allied,allied,,3.5,Thriller,Drama,Romance,Action,War
fcbarcelona,Fantastic Beasts and Where to Find Them,fantastic-beasts-and-where-to-find-them,,3.5,Fantasy,Adventure,,,
fcbarcelona,Doctor Strange,doctor-strange-2016,,2.5,Fantasy,Action,Adventure,,
fcbarcelona,The Girl on the Train,the-girl-on-the-train-2016,,3.5,Thriller,Mystery,Crime,,
fcbarcelona,The Edge of Seventeen,the-edge-of-seventeen,,3.0,Drama,Comedy,,,
fcbarcelona,The Autopsy of Jane Doe,the-autopsy-of-jane-doe,,3.5,Horror,Mystery,,,
fcbarcelona,Hacksaw Ridge,hacksaw-ridge,,4.5,War,Drama,History,,
fcbarcelona,Wakefield,wakefield,,1.0,Drama,,,,
fcbarcelona,Nocturnal Animals,nocturnal-animals,,2.5,Drama,Thriller,,,
fcbarcelona,Moonlight,moonlight-2016,,4.5,Drama,,,,
fcbarcelona,La La Land,la-la-land,,4.5,Drama,Comedy,Romance,,
fcbarcelona,Imperium,imperium,,1.0,Drama,Crime,,,
fcbarcelona,War Dogs,war-dogs-2016,,3.0,Drama,Comedy,Crime,,
fcbarcelona,Suicide Squad,suicide-squad-2016,,1.5,Action,Adventure,Fantasy,,
fcbarcelona,Your Name.,your-name,,3.0,Romance,Animation,Drama,,
fcbarcelona,Mike and Dave Need Wedding Dates,mike-and-dave-need-wedding-dates,,3.0,Comedy,,,,
fcbarcelona,Lights Out,lights-out-2016,,2.0,Horror,,,,
fcbarcelona,Finding Dory,finding-dory,,1.0,Adventure,Animation,Family,,
fcbarcelona,Me Before You,me-before-you,,1.0,Drama,Romance,,,
fcbarcelona,Train to Busan,train-to-busan,,3.5,Thriller,Horror,Adventure,Action,
fcbarcelona,The Conjuring 2,the-conjuring-2,,4.0,Horror,,,,
fcbarcelona,The Wailing,the-wailing,,2.5,Horror,Mystery,,,
fcbarcelona,The Nice Guys,the-nice-guys,,3.0,Action,Comedy,Crime,,
fcbarcelona,Captain America: Civil War,captain-america-civil-war,,3.5,Adventure,Action,Science Fiction,,
fcbarcelona,Batman v Superman: Dawn of Justice,batman-v-superman-dawn-of-justice,,1.0,Action,Fantasy,Adventure,,
fcbarcelona,Don't Breathe,dont-breathe-2016,,3.5,Thriller,Crime,Horror,,
fcbarcelona,Hush,hush-2016,,3.5,Horror,Thriller,,,
fcbarcelona,10 Cloverfield Lane,10-cloverfield-lane,,4.0,Science Fiction,Thriller,Horror,Drama,
fcbarcelona,Deadpool,deadpool,,3.5,Action,Adventure,Comedy,,
fcbarcelona,Manchester by the Sea,manchester-by-the-sea,,4.0,Drama,,,,
fcbarcelona,Under the Shadow,under-the-shadow,,3.0,Horror,Drama,War,,
fcbarcelona,Dirty Grandpa,dirty-grandpa,,3.0,Comedy,,,,
fcbarcelona,The Revenant,the-revenant-2015,,3.5,Adventure,Western,Drama,,
fcbarcelona,Star Wars: The Force Awakens,star-wars-the-force-awakens,,3.5,Action,Adventure,Science Fiction,,
fcbarcelona,Concussion,concussion-2015,,1.0,Drama,,,,
fcbarcelona,The Hunger Games: Mockingjay – Part 2,the-hunger-games-mockingjay-part-2,,3.0,Adventure,Action,Science Fiction,,
fcbarcelona,Spectre,spectre-2015,,3.0,Action,Thriller,Adventure,,
fcbarcelona,Burnt,burnt,,2.0,Drama,,,,
fcbarcelona,The Intern,the-intern-2015,,3.5,Comedy,,,,
fcbarcelona,The Visit,the-visit-2015,,3.5,Horror,Thriller,,,
fcbarcelona,Legend,legend-2015,,1.0,Crime,Thriller,,,
fcbarcelona,We Are Your Friends,we-are-your-friends,,2.5,Comedy,Romance,Drama,Music,
fcbarcelona,Sinister 2,sinister-2,,2.5,Horror,,,,
fcbarcelona,The Gift,the-gift-2015-1,,3.0,Mystery,Drama,Thriller,,
fcbarcelona,13 Cameras,13-cameras,,3.0,Crime,Horror,Thriller,,
fcbarcelona,Self/less,self-less,,3.0,Science Fiction,Thriller,Action,,
fcbarcelona,Southpaw,southpaw-2015,,2.5,Drama,Action,,,
fcbarcelona,Jurassic World,jurassic-world,,3.5,Adventure,Thriller,Science Fiction,,
fcbarcelona,Insidious: Chapter 3,insidious-chapter-3,,3.0,Horror,Thriller,,,
fcbarcelona,Circle,circle-2015,,3.5,Thriller,Mystery,Science Fiction,Horror,
fcbarcelona,Mad Max: Fury Road,mad-max-fury-road,,4.5,Science Fiction,Adventure,Action,,
fcbarcelona,Avengers: Age of Ultron,avengers-age-of-ultron,,3.5,Science Fiction,Action,Adventure,,
fcbarcelona,The Age of Adaline,the-age-of-adaline,,3.0,Drama,Fantasy,Romance,,
fcbarcelona,Furious 7,furious-7,,4.0,Thriller,Crime,Action,,
fcbarcelona,The Invitation,the-invitation-2015,,4.0,Horror,Thriller,,,
fcbarcelona,Focus,focus-2015,,3.0,Crime,Comedy,Romance,,
fcbarcelona,Project Almanac,project-almanac,,3.5,Science Fiction,Thriller,,,
fcbarcelona,The Stanford Prison Experiment,the-stanford-prison-experiment,,3.5,History,Drama,Thriller,,
fcbarcelona,Z for Zachariah,z-for-zachariah-2015,,2.0,Drama,Science Fiction,Romance,Thriller,
fcbarcelona,Dope,dope-2015,,3.0,Drama,Comedy,Crime,,
fcbarcelona,Knock Knock,knock-knock-2015,,1.0,Horror,Thriller,,,
fcbarcelona,Ex Machina,ex-machina-2015,,3.5,Science Fiction,Drama,,,
fcbarcelona,The Last: Naruto the Movie,the-last-naruto-the-movie,,3.5,Action,Animation,Romance,,
fcbarcelona,Exodus: Gods and Kings,exodus-gods-and-kings,,2.5,Drama,Action,Adventure,,
fcbarcelona,The Hunger Games: Mockingjay – Part 1,the-hunger-games-mockingjay-part-1,,3.0,Thriller,Science Fiction,Adventure,,
fcbarcelona,Interstellar,interstellar,,5.0,Science Fiction,Drama,Adventure,,
fcbarcelona,Fury,fury-2014,,3.5,War,Drama,Action,,
fcbarcelona,Dracula Untold,dracula-untold,,3.0,Fantasy,Horror,Action,,
fcbarcelona,Annabelle,annabelle,,3.5,Horror,,,,
fcbarcelona,Two Night Stand,two-night-stand,,3.0,Romance,Comedy,,,
fcbarcelona,Gone Girl,gone-girl,,4.5,Drama,Mystery,Thriller,,
fcbarcelona,John Wick,john-wick,,4.0,Action,Thriller,,,
fcbarcelona,The Maze Runner,the-maze-runner,,3.5,Science Fiction,Thriller,Action,Mystery,
fcbarcelona,This Is Where I Leave You,this-is-where-i-leave-you,,3.5,Comedy,Drama,,,
fcbarcelona,The Equalizer,the-equalizer,,3.5,Crime,Action,Thriller,,
fcbarcelona,While We're Young,while-were-young,,2.0,Comedy,Drama,,,
fcbarcelona,Nightcrawler,nightcrawler,,4.0,Crime,Drama,Thriller,,
fcbarcelona,The Drop,the-drop-2014,,3.5,Drama,Crime,,,
fcbarcelona,The Imitation Game,the-imitation-game,,4.0,Drama,War,Thriller,History,
fcbarcelona,"As Above, So Below",as-above-so-below-2014,,3.5,Horror,Thriller,,,
fcbarcelona,Guardians of the Galaxy,guardians-of-the-galaxy,,2.5,Adventure,Action,Science Fiction,,
fcbarcelona,Lucy,lucy-2014,,3.0,Action,Science Fiction,,,
fcbarcelona,Transformers: Age of Extinction,transformers-age-of-extinction,,3.0,Science Fiction,Adventure,Action,,
fcbarcelona,The Longest Week,the-longest-week,,2.5,Comedy,Drama,,,
fcbarcelona,22 Jump Street,22-jump-street,,3.5,Action,Crime,Comedy,,
fcbarcelona,Maleficent,maleficent,,3.0,Romance,Fantasy,Action,Adventure,Family
fcbarcelona,Edge of Tomorrow,edge-of-tomorrow,,3.5,Science Fiction,Action,,,
fcbarcelona,It Follows,it-follows,,3.5,Horror,Mystery,,,
fcbarcelona,The Captive,the-captive-2014,,2.0,Thriller,Crime,Drama,,
fcbarcelona,X-Men: Days of Future Past,x-men-days-of-future-past,,4.0,Action,Science Fiction,Adventure,,
fcbarcelona,The Amazing Spider-Man 2,the-amazing-spider-man-2,,1.0,Science Fiction,Action,Adventure,,
fcbarcelona,Captain America: The Winter Soldier,captain-america-the-winter-soldier,,3.5,Adventure,Science Fiction,Action,,
fcbarcelona,Neighbors,neighbors-2014,,3.0,Comedy,,,,
fcbarcelona,Creep,creep-2014,,3.5,Horror,Thriller,,,
fcbarcelona,Noah,noah,,2.0,Drama,Adventure,,,
fcbarcelona,The Two Faces of January,the-two-faces-of-january,,2.5,Thriller,,,,
fcbarcelona,The Grand Budapest Hotel,the-grand-budapest-hotel,,5.0,Comedy,Drama,,,
fcbarcelona,That Awkward Moment,that-awkward-moment,,3.0,Comedy,Romance,,,
fcbarcelona,Non-Stop,non-stop-2014,,2.5,Thriller,Mystery,Action,,
fcbarcelona,Boyhood,boyhood,,4.0,Drama,,,,
fcbarcelona,Whiplash,whiplash-2014,,5.0,Drama,Music,Thriller,,
fcbarcelona,Paranormal Activity: The Marked Ones,paranormal-activity-the-marked-ones,,3.5,Horror,Thriller,,,
fcbarcelona,The Wolf of Wall Street,the-wolf-of-wall-street,,4.5,Comedy,Drama,Crime,,
fcbarcelona,Frozen,frozen-2013,,3.5,Fantasy,Animation,Adventure,Family,
fcbarcelona,The Hunger Games: Catching Fire,the-hunger-games-catching-fire,,4.0,Science Fiction,Adventure,Action,,
fcbarcelona,Lone Survivor,lone-survivor,,3.5,War,Action,Drama,,
fcbarcelona,Carrie,carrie-2013,,3.0,Drama,Horror,,,
fcbarcelona,Her,her,,3.0,Science Fiction,Romance,Drama,,
fcbarcelona,Captain Phillips,captain-phillips,,3.5,Action,Drama,Thriller,,
fcbarcelona,Coherence,coherence,,3.5,Science Fiction,Thriller,,,
fcbarcelona,Insidious: Chapter 2,insidious-chapter-2,,3.5,Thriller,Horror,,,
fcbarcelona,The Family,the-family-2013,,3.0,Comedy,Action,Crime,,
fcbarcelona,Enemy,enemy,,3.0,Mystery,Thriller,,,
fcbarcelona,Dallas Buyers Club,dallas-buyers-club,,3.5,History,Drama,,,
fcbarcelona,What If,what-if-2013,,2.5,Drama,Romance,Comedy,,
fcbarcelona,Begin Again,begin-again,,3.0,Comedy,Drama,Music,Romance,
fcbarcelona,Horns,horns,,3.0,Fantasy,Thriller,Drama,,
fcbarcelona,Locke,locke,,1.0,Thriller,Drama,,,
fcbarcelona,Prisoners,prisoners,,5.0,Thriller,Crime,Drama,,
fcbarcelona,Under the Skin,under-the-skin-2013,,2.5,Science Fiction,Thriller,Horror,Drama,
fcbarcelona,Gravity,gravity-2013,,3.5,Thriller,Science Fiction,Drama,,
fcbarcelona,Percy Jackson: Sea of Monsters,percy-jackson-sea-of-monsters,,1.5,Fantasy,Adventure,Family,,
fcbarcelona,We're the Millers,were-the-millers,,3.5,Comedy,Crime,,,
fcbarcelona,Snowpiercer,snowpiercer,,3.0,Drama,Action,Science Fiction,,
fcbarcelona,About Time,about-time,,4.5,Drama,Fantasy,Romance,,
fcbarcelona,The Lone Ranger,the-lone-ranger,,2.0,Western,Action,Adventure,,
fcbarcelona,Man of Steel,man-of-steel,,3.0,Action,Adventure,Science Fiction,,
fcbarcelona,The Conjuring,the-conjuring,,4.0,Horror,Thriller,,,
fcbarcelona,The Purge,the-purge,,4.0,Thriller,Science Fiction,Horror,,
fcbarcelona,Now You See Me,now-you-see-me,,3.0,Thriller,Crime,,,
fcbarcelona,Fast & Furious 6,fast-furious-6,,3.5,Action,Crime,Thriller,,
fcbarcelona,Star Trek Into Darkness,star-trek-into-darkness,,3.0,Science Fiction,Adventure,Action,,
fcbarcelona,The Great Gatsby,the-great-gatsby-2013,,3.5,Drama,Romance,,,
fcbarcelona,The Big Wedding,the-big-wedding,,1.0,Comedy,,,,
fcbarcelona,Iron Man 3,iron-man-3,,3.0,Action,Adventure,Science Fiction,,
fcbarcelona,Olympus Has Fallen,olympus-has-fallen,,3.0,Thriller,Action,,,
fcbarcelona,Side Effects,side-effects-2013,,2.5,Crime,Drama,Thriller,,
fcbarcelona,Charlie Countryman,charlie-countryman,,3.5,Drama,Romance,Thriller,Action,Comedy
fcbarcelona,Before Midnight,before-midnight,,4.0,Drama,Romance,,,
fcbarcelona,Don Jon,don-jon,,4.0,Comedy,Romance,Drama,,
fcbarcelona,The Spectacular Now,the-spectacular-now,,3.5,Romance,Drama,Comedy,,
fcbarcelona,This Is 40,this-is-40,,2.5,Comedy,,,,
fcbarcelona,Django Unchained,django-unchained,,5.0,Drama,Western,,,
fcbarcelona,Skyfall,skyfall,,4.0,Adventure,Thriller,Action,,
fcbarcelona,Paranormal Activity 4,paranormal-activity-4,,2.0,Horror,,,,
fcbarcelona,Looper,looper,,3.5,Thriller,Science Fiction,Action,,
fcbarcelona,The Perks of Being a Wallflower,the-perks-of-being-a-wallflower,,4.0,Drama,,,,
fcbarcelona,End of Watch,end-of-watch,,4.0,Drama,Thriller,Crime,,
fcbarcelona,Silver Linings Playbook,silver-linings-playbook,,4.5,Romance,Drama,Comedy,,
fcbarcelona,The Place Beyond the Pines,the-place-beyond-the-pines,,3.5,Drama,Crime,,,
fcbarcelona,Premium Rush,premium-rush,,2.0,Thriller,Crime,Action,,
fcbarcelona,The Dark Knight Rises,the-dark-knight-rises,,3.5,Thriller,Crime,Drama,Action,
fcbarcelona,The Amazing Spider-Man,the-amazing-spider-man,,1.0,Science Fiction,Adventure,Action,,
fcbarcelona,Seeking a Friend for the End of the World,seeking-a-friend-for-the-end-of-the-world,,3.5,Comedy,Romance,Adventure,Drama,
fcbarcelona,Ted,ted,,3.0,Comedy,Fantasy,,,
fcbarcelona,That's My Boy,thats-my-boy-2012,,3.0,Comedy,,,,
fcbarcelona,Chernobyl Diaries,chernobyl-diaries,,3.5,Thriller,Horror,,,
fcbarcelona,The Hunt,the-hunt-2012,,3.5,Drama,,,,
fcbarcelona,Lawless,lawless,,3.0,Western,Crime,Drama,,
fcbarcelona,Men in Black 3,men-in-black-3,,3.0,Comedy,Action,Science Fiction,,
fcbarcelona,The Avengers,the-avengers-2012,,4.5,Science Fiction,Adventure,Action,,
fcbarcelona,Wrath of the Titans,wrath-of-the-titans,,2.5,Action,Fantasy,Adventure,,
fcbarcelona,The Hunger Games,the-hunger-games,,2.5,Action,Science Fiction,Thriller,Adventure,
fcbarcelona,21 Jump Street,21-jump-street,,3.5,Crime,Action,Comedy,,
fcbarcelona,Sinister,sinister,,5.0,Thriller,Horror,Mystery,,
fcbarcelona,Red Lights,red-lights-2012,,3.0,Thriller,,,,
fcbarcelona,John Carter,john-carter,,3.5,Science Fiction,Adventure,Action,,
fcbarcelona,Flight,flight,,3.0,Drama,,,,
fcbarcelona,The Woman in Black,the-woman-in-black-2012,,3.0,Drama,Horror,Thriller,,
fcbarcelona,Chronicle,chronicle,,3.0,Thriller,Science Fiction,Drama,,
fcbarcelona,The Best Exotic Marigold Hotel,the-best-exotic-marigold-hotel,,2.5,Drama,Comedy,,,
fcbarcelona,Sherlock Holmes: A Game of Shadows,sherlock-holmes-a-game-of-shadows,,4.0,Action,Mystery,Adventure,,
fcbarcelona,Jack and Jill,jack-and-jill,,1.0,Comedy,Family,,,
fcbarcelona,In Time,in-time,,2.5,Thriller,Science Fiction,Action,,
fcbarcelona,Paranormal Activity 3,paranormal-activity-3,,1.0,Horror,Mystery,,,
fcbarcelona,Retreat,retreat,,3.0,Drama,Horror,Thriller,,
fcbarcelona,The Rum Diary,the-rum-diary,,3.0,Comedy,Drama,,,
fcbarcelona,Hugo,hugo,,3.5,Adventure,Family,Drama,,
fcbarcelona,Real Steel,real-steel,,2.0,Drama,Action,Science Fiction,,
fcbarcelona,Moneyball,moneyball,,3.0,Drama,,,,
fcbarcelona,The Intouchables,the-intouchables,,4.0,Drama,Comedy,,,
fcbarcelona,You're Next,youre-next,,3.0,Thriller,Mystery,Horror,,
fcbarcelona,Warrior,warrior,,4.0,Action,Drama,,,
fcbarcelona,Fright Night,fright-night-2011,,3.0,Comedy,Horror,,,
fcbarcelona,Captain America: The First Avenger,captain-america-the-first-avenger,,2.5,Action,Adventure,Science Fiction,,
fcbarcelona,"Crazy, Stupid, Love.",crazy-stupid-love,,3.5,Comedy,Romance,Drama,,
fcbarcelona,Harry Potter and the Deathly Hallows: Part 2,harry-potter-and-the-deathly-hallows-part-2,,4.5,Fantasy,Adventure,,,
fcbarcelona,Horrible Bosses,horrible-bosses,,3.0,Crime,Comedy,,,
fcbarcelona,Transformers: Dark of the Moon,transformers-dark-of-the-moon,,3.5,Adventure,Action,Science Fiction,,
fcbarcelona,Green Lantern,green-lantern,,1.0,Action,Adventure,Science Fiction,,
fcbarcelona,Super 8,super-8,,4.0,Thriller,Science Fiction,Mystery,,
fcbarcelona,Kung Fu Panda 2,kung-fu-panda-2,,3.5,Family,Animation,Comedy,,
fcbarcelona,X-Men: First Class,x-men-first-class,,4.0,Science Fiction,Adventure,Action,,
fcbarcelona,Drive,drive-2011,,4.0,Thriller,Drama,Crime,,
fcbarcelona,The Skin I Live In,the-skin-i-live-in,,3.5,Horror,Drama,Mystery,Thriller,
fcbarcelona,Midnight in Paris,midnight-in-paris,,4.5,Comedy,Fantasy,Romance,,
fcbarcelona,Pirates of the Caribbean: On Stranger Tides,pirates-of-the-caribbean-on-stranger-tides,,3.0,Adventure,Fantasy,Action,,
fcbarcelona,Thor,thor,,2.0,Action,Adventure,Fantasy,,
fcbarcelona,Fast Five,fast-five,,4.0,Crime,Thriller,Action,,
fcbarcelona,Hanna,hanna,,3.0,Thriller,Action,Adventure,,
fcbarcelona,Source Code,source-code,,3.5,Science Fiction,Mystery,Thriller,,
fcbarcelona,Limitless,limitless,,3.5,Thriller,Science Fiction,Mystery,,
fcbarcelona,I Am Number Four,i-am-number-four,,3.0,Adventure,Action,Science Fiction,Thriller,
fcbarcelona,Just Go with It,just-go-with-it,,3.5,Comedy,Romance,,,
fcbarcelona,The Details,the-details,,3.0,Drama,Comedy,,,
fcbarcelona,The Green Hornet,the-green-hornet,,3.0,Crime,Comedy,Action,,
fcbarcelona,The Tourist,the-tourist,,2.5,Romance,Action,Thriller,,
fcbarcelona,TRON: Legacy,tron-legacy,,3.5,Adventure,Science Fiction,Action,,
fcbarcelona,Tangled,tangled-2010,,4.0,Family,Adventure,Animation,,
fcbarcelona,Love & Other Drugs,love-other-drugs,,3.5,Comedy,Drama,Romance,,
fcbarcelona,Harry Potter and the Deathly Hallows: Part 1,harry-potter-and-the-deathly-hallows-part-1,,4.5,Adventure,Fantasy,,,
fcbarcelona,Don't Be Afraid of the Dark,dont-be-afraid-of-the-dark-2010,,1.0,Fantasy,Horror,Thriller,,
fcbarcelona,Unstoppable,unstoppable-2010,,3.5,Thriller,Action,,,
fcbarcelona,Due Date,due-date,,3.0,Comedy,Drama,,,
fcbarcelona,Megamind,megamind,,3.5,Comedy,Science Fiction,Action,Family,Animation
fcbarcelona,Paranormal Activity 2,paranormal-activity-2,,1.0,Horror,Mystery,,,
fcbarcelona,The Social Network,the-social-network,,4.0,Drama,,,,
fcbarcelona,Devil,devil,,3.5,Horror,Thriller,Mystery,,
fcbarcelona,Insidious,insidious,,4.0,Horror,Thriller,,,
fcbarcelona,The King's Speech,the-kings-speech,,3.0,History,Drama,,,
fcbarcelona,127 Hours,127-hours,,3.5,Adventure,Thriller,Drama,,
fcbarcelona,Black Swan,black-swan,,4.0,Drama,Thriller,Horror,,
fcbarcelona,The Switch,the-switch,,3.0,Romance,Drama,Comedy,,
fcbarcelona,Charlie St. Cloud,charlie-st-cloud,,3.5,Romance,Drama,,,
fcbarcelona,Flipped,flipped,,3.0,Drama,Romance,,,
fcbarcelona,Salt,salt-2010,,2.0,Mystery,Thriller,Action,,
fcbarcelona,The Sorcerer's Apprentice,the-sorcerers-apprentice-2010,,3.0,Fantasy,Action,Adventure,,
fcbarcelona,The Last Airbender,the-last-airbender,,0.5,Fantasy,Action,Adventure,,
fcbarcelona,Grown Ups,grown-ups,,3.5,Comedy,,,,
fcbarcelona,Toy Story 3,toy-story-3,,5.0,Comedy,Family,Animation,,
fcbarcelona,The Karate Kid,the-karate-kid-2010,,3.5,Drama,Action,Family,Adventure,
fcbarcelona,Despicable Me,despicable-me,,3.0,Animation,Science Fiction,Comedy,Family,Crime
fcbarcelona,Killers,killers-2010,,3.0,Thriller,Action,Comedy,Romance,
fcbarcelona,Prince of Persia: The Sands of Time,prince-of-persia-the-sands-of-time,,2.5,Action,Fantasy,Adventure,,
fcbarcelona,Iron Man 2,iron-man-2,,3.0,Adventure,Science Fiction,Action,,
fcbarcelona,Clash of the Titans,clash-of-the-titans-2010,,3.5,Action,Adventure,Fantasy,,
fcbarcelona,How to Train Your Dragon,how-to-train-your-dragon,,3.5,Fantasy,Family,Adventure,Animation,
fcbarcelona,The Bounty Hunter,the-bounty-hunter,,3.5,Action,Romance,Comedy,,
fcbarcelona,She's Out of My League,shes-out-of-my-league,,3.0,Comedy,Romance,,,
fcbarcelona,Alice in Wonderland,alice-in-wonderland-2010,,3.5,Fantasy,Family,Adventure,,
fcbarcelona,Shutter Island,shutter-island,,4.5,Mystery,Drama,Thriller,,
fcbarcelona,Percy Jackson & the Olympians: The Lightning Thief,percy-jackson-the-olympians-the-lightning-thief,,2.5,Adventure,Fantasy,Family,,
fcbarcelona,Legion,legion-2010,,3.0,Fantasy,Horror,Action,,
fcbarcelona,Tooth Fairy,tooth-fairy-2010,,1.5,Fantasy,Comedy,Family,,
fcbarcelona,Sherlock Holmes,sherlock-holmes-2009,,4.0,Mystery,Adventure,Crime,,
fcbarcelona,Avatar,avatar,,2.5,Adventure,Science Fiction,Action,,
fcbarcelona,Everybody's Fine,everybodys-fine-2009,,3.5,Drama,,,,
fcbarcelona,The Lovely Bones,the-lovely-bones,,3.5,Fantasy,Drama,,,
fcbarcelona,Brothers,brothers-2009,,3.0,Drama,War,Thriller,,
fcbarcelona,The Twilight Saga: New Moon,the-twilight-saga-new-moon,,1.5,Romance,Drama,Adventure,Fantasy,
fcbarcelona,Fantastic Mr. Fox,fantastic-mr-fox,,3.0,Comedy,Animation,Family,Adventure,
fcbarcelona,2012,2012,,3.5,Adventure,Action,Science Fiction,,
fcbarcelona,Zombieland,zombieland,,3.5,Comedy,Horror,,,
fcbarcelona,The Rebound,the-rebound,,2.5,Romance,Comedy,,,
fcbarcelona,Mr. Nobody,mr-nobody,,3.5,Romance,Drama,Science Fiction,,
fcbarcelona,Daybreakers,daybreakers,,3.5,Action,Science Fiction,Fantasy,,
fcbarcelona,Jennifer's Body,jennifers-body,,3.0,Horror,Comedy,,,
fcbarcelona,Harry Potter and the Half-Blood Prince,harry-potter-and-the-half-blood-prince,,3.5,Adventure,Fantasy,,,
fcbarcelona,Transformers: Revenge of the Fallen,transformers-revenge-of-the-fallen,,3.5,Action,Adventure,Science Fiction,,
fcbarcelona,The Hangover,the-hangover,,3.5,Comedy,,,,
fcbarcelona,Inglourious Basterds,inglourious-basterds,,4.5,War,Drama,Thriller,,
fcbarcelona,A Prophet,a-prophet,,3.5,Crime,Drama,,,
fcbarcelona,Star Trek,star-trek,,3.5,Action,Science Fiction,Adventure,,
fcbarcelona,Fast & Furious,fast-furious,,3.0,Action,Thriller,Crime,,
fcbarcelona,The Haunting in Connecticut,the-haunting-in-connecticut,,3.0,Horror,Thriller,,,
fcbarcelona,"I Love You, Man",i-love-you-man,,3.0,Comedy,Romance,,,
fcbarcelona,17 Again,17-again,,4.0,Comedy,Fantasy,Drama,Romance,
fcbarcelona,Dragonball Evolution,dragonball-evolution,,0.5,Thriller,Action,Science Fiction,Adventure,Fantasy
fcbarcelona,The Pink Panther 2,the-pink-panther-2,,3.0,Mystery,Comedy,,,
fcbarcelona,The Uninvited,the-uninvited-2009,,3.5,Horror,,,,
fcbarcelona,Adventureland,adventureland,,3.5,Romance,Comedy,Drama,,
fcbarcelona,(500) Days of Summer,500-days-of-summer,,4.0,Romance,Comedy,Drama,,
fcbarcelona,Defiance,defiance,,3.5,War,Action,History,Drama,
fcbarcelona,Marley & Me,marley-me,,3.5,Family,Comedy,,,
fcbarcelona,Bedtime Stories,bedtime-stories,,3.0,Fantasy,Comedy,Romance,Family,
fcbarcelona,Seven Pounds,seven-pounds,,3.5,Drama,,,,
fcbarcelona,Inkheart,inkheart,,2.0,Family,Adventure,Fantasy,,
fcbarcelona,The Curious Case of Benjamin Button,the-curious-case-of-benjamin-button,,3.5,Drama,Romance,Fantasy,,
fcbarcelona,Quantum of Solace,quantum-of-solace,,3.0,Thriller,Action,Adventure,,
fcbarcelona,Eagle Eye,eagle-eye,,3.5,Action,Thriller,Mystery,,
fcbarcelona,Keith,keith,,3.0,Romance,Drama,,,
fcbarcelona,Slumdog Millionaire,slumdog-millionaire,,3.5,Drama,Romance,,,
fcbarcelona,Vicky Cristina Barcelona,vicky-cristina-barcelona,,3.5,Romance,Drama,,,
fcbarcelona,The Dark Knight,the-dark-knight,,5.0,Thriller,Action,Crime,,
fcbarcelona,WALL·E,walle,,3.5,Animation,Science Fiction,Family,,
fcbarcelona,Hancock,hancock,,3.0,Fantasy,Action,,,
fcbarcelona,Get Smart,get-smart,,3.0,Action,Thriller,Comedy,,
fcbarcelona,The Incredible Hulk,the-incredible-hulk,,3.0,Science Fiction,Action,Adventure,,
fcbarcelona,Wanted,wanted-2008,,3.5,Crime,Action,Thriller,,
fcbarcelona,The Strangers,the-strangers,,4.0,Thriller,Horror,,,
fcbarcelona,Indiana Jones and the Kingdom of the Crystal Skull,indiana-jones-and-the-kingdom-of-the-crystal-skull,,3.5,Adventure,Action,,,
fcbarcelona,Kung Fu Panda,kung-fu-panda,,3.5,Comedy,Drama,Family,Animation,Action
fcbarcelona,The Boy in the Striped Pyjamas,the-boy-in-the-striped-pyjamas,,3.5,War,History,Drama,,
fcbarcelona,Iron Man,iron-man-2008,,4.0,Adventure,Science Fiction,Action,,
fcbarcelona,Forgetting Sarah Marshall,forgetting-sarah-marshall,,3.5,Drama,Comedy,Romance,,
fcbarcelona,21,21,,3.5,Crime,Drama,,,
fcbarcelona,The Other Boleyn Girl,the-other-boleyn-girl,,3.0,Romance,Drama,History,,
fcbarcelona,Jumper,jumper,,3.5,Science Fiction,Adventure,Action,,
fcbarcelona,Let the Right One In,let-the-right-one-in,,3.5,Horror,Drama,,,
fcbarcelona,I Am Legend,i-am-legend,,3.5,Drama,Thriller,Science Fiction,,
fcbarcelona,Awake,awake,,3.0,Mystery,Crime,Thriller,,
fcbarcelona,American Gangster,american-gangster,,4.0,Crime,Drama,,,
fcbarcelona,Timecrimes,timecrimes,,3.5,Science Fiction,Thriller,,,
fcbarcelona,Paranormal Activity,paranormal-activity,,3.0,Horror,Mystery,,,
fcbarcelona,December Boys,december-boys,,1.0,Romance,Drama,,,
fcbarcelona,Eastern Promises,eastern-promises,,3.5,Thriller,Mystery,Crime,,
fcbarcelona,The Darjeeling Limited,the-darjeeling-limited,,3.5,Comedy,Adventure,Drama,,
fcbarcelona,Into the Wild,into-the-wild,,3.5,Drama,Adventure,,,
fcbarcelona,Superbad,superbad,,4.5,Comedy,,,,
fcbarcelona,Rush Hour 3,rush-hour-3,,3.5,Action,Comedy,Crime,,
fcbarcelona,An American Crime,an-american-crime,,3.5,Horror,Drama,Crime,,
fcbarcelona,I Now Pronounce You Chuck & Larry,i-now-pronounce-you-chuck-larry,,3.0,Comedy,Romance,,,
fcbarcelona,Harry Potter and the Order of the Phoenix,harry-potter-and-the-order-of-the-phoenix,,4.0,Adventure,Fantasy,,,
fcbarcelona,Ratatouille,ratatouille,,5.0,Family,Fantasy,Animation,Comedy,
fcbarcelona,Death Proof,death-proof,,3.0,Thriller,Action,,,
fcbarcelona,No Country for Old Men,no-country-for-old-men,,4.0,Crime,Thriller,Western,,
fcbarcelona,Pirates of the Caribbean: At World's End,pirates-of-the-caribbean-at-worlds-end,,4.5,Adventure,Action,Fantasy,,
fcbarcelona,Watching the Detectives,watching-the-detectives,,3.0,Romance,Comedy,,,
fcbarcelona,Vacancy,vacancy-2007,,3.5,Thriller,Horror,,,
fcbarcelona,Spider-Man 3,spider-man-3,,3.5,Science Fiction,Action,Adventure,,
fcbarcelona,The Invisible,the-invisible,,3.0,Mystery,Fantasy,Thriller,,
fcbarcelona,Disturbia,disturbia,,4.0,Drama,Mystery,Thriller,,
fcbarcelona,Sunshine,sunshine-2007,,2.5,Science Fiction,Thriller,,,
fcbarcelona,Meet the Robinsons,meet-the-robinsons,,3.5,Animation,Family,Comedy,Science Fiction,Adventure
fcbarcelona,Dead Silence,dead-silence,,3.0,Horror,,,,
fcbarcelona,Zodiac,zodiac,,3.0,Crime,Mystery,Thriller,,
fcbarcelona,The Number 23,the-number-23,,3.0,Thriller,Mystery,Crime,,
fcbarcelona,Bridge to Terabithia,bridge-to-terabithia,,3.5,Adventure,Family,Drama,,
fcbarcelona,Jump In!,jump-in,,3.0,Drama,Romance,Comedy,,
fcbarcelona,Eragon,eragon,,1.0,Family,Adventure,Fantasy,Action,
fcbarcelona,The Pursuit of Happyness,the-pursuit-of-happyness,,4.5,Drama,,,,
fcbarcelona,Blood Diamond,blood-diamond,,4.0,Action,Thriller,Drama,,
fcbarcelona,Casino Royale,casino-royale-2006,,3.5,Thriller,Action,Adventure,,
fcbarcelona,The Prestige,the-prestige,,4.5,Science Fiction,Drama,Mystery,,
fcbarcelona,The Departed,the-departed,,4.5,Thriller,Crime,Drama,,
fcbarcelona,The Covenant,the-covenant,,1.5,Horror,Action,Adventure,Fantasy,
fcbarcelona,Children of Men,children-of-men,,3.5,Science Fiction,Thriller,Action,,
fcbarcelona,Pirates of the Caribbean: Dead Man's Chest,pirates-of-the-caribbean-dead-mans-chest,,5.0,Action,Adventure,Fantasy,,
fcbarcelona,Click,click,,3.5,Fantasy,Drama,Comedy,,
fcbarcelona,Superman Returns,superman-returns,,2.5,Adventure,Action,Science Fiction,,
fcbarcelona,The Fast and the Furious: Tokyo Drift,the-fast-and-the-furious-tokyo-drift,,4.0,Crime,Action,Drama,Thriller,
fcbarcelona,Pan's Labyrinth,pans-labyrinth,,3.5,War,Drama,Fantasy,,
fcbarcelona,The Break-Up,the-break-up,,3.0,Comedy,Romance,,,
fcbarcelona,Inside Man,inside-man,,3.0,Crime,Drama,Thriller,,
fcbarcelona,The Pink Panther,the-pink-panther,,3.5,Crime,Adventure,Comedy,Mystery,Family
fcbarcelona,Final Destination 3,final-destination-3,,3.0,Mystery,Horror,,,
fcbarcelona,Little Miss Sunshine,little-miss-sunshine,,4.5,Drama,Comedy,,,
fcbarcelona,King Kong,king-kong-2005,,3.5,Action,Adventure,Drama,,
fcbarcelona,Zathura: A Space Adventure,zathura-a-space-adventure,,3.0,Adventure,Family,Science Fiction,,
fcbarcelona,Harry Potter and the Goblet of Fire,harry-potter-and-the-goblet-of-fire,,5.0,Adventure,Fantasy,,,
fcbarcelona,Just Like Heaven,just-like-heaven,,3.0,Romance,Fantasy,Comedy,,
fcbarcelona,Imagine Me & You,imagine-me-you,,3.0,Drama,Comedy,Romance,,
fcbarcelona,Goal!,goal-2005,,4.0,Drama,,,,
fcbarcelona,The Exorcism of Emily Rose,the-exorcism-of-emily-rose,,3.0,Horror,Drama,Thriller,Crime,
fcbarcelona,Tsotsi,tsotsi,,3.0,Crime,Drama,,,
fcbarcelona,Red Eye,red-eye,,3.5,Mystery,Thriller,,,
fcbarcelona,Sky High,sky-high-2005,,3.5,Adventure,Family,Comedy,,
fcbarcelona,Charlie and the Chocolate Factory,charlie-and-the-chocolate-factory,,3.5,Comedy,Adventure,Fantasy,Family,
fcbarcelona,Fantastic Four,fantastic-four-2005,,3.5,Science Fiction,Action,Fantasy,,
fcbarcelona,Mr. & Mrs. Smith,mr-mrs-smith-2005,,3.5,Drama,Thriller,Action,Comedy,
fcbarcelona,Cinderella Man,cinderella-man,,3.5,History,Romance,Drama,,
fcbarcelona,Batman Begins,batman-begins,,4.0,Crime,Action,Drama,,
fcbarcelona,The Longest Yard,the-longest-yard-2005,,3.5,Crime,Drama,Comedy,,
fcbarcelona,Match Point,match-point,,3.5,Romance,Thriller,Drama,,
fcbarcelona,Star Wars: Episode III – Revenge of the Sith,star-wars-episode-iii-revenge-of-the-sith,,3.5,Science Fiction,Adventure,Action,,
fcbarcelona,The Sandlot 2,the-sandlot-2,,3.5,Comedy,Family,,,
fcbarcelona,The Descent,the-descent,,3.0,Horror,Adventure,,,
fcbarcelona,Robots,robots,,3.0,Science Fiction,Animation,Comedy,Family,
fcbarcelona,The Pacifier,the-pacifier,,3.0,Action,Family,Comedy,,
fcbarcelona,Hitch,hitch-2005,,3.5,Romance,Comedy,Drama,,
fcbarcelona,Unleashed,unleashed,,3.0,Action,Crime,,,
fcbarcelona,In Good Company,in-good-company-2004,,3.0,Drama,Romance,Comedy,,
fcbarcelona,Lemony Snicket's A Series of Unfortunate Events,lemony-snickets-a-series-of-unfortunate-events,,3.5,Adventure,Family,Comedy,,
fcbarcelona,The Incredibles,the-incredibles,,4.0,Animation,Family,Adventure,Action,
fcbarcelona,Howl's Moving Castle,howls-moving-castle,,3.0,Animation,Fantasy,Adventure,,
fcbarcelona,AVP: Alien vs. Predator,avp-alien-vs-predator,,3.5,Science Fiction,Adventure,Action,Horror,
fcbarcelona,"I, Robot",i-robot,,3.5,Action,Science Fiction,,,
fcbarcelona,Spider-Man 2,spider-man-2,,5.0,Action,Science Fiction,Adventure,,
fcbarcelona,The Terminal,the-terminal,,4.0,Comedy,Drama,,,
fcbarcelona,Harry Potter and the Prisoner of Azkaban,harry-potter-and-the-prisoner-of-azkaban,,5.0,Adventure,Fantasy,,,
fcbarcelona,The Notebook,the-notebook,,4.0,Romance,Drama,,,
fcbarcelona,The Day After Tomorrow,the-day-after-tomorrow,,3.5,Thriller,Science Fiction,Adventure,,
fcbarcelona,Troy,troy,,4.0,Action,History,War,,
fcbarcelona,Mean Girls,mean-girls,,4.0,Comedy,Drama,,,
fcbarcelona,Kill Bill: Vol. 2,kill-bill-vol-2,,4.5,Thriller,Action,Crime,,
fcbarcelona,Hellboy,hellboy,,1.0,Action,Fantasy,,,
fcbarcelona,Secret Window,secret-window,,3.5,Mystery,Thriller,,,
fcbarcelona,Dawn of the Dead,dawn-of-the-dead-2004,,3.5,Action,Horror,,,
fcbarcelona,Eternal Sunshine of the Spotless Mind,eternal-sunshine-of-the-spotless-mind,,4.5,Science Fiction,Romance,Drama,,
fcbarcelona,The Girl Next Door,the-girl-next-door-2004,,3.0,Romance,Comedy,,,
fcbarcelona,50 First Dates,50-first-dates,,3.0,Comedy,Romance,,,
fcbarcelona,Before Sunset,before-sunset,,5.0,Drama,Romance,,,
fcbarcelona,Saw,saw,,3.5,Crime,Mystery,Horror,,
fcbarcelona,The Butterfly Effect,the-butterfly-effect,,3.5,Thriller,Science Fiction,,,
fcbarcelona,Garden State,garden-state,,3.0,Comedy,Drama,Romance,,
fcbarcelona,Something's Gotta Give,somethings-gotta-give,,3.5,Romance,Comedy,Drama,,
fcbarcelona,The Lord of the Rings: The Return of the King,the-lord-of-the-rings-the-return-of-the-king,,5.0,Action,Fantasy,Adventure,,
fcbarcelona,The Haunted Mansion,the-haunted-mansion,,3.5,Comedy,Mystery,Fantasy,Family,Thriller
fcbarcelona,The Matrix Revolutions,the-matrix-revolutions,,2.5,Thriller,Science Fiction,Adventure,Action,
fcbarcelona,Kill Bill: Vol. 1,kill-bill-vol-1,,4.5,Crime,Action,,,
fcbarcelona,School of Rock,school-of-rock,,3.5,Music,Family,Comedy,,
fcbarcelona,Love Actually,love-actually,,3.0,Romance,Drama,Comedy,,
fcbarcelona,Out of Time,out-of-time,,3.5,Drama,Crime,Thriller,,
fcbarcelona,Lost in Translation,lost-in-translation,,3.5,Comedy,Romance,Drama,,
fcbarcelona,Freaky Friday,freaky-friday-2003,,4.0,Comedy,Romance,Family,Fantasy,
fcbarcelona,Gigli,gigli,,0.5,Crime,Drama,Comedy,Romance,
fcbarcelona,Terminator 3: Rise of the Machines,terminator-3-rise-of-the-machines,,3.0,Science Fiction,Thriller,Action,,
fcbarcelona,Pirates of the Caribbean: The Curse of the Black Pearl,pirates-of-the-caribbean-the-curse-of-the-black-pearl,,4.5,Fantasy,Adventure,Action,,
fcbarcelona,Hulk,hulk,,3.0,Science Fiction,Adventure,Action,,
fcbarcelona,2 Fast 2 Furious,2-fast-2-furious,,3.5,Crime,Action,Thriller,,
fcbarcelona,The Texas Chainsaw Massacre,the-texas-chainsaw-massacre,,3.0,Horror,,,,
fcbarcelona,Finding Nemo,finding-nemo,,4.5,Adventure,Family,Animation,,
fcbarcelona,Evil,evil,,3.5,Drama,,,,
fcbarcelona,The Matrix Reloaded,the-matrix-reloaded,,3.0,Thriller,Science Fiction,Action,Adventure,
fcbarcelona,Memories of Murder,memories-of-murder,,5.0,Thriller,Crime,Drama,,
fcbarcelona,Identity,identity,,3.5,Mystery,Thriller,,,
fcbarcelona,Holes,holes,,4.5,Drama,Comedy,Adventure,Family,
fcbarcelona,Final Destination 2,final-destination-2,,3.0,Mystery,Horror,,,
fcbarcelona,The Lord of the Rings: The Two Towers,the-lord-of-the-rings-the-two-towers,,5.0,Action,Fantasy,Adventure,,
fcbarcelona,Catch Me If You Can,catch-me-if-you-can-2002,,5.0,Drama,Crime,,,
fcbarcelona,Maid in Manhattan,maid-in-manhattan,,3.0,Drama,Comedy,Romance,,
fcbarcelona,Harry Potter and the Chamber of Secrets,harry-potter-and-the-chamber-of-secrets,,4.5,Adventure,Fantasy,,,
fcbarcelona,28 Days Later,28-days-later,,3.5,Science Fiction,Horror,Thriller,,
fcbarcelona,8 Mile,8-mile,,3.5,Drama,Music,,,
fcbarcelona,Men in Black II,men-in-black-ii,,3.5,Science Fiction,Comedy,Action,,
fcbarcelona,Lilo & Stitch,lilo-stitch,,3.5,Comedy,Animation,Family,Science Fiction,
fcbarcelona,The Bourne Identity,the-bourne-identity-2002,,3.0,Drama,Action,Thriller,Mystery,
fcbarcelona,The Pianist,the-pianist,,5.0,War,Drama,,,
fcbarcelona,Punch-Drunk Love,punch-drunk-love,,3.5,Drama,Romance,Comedy,,
fcbarcelona,City of God,city-of-god,,5.0,Drama,Crime,,,
fcbarcelona,Star Wars: Episode II – Attack of the Clones,star-wars-episode-ii-attack-of-the-clones,,3.5,Science Fiction,Adventure,Action,,
fcbarcelona,Unfaithful,unfaithful,,3.5,Drama,Thriller,Romance,,
fcbarcelona,Spider-Man,spider-man,,5.0,Action,Science Fiction,,,
fcbarcelona,John Q,john-q,,3.5,Thriller,Drama,Crime,,
fcbarcelona,Gerry,gerry,,0.5,Drama,Mystery,Adventure,,
fcbarcelona,A Beautiful Mind,a-beautiful-mind,,4.0,Romance,Drama,,,
fcbarcelona,The Lord of the Rings: The Fellowship of the Ring,the-lord-of-the-rings-the-fellowship-of-the-ring,,5.0,Adventure,Action,Fantasy,,
fcbarcelona,Ocean's Eleven,oceans-eleven-2001,,3.5,Thriller,Crime,,,
fcbarcelona,Harry Potter and the Philosopher's Stone,harry-potter-and-the-philosophers-stone,,5.0,Adventure,Fantasy,,,
fcbarcelona,"Monsters, Inc.",monsters-inc,,4.0,Comedy,Animation,Family,,
fcbarcelona,Training Day,training-day,,4.0,Crime,Action,Drama,,
fcbarcelona,Lovely & Amazing,lovely-amazing,,1.5,Drama,Romance,Comedy,,
fcbarcelona,Rush Hour 2,rush-hour-2,,4.5,Action,Crime,Comedy,,
fcbarcelona,The Princess Diaries,the-princess-diaries,,3.5,Comedy,Romance,Family,,
fcbarcelona,The Fast and the Furious,the-fast-and-the-furious-2001,,4.0,Action,Crime,Thriller,,
fcbarcelona,Y Tu Mamá También,y-tu-mama-tambien,,4.0,Romance,Drama,,,
fcbarcelona,Pearl Harbor,pearl-harbor,,3.5,Romance,Action,War,History,
fcbarcelona,Mulholland Drive,mulholland-drive,,1.5,Drama,Mystery,Thriller,,
fcbarcelona,The Piano Teacher,the-piano-teacher,,2.5,Romance,Drama,,,
fcbarcelona,The Mummy Returns,the-mummy-returns,,4.0,Fantasy,Action,Adventure,,
fcbarcelona,Blow,blow,,3.5,Drama,Crime,,,
fcbarcelona,Sweet November,sweet-november,,0.5,Romance,Drama,,,
fcbarcelona,The Emperor's New Groove,the-emperors-new-groove,,3.5,Comedy,Adventure,Animation,Family,Fantasy
fcbarcelona,Cast Away,cast-away,,4.0,Drama,Adventure,,,
fcbarcelona,Finding Forrester,finding-forrester,,3.5,History,Drama,,,
fcbarcelona,How the Grinch Stole Christmas,how-the-grinch-stole-christmas-2000,,3.5,Comedy,Family,Fantasy,,
fcbarcelona,Malena,malena,,3.0,Drama,,,,
fcbarcelona,Remember the Titans,remember-the-titans,,4.0,Drama,,,,
fcbarcelona,What Lies Beneath,what-lies-beneath,,3.0,Drama,Mystery,Horror,Thriller,
fcbarcelona,X-Men,x-men,,3.0,Science Fiction,Action,Adventure,,
fcbarcelona,In the Mood for Love,in-the-mood-for-love,,4.0,Romance,Drama,,,
fcbarcelona,Amores Perros,amores-perros,,2.5,Thriller,Drama,,,
fcbarcelona,Dinosaur,dinosaur,,3.0,Adventure,Animation,Family,Drama,
fcbarcelona,Gladiator,gladiator-2000,,3.0,Action,Adventure,Drama,,
fcbarcelona,Final Destination,final-destination,,3.5,Horror,,,,
fcbarcelona,Scream 3,scream-3,,2.5,Horror,Mystery,,,
fcbarcelona,The Beach,the-beach,,3.0,Drama,Romance,Thriller,Adventure,
fcbarcelona,Love & Basketball,love-basketball,,3.5,Drama,Romance,Comedy,,
fcbarcelona,American Psycho,american-psycho,,4.0,Crime,Drama,Thriller,Horror,
fcbarcelona,The Cider House Rules,the-cider-house-rules,,3.5,Drama,,,,
fcbarcelona,The Talented Mr. Ripley,the-talented-mr-ripley,,4.0,Crime,Thriller,Drama,,
fcbarcelona,Toy Story 2,toy-story-2,,4.5,Comedy,Family,Animation,,
fcbarcelona,American Beauty,american-beauty,,3.0,Drama,,,,
fcbarcelona,The Sixth Sense,the-sixth-sense,,4.0,Thriller,Mystery,Horror,Drama,
fcbarcelona,The Iron Giant,the-iron-giant,,4.0,Animation,Drama,Science Fiction,Family,
fcbarcelona,The Wood,the-wood,,3.5,Romance,Drama,Comedy,,
fcbarcelona,Eyes Wide Shut,eyes-wide-shut,,4.0,Thriller,Drama,Mystery,,
fcbarcelona,Tarzan,tarzan,,4.5,Family,Animation,Adventure,,
fcbarcelona,Star Wars: Episode I – The Phantom Menace,star-wars-episode-i-the-phantom-menace,,3.0,Science Fiction,Adventure,Action,,
fcbarcelona,The Mummy,the-mummy-1999,,4.5,Action,Adventure,Fantasy,,
fcbarcelona,The Matrix,the-matrix,,5.0,Science Fiction,Action,,,
fcbarcelona,Cruel Intentions,cruel-intentions,,3.0,Romance,Drama,,,
fcbarcelona,October Sky,october-sky,,3.5,Drama,History,,,
fcbarcelona,The Blair Witch Project,the-blair-witch-project,,2.5,Mystery,Horror,,,
fcbarcelona,The Prince of Egypt,the-prince-of-egypt,,5.0,Adventure,Family,Animation,Drama,
fcbarcelona,Shakespeare in Love,shakespeare-in-love,,3.5,Comedy,Romance,History,,
fcbarcelona,Jack Frost,jack-frost,,3.0,Family,Drama,Comedy,Fantasy,
fcbarcelona,A Bug's Life,a-bugs-life,,4.0,Animation,Adventure,Comedy,Family,
fcbarcelona,Meet Joe Black,meet-joe-black,,4.0,Drama,Romance,Fantasy,,
fcbarcelona,Practical Magic,practical-magic,,2.5,Fantasy,Comedy,Romance,,
fcbarcelona,Rush Hour,rush-hour,,4.5,Crime,Action,Comedy,,
fcbarcelona,A Simple Plan,a-simple-plan,,3.5,Crime,Drama,Thriller,,
fcbarcelona,Run Lola Run,run-lola-run,,4.5,Action,Thriller,Drama,,
fcbarcelona,The Parent Trap,the-parent-trap-1998,,4.0,Family,Romance,Comedy,,
fcbarcelona,The Mask of Zorro,the-mask-of-zorro,,3.5,Action,Adventure,,,
fcbarcelona,Doctor Dolittle,doctor-dolittle-1998,,3.0,Comedy,Family,Fantasy,,
fcbarcelona,Mulan,mulan,,4.5,Family,Animation,Adventure,,
fcbarcelona,The Truman Show,the-truman-show,,4.0,Comedy,Drama,,,
fcbarcelona,He Got Game,he-got-game,,3.5,Drama,,,,
fcbarcelona,Following,following,,3.5,Drama,Thriller,,,
fcbarcelona,Wild Things,wild-things,,3.0,Thriller,Mystery,Drama,,
fcbarcelona,Kite,kite,,1.5,Action,Animation,Thriller,,
fcbarcelona,The Big Lebowski,the-big-lebowski,,2.5,Comedy,Crime,,,
fcbarcelona,Life Is Beautiful,life-is-beautiful,,5.0,Comedy,Drama,,,
fcbarcelona,Home Alone 3,home-alone-3,,3.0,Comedy,Family,,,
fcbarcelona,Scream 2,scream-2,,4.0,Horror,Mystery,,,
fcbarcelona,Jackie Brown,jackie-brown,,3.0,Crime,Thriller,Drama,,
fcbarcelona,Good Will Hunting,good-will-hunting,,5.0,Drama,,,,
fcbarcelona,Titanic,titanic-1997,,5.0,Drama,Romance,,,
fcbarcelona,I Know What You Did Last Summer,i-know-what-you-did-last-summer,,3.5,Mystery,Horror,Thriller,,
fcbarcelona,The Edge,the-edge,,3.0,Action,Adventure,Drama,,
fcbarcelona,The Game,the-game,,3.5,Drama,Thriller,Mystery,,
fcbarcelona,Perfect Blue,perfect-blue,,3.5,Thriller,Animation,Horror,,
fcbarcelona,Air Force One,air-force-one,,3.5,Action,Thriller,,,
fcbarcelona,Gattaca,gattaca,,4.0,Romance,Mystery,Thriller,Science Fiction,
fcbarcelona,Men in Black,men-in-black,,3.5,Science Fiction,Comedy,Action,Adventure,
fcbarcelona,Hercules,hercules-1997,,4.5,Animation,Adventure,Romance,Comedy,Fantasy
fcbarcelona,Batman & Robin,batman-robin,,2.0,Adventure,Science Fiction,Action,,
fcbarcelona,The Odyssey,the-odyssey,,4.0,Drama,,,,
fcbarcelona,Funny Games,funny-games,,2.5,Thriller,Horror,Drama,,
fcbarcelona,L.A. Confidential,la-confidential,,2.5,Mystery,Crime,Thriller,,
fcbarcelona,Liar Liar,liar-liar,,3.0,Comedy,,,,
fcbarcelona,Donnie Brasco,donnie-brasco,,3.5,Drama,Thriller,Crime,,
fcbarcelona,Scream,scream,,5.0,Mystery,Crime,Horror,,
fcbarcelona,101 Dalmatians,101-dalmatians,,3.5,Family,Comedy,,,
fcbarcelona,Romeo + Juliet,romeo-juliet-1996,,4.0,Romance,Drama,,,
fcbarcelona,Sleepers,sleepers,,3.5,Drama,Crime,Thriller,,
fcbarcelona,A Summer's Tale,a-summers-tale,,3.5,Comedy,Romance,Drama,,
fcbarcelona,The Craft,the-craft,,2.5,Horror,Fantasy,Drama,,
fcbarcelona,Fargo,fargo,,3.5,Crime,Comedy,Drama,Thriller,
fcbarcelona,From Dusk Till Dawn,from-dusk-till-dawn,,3.0,Thriller,Horror,Crime,Action,
fcbarcelona,Jumanji,jumanji,,3.5,Family,Adventure,Fantasy,,
fcbarcelona,Toy Story,toy-story,,4.5,Adventure,Comedy,Animation,Family,
fcbarcelona,Casino,casino,,4.0,Crime,Drama,,,
fcbarcelona,Leaving Las Vegas,leaving-las-vegas,,1.0,Drama,Romance,,,
fcbarcelona,Mortal Kombat,mortal-kombat,,3.0,Fantasy,Action,,,
fcbarcelona,Pocahontas,pocahontas,,3.5,Romance,Animation,Family,Adventure,
fcbarcelona,Batman Forever,batman-forever,,1.5,Fantasy,Action,Crime,,
fcbarcelona,La Haine,la-haine,,5.0,Drama,,,,
fcbarcelona,Casper,casper,,3.5,Family,Fantasy,Comedy,,
fcbarcelona,Braveheart,braveheart,,3.0,Action,History,Drama,War,
fcbarcelona,Friday,friday,,4.0,Drama,Comedy,,,
fcbarcelona,Bad Boys,bad-boys-1995,,3.5,Comedy,Thriller,Action,Crime,
fcbarcelona,The Usual Suspects,the-usual-suspects,,3.5,Thriller,Drama,Crime,,
fcbarcelona,Rumble in the Bronx,rumble-in-the-bronx,,3.5,Thriller,Comedy,Action,Crime,
fcbarcelona,Before Sunrise,before-sunrise,,4.5,Romance,Drama,,,
fcbarcelona,Dumb and Dumber,dumb-and-dumber,,3.0,Comedy,,,,
fcbarcelona,Interview with the Vampire,interview-with-the-vampire,,3.5,Horror,Drama,Fantasy,,
fcbarcelona,Léon: The Professional,leon-the-professional,,4.0,Crime,Action,Drama,,
fcbarcelona,The Shawshank Redemption,the-shawshank-redemption,,5.0,Crime,Drama,,,
fcbarcelona,The Mask,the-mask-1994,,3.0,Fantasy,Romance,Crime,Comedy,
fcbarcelona,It Could Happen to You,it-could-happen-to-you,,2.0,Comedy,Romance,Drama,,
fcbarcelona,Baby's Day Out,babys-day-out,,3.0,Comedy,Adventure,Family,Crime,
fcbarcelona,Forrest Gump,forrest-gump,,5.0,Drama,Romance,Comedy,,
fcbarcelona,The Lion King,the-lion-king,,5.0,Animation,Drama,Family,,
fcbarcelona,Pulp Fiction,pulp-fiction,,5.0,Comedy,Thriller,Crime,,
fcbarcelona,Shallow Grave,shallow-grave,,4.0,Thriller,Crime,,,
fcbarcelona,The Crow,the-crow,,3.0,Action,Thriller,Fantasy,,
fcbarcelona,Reality Bites,reality-bites,,3.0,Romance,Comedy,Drama,,
fcbarcelona,Schindler's List,schindlers-list,,5.0,History,Drama,War,,
fcbarcelona,The Nightmare Before Christmas,the-nightmare-before-christmas,,4.0,Family,Animation,Fantasy,,
fcbarcelona,What's Eating Gilbert Grape,whats-eating-gilbert-grape,,4.0,Romance,Drama,,,
fcbarcelona,A Bronx Tale,a-bronx-tale,,3.5,Drama,Crime,,,
fcbarcelona,The Fugitive,the-fugitive-1993,,3.0,Drama,Thriller,Action,,
fcbarcelona,Free Willy,free-willy,,3.5,Adventure,Family,Drama,,
fcbarcelona,Jurassic Park,jurassic-park,,3.5,Science Fiction,Adventure,,,
fcbarcelona,Dazed and Confused,dazed-and-confused,,3.5,Comedy,Drama,,,
fcbarcelona,Menace II Society,menace-ii-society,,3.5,Crime,Drama,Thriller,,
fcbarcelona,Indecent Proposal,indecent-proposal,,1.5,Drama,Romance,,,
fcbarcelona,The Sandlot,the-sandlot,,4.5,Family,Comedy,Drama,,
fcbarcelona,Groundhog Day,groundhog-day,,3.5,Comedy,Fantasy,Romance,,
fcbarcelona,Alive,alive,,2.0,History,Adventure,Drama,,
fcbarcelona,Scent of a Woman,scent-of-a-woman,,4.5,Drama,,,,
fcbarcelona,The Bodyguard,the-bodyguard-1992,,3.0,Drama,Action,Romance,,
fcbarcelona,Home Alone 2: Lost in New York,home-alone-2-lost-in-new-york,,4.5,Family,Comedy,Adventure,,
fcbarcelona,Bram Stoker's Dracula,bram-stokers-dracula,,4.0,Horror,Romance,,,
fcbarcelona,Aladdin,aladdin,,4.5,Fantasy,Adventure,Romance,Family,Animation
fcbarcelona,Batman Returns,batman-returns,,3.5,Fantasy,Action,,,
fcbarcelona,Basic Instinct,basic-instinct,,3.5,Thriller,Mystery,,,
fcbarcelona,My Cousin Vinny,my-cousin-vinny,,4.0,Drama,Comedy,,,
fcbarcelona,Reservoir Dogs,reservoir-dogs,,3.0,Crime,Thriller,,,
fcbarcelona,Cape Fear,cape-fear-1991,,3.5,Drama,Thriller,Crime,,
fcbarcelona,Raise the Red Lantern,raise-the-red-lantern,,4.0,Drama,,,,
fcbarcelona,Terminator 2: Judgment Day,terminator-2-judgment-day,,5.0,Thriller,Action,Science Fiction,,
fcbarcelona,Boyz n the Hood,boyz-n-the-hood,,3.5,Drama,Crime,,,
fcbarcelona,Hook,hook,,3.5,Comedy,Adventure,Fantasy,Family,
fcbarcelona,The Silence of the Lambs,the-silence-of-the-lambs,,5.0,Crime,Thriller,Horror,Drama,
fcbarcelona,The Godfather Part III,the-godfather-part-iii,,3.5,Drama,Thriller,Crime,,
fcbarcelona,Edward Scissorhands,edward-scissorhands,,5.0,Fantasy,Drama,Romance,,
fcbarcelona,Home Alone,home-alone,,5.0,Family,Comedy,,,
fcbarcelona,GoodFellas,goodfellas,,5.0,Crime,Drama,,,
fcbarcelona,Ghost,ghost,,3.0,Fantasy,Romance,Thriller,,
fcbarcelona,Back to the Future Part III,back-to-the-future-part-iii,,4.0,Comedy,Adventure,Science Fiction,,
fcbarcelona,Pretty Woman,pretty-woman,,3.5,Comedy,Romance,,,
fcbarcelona,Back to the Future Part II,back-to-the-future-part-ii,,4.5,Science Fiction,Comedy,Adventure,,
fcbarcelona,When Harry Met Sally...,when-harry-met-sally,,4.5,Drama,Romance,Comedy,,
fcbarcelona,Batman,batman-1989,,3.5,Fantasy,Action,Crime,,
fcbarcelona,Dead Poets Society,dead-poets-society,,3.5,Drama,,,,
fcbarcelona,Indiana Jones and the Last Crusade,indiana-jones-and-the-last-crusade,,3.5,Adventure,Action,,,
fcbarcelona,Midnight Run,midnight-run,,3.0,Thriller,Crime,Comedy,,
fcbarcelona,Coming to America,coming-to-america,,4.0,Romance,Comedy,,,
fcbarcelona,Beetlejuice,beetlejuice,,3.5,Fantasy,Comedy,,,
fcbarcelona,The Princess Bride,the-princess-bride,,3.5,Adventure,Fantasy,Comedy,Family,Romance
fcbarcelona,The Pick-up Artist,the-pick-up-artist,,2.0,Romance,Crime,Comedy,,
fcbarcelona,Predator,predator,,4.0,Thriller,Adventure,Science Fiction,Action,
fcbarcelona,The Secret of My Success,the-secret-of-my-success,,1.5,Comedy,,,,
fcbarcelona,Stand by Me,stand-by-me,,4.5,Drama,Crime,,,
fcbarcelona,Ferris Bueller's Day Off,ferris-buellers-day-off,,3.5,Comedy,,,,
fcbarcelona,Top Gun,top-gun,,3.0,Action,Romance,Drama,,
fcbarcelona,After Hours,after-hours,,3.5,Thriller,Comedy,Drama,,
fcbarcelona,Fright Night,fright-night,,3.0,Comedy,Horror,,,
fcbarcelona,Weird Science,weird-science,,1.5,Romance,Fantasy,Comedy,Science Fiction,
fcbarcelona,Back to the Future,back-to-the-future,,5.0,Adventure,Comedy,Science Fiction,,
fcbarcelona,The Breakfast Club,the-breakfast-club,,4.0,Drama,Comedy,,,
fcbarcelona,A Nightmare on Elm Street,a-nightmare-on-elm-street,,3.5,Horror,,,,
fcbarcelona,The Terminator,the-terminator,,4.5,Action,Thriller,Science Fiction,,
fcbarcelona,Body Double,body-double,,3.5,Crime,Thriller,Mystery,,
fcbarcelona,The Karate Kid,the-karate-kid,,4.0,Action,Drama,Family,,
fcbarcelona,Gremlins,gremlins,,4.0,Fantasy,Comedy,Horror,,
fcbarcelona,Indiana Jones and the Temple of Doom,indiana-jones-and-the-temple-of-doom,,3.0,Adventure,Action,,,
fcbarcelona,Sixteen Candles,sixteen-candles,,1.0,Romance,Comedy,,,
fcbarcelona,Scarface,scarface-1983,,4.5,Drama,Action,Crime,,
fcbarcelona,A Christmas Story,a-christmas-story-1983,,3.5,Family,Comedy,,,
fcbarcelona,Psycho II,psycho-ii,,3.0,Thriller,Crime,Mystery,Horror,
fcbarcelona,Return of the Jedi,return-of-the-jedi,,5.0,Science Fiction,Adventure,Action,,
fcbarcelona,The Outsiders,the-outsiders,,2.5,Drama,Crime,,,
fcbarcelona,The Thing,the-thing,,4.0,Mystery,Science Fiction,Horror,,
fcbarcelona,E.T. the Extra-Terrestrial,et-the-extra-terrestrial,,4.5,Science Fiction,Family,Fantasy,Adventure,
fcbarcelona,Raiders of the Lost Ark,raiders-of-the-lost-ark,,4.0,Adventure,Action,,,
fcbarcelona,Possession,possession,,3.5,Horror,,,,
fcbarcelona,Raging Bull,raging-bull,,4.0,History,Drama,,,
fcbarcelona,The Shining,the-shining,,4.0,Horror,Thriller,,,
fcbarcelona,The Empire Strikes Back,the-empire-strikes-back,,4.5,Science Fiction,Adventure,Action,,
fcbarcelona,Alien,alien,,5.0,Horror,Science Fiction,,,
fcbarcelona,Halloween,halloween-1978,,3.5,Thriller,Horror,,,
fcbarcelona,The Goodbye Girl,the-goodbye-girl,,3.5,Romance,Drama,Comedy,,
fcbarcelona,Star Wars,star-wars,,4.5,Adventure,Science Fiction,Action,,
fcbarcelona,Suspiria,suspiria,,3.0,Horror,,,,
fcbarcelona,Carrie,carrie-1976,,4.5,Horror,Thriller,,,
fcbarcelona,The Omen,the-omen,,4.0,Thriller,Horror,,,
fcbarcelona,Taxi Driver,taxi-driver,,5.0,Crime,Drama,,,
fcbarcelona,One Flew Over the Cuckoo's Nest,one-flew-over-the-cuckoos-nest,,4.0,Drama,,,,
fcbarcelona,Dog Day Afternoon,dog-day-afternoon,,3.5,Thriller,Crime,Drama,,
fcbarcelona,Jaws,jaws,,4.0,Adventure,Thriller,Horror,,
fcbarcelona,The Godfather Part II,the-godfather-part-ii,,5.0,Drama,Crime,,,
fcbarcelona,Chinatown,chinatown,,2.5,Thriller,Mystery,Crime,Drama,
fcbarcelona,The Godfather,the-godfather,,5.0,Crime,Drama,,,
fcbarcelona,The Swimming Pool,the-swimming-pool,,3.0,Drama,Thriller,,,
fcbarcelona,Rosemary's Baby,rosemarys-baby,,4.5,Horror,Thriller,Drama,,
fcbarcelona,The Graduate,the-graduate,,4.5,Drama,Comedy,Romance,,
fcbarcelona,Wait Until Dark,wait-until-dark,,3.5,Horror,Thriller,,,
fcbarcelona,Le Samouraï,le-samourai,,2.5,Drama,Thriller,Crime,,
fcbarcelona,Persona,persona,,4.5,Drama,,,,
fcbarcelona,Thunderball,thunderball,,2.0,Action,Thriller,Adventure,,
fcbarcelona,Goldfinger,goldfinger,,2.5,Action,Adventure,Thriller,,
fcbarcelona,From Russia with Love,from-russia-with-love,,2.5,Action,Adventure,Thriller,,
fcbarcelona,To Kill a Mockingbird,to-kill-a-mockingbird,,3.5,Drama,,,,
fcbarcelona,Dr. No,dr-no,,4.0,Action,Thriller,Adventure,,
fcbarcelona,Lolita,lolita,,3.0,Comedy,Drama,,,
fcbarcelona,Psycho,psycho,,5.0,Mystery,Thriller,Horror,,
fcbarcelona,The Apartment,the-apartment,,3.5,Drama,Romance,Comedy,,
fcbarcelona,Some Like It Hot,some-like-it-hot,,5.0,Romance,Crime,Comedy,,
fcbarcelona,Vertigo,vertigo,,4.0,Thriller,Romance,Mystery,,
fcbarcelona,12 Angry Men,12-angry-men,,5.0,Drama,,,,
fcbarcelona,The Man Who Knew Too Much,the-man-who-knew-too-much-1956,,2.5,Mystery,Thriller,Drama,,
fcbarcelona,Lady and the Tramp,lady-and-the-tramp,,3.5,Romance,Animation,Adventure,Family,Comedy
fcbarcelona,Rear Window,rear-window,,4.5,Thriller,Mystery,Drama,,
fcbarcelona,Strangers on a Train,strangers-on-a-train,,4.0,Thriller,Crime,Drama,,
fcbarcelona,Citizen Kane,citizen-kane,,4.0,Drama,Mystery,,,
fcbarcelona,City Lights,city-lights,,4.5,Drama,Comedy,Romance,,
